Hour,Access,Alcohol,Align,Day,Hit,Light,Collision,Interection,Weather,ADT,Num Lanes,Pav Width,Dr Age,Dr Cond.,Dr Distract,Dr Gender,Num Occ,Veh Year,Violations,Ped Age,Ped Cond.,Ped Inj.,Ped Gender
12PM-6PM,No Control,FALSE,Straight-Level,Weekday,FALSE,Daylight,Single Vehicle,FALSE,Clear,Over 10000,Four,Very Wide,15-24,Normal,Unk,Male,One,2001-2010,No Violations,15-24,Inattentive/Distracted,Moderate,Male
6PM-12AM,No Control,TRUE,Straight-Level,Weekend,FALSE,Dark - Street Light,Single Vehicle,FALSE,Clear,Unk,No Info.,Unk,65-74,Impaired,Unk,Male,One,1990 and Before,Unk,65-74,Impaired,Moderate,Male
6AM-12PM,No Control,FALSE,Straight-Level,Weekday,FALSE,Daylight,Unk,FALSE,Clear,Unk,No Info.,Unk,35-44,Normal,Unk,Male,One,2001-2010,No Violations,65-74,Inattentive/Distracted,Complaint,Male
12PM-6PM,No Control,FALSE,Straight-Level,Weekend,FALSE,Daylight,Single Vehicle,FALSE,Clear,Unk,No Info.,Unk,45-54,Other,Unk,Male,One,1991-2000,Improper Backing,Unk,Impaired,Moderate,Male
12PM-6PM,No Control,FALSE,Straight-Level,Weekend,TRUE,Daylight,Single Vehicle,FALSE,Clear,Unk,No Info.,Unk,Unk,Other,Unk,Unk,One,1990 and Before,Improper Backing,15-24,Impaired,Complaint,Male
12PM-6PM,No Control,FALSE,Straight-Level,Weekday,TRUE,Daylight,Unk,FALSE,Unk,Unk,No Info.,Unk,Unk,Other,Unk,Female,One,Unk ,Improper Backing,15-24,Impaired,Moderate,Female
12PM-6PM,No Control,FALSE,Straight-Level,Weekend,FALSE,Daylight,Unk,FALSE,Clear,Over 10000,Six,Very Wide,35-44,Normal,Unk,Male,Two,1991-2000,No Violations,55-64,Normal,Complaint,Male
6PM-12AM,No Control,FALSE,Straight-Level,Weekday,FALSE,Dark - Street Light,Single Vehicle,TRUE,Abnormal,Unk,No Info.,Unk,45-54,Normal,Unk,Female,Two,2001-2010,No Violations,55-64,Normal,Complaint,Female
6PM-12AM,No Control,FALSE,Straight-Level,Weekday,FALSE,Dark - Street Light,Single Vehicle,TRUE,Abnormal,Unk,No Info.,Unk,45-54,Normal,Unk,Female,Two,2001-2010,No Violations,45-54,Normal,No Injury,Female
6PM-12AM,No Control,FALSE,Straight-Level,Weekday,FALSE,Dark - Street Light,Single Vehicle,FALSE,Clear,Unk,No Info.,Unk,15-24,Normal,Unk,Male,Two,1991-2000,No Violations,Unk,Normal,Complaint,Male
12PM-6PM,No Control,FALSE,Straight-Level,Weekend,TRUE,Daylight,Sideswipe,TRUE,Clear,Unk,No Info.,Unk,15-24,Normal,Unk,Female,One,1991-2000,No Violations,Unk,Impaired,Complaint,Female
6PM-12AM,Partial Control,FALSE,Straight-Level,Weekday,TRUE,Dark - Street Light,Unk,TRUE,Clear,Unk,No Info.,Unk,Unk,Other,Unk,Male,One,Unk ,Failure To Yield,35-44,Normal,Moderate,Male
12PM-6PM,Partial Control,FALSE,Straight-Level,Weekday,FALSE,Daylight,Single Vehicle,TRUE,Clear,Unk,No Info.,Unk,75-Inf,Normal,Unk,Female,One,1990 and Before,No Violations,15-24,Normal,Complaint,Female
12PM-6PM,Partial Control,TRUE,Straight-Level,Weekday,FALSE,Daylight,Unk,FALSE,Abnormal,Over 10000,Four,Very Wide,75-Inf,Normal,Unk,Female,One,1991-2000,No Violations,45-54,Impaired,Complaint,Male
6PM-12AM,Partial Control,TRUE,Straight-Level,Weekday,FALSE,Dark - Street Light,Unk,FALSE,Abnormal,Over 10000,Four,Very Wide,55-64,Normal,Unk,Male,One,2001-2010,No Violations,35-44,Inattentive/Distracted,Severe,Male
6PM-12AM,No Control,FALSE,Straight-Level,Weekday,TRUE,Dark - Street Light,Unk,FALSE,Clear,Unk,No Info.,Unk,Unk,Other,Unk,Unk,One,Unk ,Improper Backing,15-24,Normal,Complaint,Male
6PM-12AM,Unk,FALSE,Straight-Level,Weekend,TRUE,Daylight,Unk,FALSE,Clear,Unk,No Info.,Unk,Unk,Other,Unk,Unk,One,Unk ,Improper Backing,Unk,Normal,Complaint,Male
6PM-12AM,Full Control,FALSE,Straight-Level,Weekend,FALSE,Dark - Street Light,Right Angle,FALSE,Clear,Unk,No Info.,Unk,55-64,Normal,Unk,Female,One,1991-2000,No Violations,Unk,Normal,Moderate,Male
12PM-6PM,Full Control,FALSE,Straight-Level,Weekend,FALSE,Dark - Street Light,Single Vehicle,FALSE,Clear,Unk,No Info.,Unk,45-54,Normal,Unk,Male,Three,1991-2000,Careless Operation,45-54,Normal,Moderate,Female
12PM-6PM,Full Control,FALSE,Straight-Level,Weekend,FALSE,Dark - Street Light,Single Vehicle,FALSE,Clear,Unk,No Info.,Unk,45-54,Normal,Unk,Male,Three,1991-2000,Careless Operation,15-24,Normal,Moderate,Female
12PM-6PM,Full Control,FALSE,Straight-Level,Weekend,FALSE,Dark - Street Light,Single Vehicle,FALSE,Clear,Unk,No Info.,Unk,45-54,Normal,Unk,Male,Three,1991-2000,Careless Operation,15-24,Normal,Moderate,Female
6PM-12AM,No Control,FALSE,Straight-Level,Weekend,FALSE,Dark - Street Light,Unk,FALSE,Clear,Unk,No Info.,Unk,25-34,Normal,Unk,Female,Two,1991-2000,No Violations,Unk,Normal,Complaint,Male
6AM-12PM,No Control,FALSE,Straight-Level,Weekend,FALSE,Daylight,Unk,TRUE,Clear,Unk,No Info.,Unk,55-64,Normal,Unk,Male,One,1991-2000,No Violations,45-54,Normal,No Injury,Male
6PM-12AM,No Control,FALSE,Straight-Level,Weekday,FALSE,Daylight,Unk,TRUE,Clear,Unk,No Info.,Unk,35-44,Normal,Unk,Male,One,1991-2000,Careless Operation,15-24,Normal,Complaint,Female
6AM-12PM,No Control,FALSE,Straight-Level,Weekday,FALSE,Daylight,Unk,TRUE,Clear,Unk,No Info.,Unk,45-54,Normal,Unk,Female,One,2001-2010,No Violations,75-Inf,Normal,Moderate,Male
12AM-6AM,No Control,FALSE,Straight-Level,Weekend,TRUE,Dark - Street Light,Unk,TRUE,Clear,Over 10000,Four,Very Wide,Unk,Other,Unk,Unk,One,1991-2000,Disregarded Traffic Control,55-64,Normal,Moderate,Male
6PM-12AM,No Control,FALSE,Straight-Level,Weekday,FALSE,Daylight,Unk,FALSE,Clear,Unk,No Info.,Unk,25-34,Normal,Unk,Male,One,2001-2010,No Violations,Unk,Normal,Complaint,Female
12AM-6AM,Unk,FALSE,Straight-Level,Weekend,TRUE,Dark - Street Light,Single Vehicle,TRUE,Clear,Unk,No Info.,Unk,25-34,Other,Unk,Male,One,1991-2000,Unk,55-64,Unk,Complaint,Female
6PM-12AM,No Control,FALSE,Straight-Level,Weekday,TRUE,Daylight,Single Vehicle,TRUE,Clear,Unk,No Info.,Unk,Unk,Other,Unk,Unk,One,Unk ,Unk,35-44,Normal,Complaint,Female
12PM-6PM,No Control,FALSE,Straight-Level,Weekend,FALSE,Daylight,Unk,TRUE,Abnormal,Unk,No Info.,Unk,45-54,Normal,Unk,Female,One,1991-2000,Careless Operation,25-34,Normal,Moderate,Male
6PM-12AM,No Control,TRUE,Straight-Level,Weekday,FALSE,Daylight,Unk,TRUE,Clear,Unk,No Info.,Unk,25-34,Normal,Unk,Female,One,1991-2000,No Violations,55-64,Impaired,Complaint,Female
12PM-6PM,No Control,FALSE,Straight-Level,Weekend,FALSE,Daylight,Unk,TRUE,Abnormal,Unk,No Info.,Unk,35-44,Normal,Unk,Female,One,2001-2010,Failure To Yield,35-44,Normal,No Injury,Female
6AM-12PM,No Control,FALSE,Straight-Level,Weekday,FALSE,Daylight,Single Vehicle,TRUE,Clear,Over 10000,Four,Very Wide,55-64,Normal,Unk,Male,One,1991-2000,No Violations,65-74,Impaired,Moderate,Female
12PM-6PM,No Control,FALSE,Straight-Level,Weekday,TRUE,Daylight,Unk,FALSE,Abnormal,Unk,No Info.,Unk,Unk,Other,Unk,Unk,One,Unk ,Unk,65-74,Normal,Moderate,Male
6AM-12PM,Full Control,FALSE,Straight-Level,Weekend,FALSE,Daylight,Right Angle,FALSE,Clear,Unk,No Info.,Unk,35-44,Normal,Unk,Female,One,1991-2000,No Violations,Unk,Normal,Moderate,Male
12PM-6PM,No Control,FALSE,Straight-Level,Weekend,FALSE,Daylight,Right Angle,FALSE,Abnormal,Unk,No Info.,Unk,35-44,Normal,Unk,Unk,One,1991-2000,No Violations,15-24,Inattentive/Distracted,Moderate,Male
12PM-6PM,No Control,FALSE,Straight-Level,Weekday,FALSE,Daylight,Single Vehicle,TRUE,Abnormal,Over 10000,Four,Very Wide,25-34,Normal,Unk,Female,One,1991-2000,No Violations,Unk,Normal,Complaint,Female
12PM-6PM,No Control,FALSE,Straight-Level,Weekday,FALSE,Daylight,Single Vehicle,TRUE,Abnormal,Over 10000,Four,Very Wide,25-34,Normal,Unk,Female,One,1991-2000,No Violations,Unk,Inattentive/Distracted,Complaint,Female
12PM-6PM,No Control,FALSE,Straight-Level,Weekend,FALSE,Daylight,Unk,FALSE,Clear,Unk,No Info.,Unk,55-64,Normal,Unk,Male,One,1990 and Before,No Violations,Unk,Normal,No Injury,Male
6PM-12AM,No Control,FALSE,Straight-Level,Weekday,TRUE,Dark - Street Light,Unk,FALSE,Abnormal,Unk,No Info.,Unk,Unk,Other,Unk,Unk,One,Unk ,Unk,Unk,Normal,Complaint,Male
6PM-12AM,No Control,FALSE,Straight-Level,Weekday,TRUE,Dark - Street Light,Unk,FALSE,Abnormal,Unk,No Info.,Unk,Unk,Other,Unk,Unk,One,Unk ,Unk,Unk,Normal,Complaint,Female
6AM-12PM,No Control,FALSE,Straight-Level,Weekend,FALSE,Daylight,Unk,FALSE,Clear,Unk,No Info.,Unk,35-44,Normal,Unk,Unk,One,1991-2000,Unk,25-34,Normal,Complaint,Female
6PM-12AM,No Control,FALSE,Straight-Level,Weekday,FALSE,Daylight,Unk,TRUE,Abnormal,Over 10000,Six,Very Wide,25-34,Normal,Unk,Male,Two,1991-2000,No Violations,35-44,Normal,Complaint,Female
6PM-12AM,No Control,FALSE,Straight-Level,Weekday,FALSE,Daylight,Unk,TRUE,Abnormal,Over 10000,Six,Very Wide,25-34,Normal,Unk,Male,Two,1991-2000,No Violations,Unk,Inattentive/Distracted,Moderate,Male
6PM-12AM,No Control,FALSE,Straight-Level,Weekend,TRUE,Dark - Street Light,Single Vehicle,FALSE,Clear,Unk,No Info.,Unk,Unk,Other,Unk,Unk,One,2001-2010,Unk,25-34,Normal,Complaint,Male
12PM-6PM,No Control,FALSE,Straight-Level,Weekend,TRUE,Daylight,Rear End,TRUE,Clear,Unk,No Info.,Unk,15-24,Normal,Unk,Female,One,2001-2010,Following Too Closely,45-54,Normal,Moderate,Female
12PM-6PM,Partial Control,FALSE,Straight-Level,Weekday,FALSE,Daylight,Unk,FALSE,Abnormal,Unk,No Info.,Unk,55-64,Normal,Unk,Female,One,1991-2000,No Violations,Unk,Normal,Complaint,Female
6PM-12AM,Partial Control,FALSE,Straight-Level,Weekday,TRUE,"Dusk, Dawn",Sideswipe,FALSE,Abnormal,Unk,No Info.,Unk,Unk,Other,Unk,Male,One,Unk ,Improper Backing,15-24,Normal,Moderate,Male
12PM-6PM,No Control,FALSE,Straight-Level,Weekday,FALSE,Daylight,Unk,TRUE,Abnormal,Unk,No Info.,Unk,35-44,Normal,Unk,Male,One,2001-2010,No Violations,Unk,Normal,Complaint,Female
12PM-6PM,Partial Control,FALSE,Straight-Level,Weekday,FALSE,Daylight,Single Vehicle,TRUE,Clear,Unk,No Info.,Unk,75-Inf,Normal,Unk,Female,One,1990 and Before,No Violations,15-24,Normal,Complaint,Female
12PM-6PM,No Control,FALSE,Straight-Level,Weekday,FALSE,Daylight,Single Vehicle,FALSE,Clear,Unk,No Info.,Unk,25-34,Normal,Unk,Male,Two,1990 and Before,No Violations,Unk,Inattentive/Distracted,Moderate,Male
6PM-12AM,Full Control,FALSE,Curve-Level,Weekday,FALSE,Dark - Street Light,Sideswipe,FALSE,Abnormal,Over 10000,Six,Very Wide,35-44,Inattentive/Distracted,Unk,Male,One,1990 and Before,Careless Operation,15-24,Normal,No Injury,Male
6AM-12PM,Full Control,FALSE,On Grade,Weekend,FALSE,Dark - Street Light,Right Angle,FALSE,Abnormal,Over 10000,Four,Very Wide,35-44,Normal,Unk,Male,Two,1991-2000,Unk,35-44,Normal,No Injury,Male
12PM-6PM,No Control,FALSE,Straight-Level,Weekday,FALSE,Daylight,Single Vehicle,TRUE,Clear,Unk,No Info.,Unk,25-34,Normal,Unk,Female,One,1991-2000,No Violations,Unk,Inattentive/Distracted,No Injury,Male
12PM-6PM,No Control,FALSE,Straight-Level,Weekend,FALSE,Daylight,Left Turn,FALSE,Abnormal,Unk,No Info.,Unk,55-64,Normal,Unk,Male,One,2001-2010,No Violations,45-54,Normal,No Injury,Male
12PM-6PM,No Control,FALSE,Straight-Level,Weekday,FALSE,Daylight,Head-On,TRUE,Clear,Over 10000,Four,Very Wide,25-34,Normal,Unk,Female,One,1991-2000,No Violations,25-34,Inattentive/Distracted,No Injury,Male
12PM-6PM,No Control,FALSE,Straight-Level,Weekday,FALSE,Daylight,Unk,TRUE,Abnormal,Unk,No Info.,Unk,55-64,Normal,Unk,Female,One,1991-2000,No Violations,Unk,Normal,Severe,Male
12PM-6PM,No Control,FALSE,Straight-Level,Weekday,TRUE,Daylight,Unk,FALSE,Abnormal,Over 10000,Four,Very Wide,Unk,Other,Unk,Unk,One,Unk ,Improper Backing,35-44,Normal,Complaint,Male
12PM-6PM,No Control,FALSE,Straight-Level,Weekday,FALSE,Daylight,Unk,FALSE,Clear,Unk,No Info.,Unk,25-34,Inattentive/Distracted,Unk,Female,One,2001-2010,Failure To Yield,55-64,Normal,Moderate,Male
12AM-6AM,No Control,TRUE,Straight-Level,Weekend,FALSE,Dark - No Street Lights,Single Vehicle,FALSE,Clear,Unk,No Info.,Unk,35-44,Impaired,Unk,Male,One,Unk ,Driver Condition,Unk,Unk,No Injury,Unk
12PM-6PM,No Control,FALSE,Straight-Level,Weekday,FALSE,Daylight,Unk,FALSE,Clear,Unk,No Info.,Unk,45-54,Other,Unk,Male,One,Unk ,Improper Backing,15-24,Inattentive/Distracted,Complaint,Male
12PM-6PM,No Control,TRUE,Straight-Level,Weekday,FALSE,Daylight,Right Angle,TRUE,Abnormal,Unk,No Info.,Unk,55-64,Normal,Unk,Male,Two,1990 and Before,Unk,45-54,Normal,No Injury,Male
6AM-12PM,No Control,FALSE,Straight-Level,Weekday,FALSE,Daylight,Unk,TRUE,Abnormal,Unk,No Info.,Unk,25-34,Normal,Unk,Female,One,1991-2000,No Violations,Unk,Normal,Moderate,Female
12PM-6PM,No Control,FALSE,Straight-Level,Weekday,FALSE,Daylight,Unk,TRUE,Abnormal,Unk,No Info.,Unk,75-Inf,Normal,Unk,Female,One,2001-2010,No Violations,25-34,Impaired,Moderate,Female
12PM-6PM,Unk,FALSE,Straight-Level,Weekday,TRUE,Daylight,Right Turn,TRUE,Abnormal,Unk,No Info.,Unk,Unk,Other,Unk,Unk,One,Unk ,Improper Backing,15-24,Normal,Complaint,Female
6PM-12AM,Unk,FALSE,Unk,Weekday,TRUE,Dark - Street Light,Single Vehicle,FALSE,Clear,Unk,No Info.,Unk,Unk,Other,Unk,Unk,One,Unk ,Improper Backing,45-54,Impaired,Severe,Male
6PM-12AM,No Control,FALSE,Straight-Level,Weekday,TRUE,Dark - Street Light,Single Vehicle,TRUE,Abnormal,Unk,No Info.,Unk,Unk,Other,Unk,Unk,One,Unk ,Unk,45-54,Normal,Moderate,Male
6PM-12AM,No Control,FALSE,Straight-Level,Weekday,FALSE,Dark - No Street Lights,Single Vehicle,FALSE,Abnormal,Over 10000,Two,Wide,15-24,Inattentive/Distracted,Unk,Male,One,1991-2000,No Violations,35-44,Impaired,Fatal,Male
6PM-12AM,No Control,FALSE,Curve-Level,Weekday,FALSE,Daylight,Unk,TRUE,Clear,Unk,No Info.,Unk,35-44,Inattentive/Distracted,Unk,Male,One,1991-2000,Unk,Unk,Normal,Severe,Male
6AM-12PM,No Control,FALSE,Straight-Level,Weekend,FALSE,Daylight,Unk,TRUE,Clear,Over 10000,Four,Very Wide,35-44,Normal,Unk,Female,One,1991-2000,No Violations,15-24,Inattentive/Distracted,Moderate,Female
12PM-6PM,No Control,FALSE,Straight-Level,Weekend,TRUE,Daylight,Unk,FALSE,Abnormal,Unk,No Info.,Unk,Unk,Other,Unk,Unk,One,Unk ,Improper Backing,Unk,Unk,No Injury,Male
12PM-6PM,No Control,FALSE,Curve-Level,Weekend,FALSE,Daylight,Unk,TRUE,Clear,Unk,No Info.,Unk,15-24,Inattentive/Distracted,Unk,Female,Two,2001-2010,Disregarded Traffic Control,Unk,Inattentive/Distracted,Complaint,Male
12PM-6PM,No Control,FALSE,Straight-Level,Weekend,FALSE,Daylight,Unk,FALSE,Clear,Unk,No Info.,Unk,15-24,Normal,Unk,Male,One,2001-2010,No Violations,Unk,Inattentive/Distracted,Moderate,Male
6AM-12PM,No Control,TRUE,Straight-Level,Weekend,TRUE,Daylight,Single Vehicle,TRUE,Clear,Unk,No Info.,Unk,15-24,Impaired,Unk,Male,One,1991-2000,Driver Condition,55-64,Normal,Moderate,Male
6PM-12AM,Partial Control,FALSE,Straight-Level,Weekday,FALSE,Dark - Street Light,Rear End,TRUE,Clear,Unk,No Info.,Unk,15-24,Normal,Unk,Male,One,1991-2000,Careless Operation,45-54,Unk,Complaint,Male
6PM-12AM,No Control,FALSE,Straight-Level,Weekday,FALSE,Daylight,Single Vehicle,FALSE,Clear,Unk,No Info.,Unk,25-34,Normal,Unk,Female,One,1990 and Before,No Violations,Unk,Inattentive/Distracted,Complaint,Male
6PM-12AM,No Control,FALSE,Straight-Level,Weekend,FALSE,Dark - Street Light,Head-On,TRUE,Clear,Unk,No Info.,Unk,Unk,Inattentive/Distracted,Unk,Male,Two,2001-2010,Careless Operation,15-24,Normal,Severe,Male
12PM-6PM,No Control,FALSE,Straight-Level,Weekday,TRUE,Daylight,Unk,FALSE,Clear,Unk,No Info.,Unk,45-54,Normal,Unk,Male,One,1990 and Before,Unk,Unk,Unk,Moderate,Male
12PM-6PM,No Control,FALSE,Straight-Level,Weekend,FALSE,Daylight,Unk,FALSE,Clear,Unk,No Info.,Unk,35-44,Normal,Unk,Male,One,2001-2010,No Violations,35-44,Unk,Complaint,Male
12AM-6AM,No Control,TRUE,Straight-Level,Weekend,FALSE,Dark - Street Light,Single Vehicle,FALSE,Clear,Unk,No Info.,Unk,15-24,Impaired,Unk,Female,Two,2001-2010,No Violations,15-24,Inattentive/Distracted,Moderate,Male
12PM-6PM,Unk,FALSE,Unk,Weekday,FALSE,Unk,Unk,FALSE,Unk,2001-5000,Two,Wide,75-Inf,Other,Unk,Male,One,1991-2000,No Violations,Unk,Impaired,Moderate,Male
6PM-12AM,No Control,FALSE,Straight-Level,Weekend,FALSE,Daylight,Unk,TRUE,Clear,Unk,No Info.,Unk,15-24,Normal,Unk,Male,One,Unk ,No Violations,15-24,Unk,No Injury,Male
12PM-6PM,No Control,FALSE,Straight-Level,Weekend,FALSE,Daylight,Sideswipe,FALSE,Abnormal,Over 10000,Four,Very Wide,35-44,Inattentive/Distracted,Unk,Female,One,Unk ,No Violations,15-24,Normal,No Injury,Male
12PM-6PM,No Control,FALSE,Straight-Level,Weekend,FALSE,Daylight,Unk,FALSE,Clear,Unk,No Info.,Unk,65-74,Inattentive/Distracted,Unk,Male,Two,1991-2000,Driver Condition,15-24,Normal,Complaint,Male
12PM-6PM,No Control,FALSE,Straight-Level,Weekday,FALSE,Daylight,Unk,TRUE,Clear,Unk,No Info.,Unk,25-34,Normal,Unk,Male,One,1991-2000,No Violations,45-54,Impaired,Complaint,Male
6PM-12AM,No Control,FALSE,Straight-Level,Weekday,FALSE,Dark - Street Light,Single Vehicle,FALSE,Clear,Unk,No Info.,Unk,25-34,Normal,Unk,Male,One,2001-2010,No Violations,15-24,Inattentive/Distracted,Moderate,Male
6PM-12AM,No Control,FALSE,Straight-Level,Weekday,FALSE,Dark - No Street Lights,Unk,FALSE,Abnormal,2001-5000,Two,Narrow,15-24,Normal,Unk,Male,Two,1991-2000,No Violations,25-34,Normal,Severe,Female
12PM-6PM,No Control,FALSE,Straight-Level,Weekend,FALSE,Daylight,Single Vehicle,FALSE,Clear,5001-10000,Four,Very Wide,25-34,Normal,Unk,Male,One,2001-2010,No Violations,15-24,Inattentive/Distracted,Severe,Female
6PM-12AM,No Control,FALSE,Straight-Level,Weekend,FALSE,Dark - Street Light,Single Vehicle,TRUE,Abnormal,Over 10000,Six,Very Wide,45-54,Normal,Unk,Female,One,2001-2010,No Violations,15-24,Inattentive/Distracted,Complaint,Male
6PM-12AM,No Control,FALSE,Straight-Level,Weekday,FALSE,"Dusk, Dawn",Unk,FALSE,Clear,Unk,No Info.,Unk,75-Inf,Inattentive/Distracted,Unk,Female,One,1991-2000,No Violations,35-44,Inattentive/Distracted,Complaint,Male
12PM-6PM,No Control,FALSE,Straight-Level,Weekday,TRUE,"Dusk, Dawn",Unk,FALSE,Clear,Unk,No Info.,Unk,Unk,Other,Unk,Unk,One,Unk ,Unk,Unk,Normal,Moderate,Male
6PM-12AM,No Control,FALSE,Straight-Level,Weekend,TRUE,Dark - Street Light,Unk,TRUE,Abnormal,Unk,No Info.,Unk,Unk,Other,Unk,Unk,One,Unk ,Improper Backing,25-34,Impaired,Complaint,Male
12PM-6PM,No Control,FALSE,Straight-Level,Weekend,TRUE,Daylight,Unk,TRUE,Abnormal,Over 10000,Four,Very Wide,Unk,Other,Unk,Unk,One,1991-2000,Improper Backing,55-64,Normal,Complaint,Female
6AM-12PM,No Control,FALSE,Straight-Level,Weekend,FALSE,Daylight,Unk,FALSE,Clear,Over 10000,Four,Very Wide,15-24,Normal,Unk,Female,One,1991-2000,No Violations,25-34,Impaired,Complaint,Male
6PM-12AM,No Control,FALSE,Straight-Level,Weekend,TRUE,Daylight,Unk,TRUE,Clear,Unk,No Info.,Unk,Unk,Other,Unk,Unk,One,Unk ,Improper Backing,Unk,Normal,Moderate,Male
6AM-12PM,No Control,FALSE,Straight-Level,Weekend,FALSE,Daylight,Left Turn,TRUE,Clear,Unk,No Info.,Unk,15-24,Normal,Unk,Male,One,1990 and Before,No Violations,15-24,Inattentive/Distracted,Complaint,Male
6AM-12PM,No Control,FALSE,Straight-Level,Weekday,FALSE,Dark - Street Light,Unk,TRUE,Abnormal,5001-10000,Two,Narrow,15-24,Normal,Unk,Female,Two,1991-2000,No Violations,45-54,Normal,Moderate,Female
6PM-12AM,No Control,FALSE,Straight-Level,Weekend,FALSE,Dark - Street Light,Single Vehicle,FALSE,Clear,5001-10000,Two,Narrow,15-24,Normal,Unk,Male,One,1991-2000,No Violations,15-24,Normal,Moderate,Female
6PM-12AM,No Control,FALSE,Straight-Level,Weekend,FALSE,Dark - Street Light,Single Vehicle,FALSE,Clear,Unk,No Info.,Unk,35-44,Normal,Unk,Male,One,2001-2010,No Violations,Unk,Impaired,Fatal,Female
12AM-6AM,No Control,FALSE,Straight-Level,Weekend,FALSE,Dark - No Street Lights,Unk,FALSE,Clear,Unk,No Info.,Unk,35-44,Normal,Unk,Male,One,Unk ,No Violations,15-24,Impaired,No Injury,Male
12PM-6PM,No Control,FALSE,Straight-Level,Weekend,TRUE,Daylight,Unk,FALSE,Clear,Unk,No Info.,Unk,Unk,Other,Unk,Unk,One,Unk ,Unk,Unk,Unk,Moderate,Male
12PM-6PM,No Control,FALSE,Straight-Level,Weekday,FALSE,Daylight,Unk,TRUE,Abnormal,Over 10000,Two,Wide,15-24,Normal,Unk,Male,Three,1991-2000,Disregarded Traffic Control,55-64,Normal,Moderate,Female
6AM-12PM,No Control,FALSE,Straight-Level,Weekday,FALSE,Daylight,Single Vehicle,TRUE,Clear,Over 10000,Four,Very Wide,75-Inf,Normal,Unk,Male,One,1991-2000,No Violations,55-64,Inattentive/Distracted,Moderate,Male
6AM-12PM,No Control,FALSE,Straight-Level,Weekday,FALSE,Daylight,Single Vehicle,TRUE,Clear,5001-10000,Two,Narrow,15-24,Normal,Unk,Female,One,1991-2000,No Violations,75-Inf,Unk,Moderate,Female
6PM-12AM,No Control,FALSE,Straight-Level,Weekend,FALSE,Dark - Street Light,Single Vehicle,FALSE,Clear,Unk,No Info.,Unk,15-24,Normal,Unk,Female,One,1991-2000,No Violations,Unk,Inattentive/Distracted,Moderate,Female
6PM-12AM,No Control,TRUE,Straight-Level,Weekday,FALSE,Dark - No Street Lights,Head-On,TRUE,Clear,Unk,No Info.,Unk,55-64,Normal,Unk,Male,One,1990 and Before,No Violations,35-44,Impaired,Moderate,Male
12AM-6AM,Partial Control,FALSE,Straight-Level,Weekday,FALSE,Dark - No Street Lights,Single Vehicle,TRUE,Clear,Over 10000,Four,Very Wide,55-64,Normal,Unk,Male,One,1991-2000,No Violations,35-44,Inattentive/Distracted,Fatal,Male
12PM-6PM,No Control,FALSE,Straight-Level,Weekday,FALSE,Daylight,Right Angle,FALSE,Clear,Over 10000,Four,Very Wide,35-44,Other,Unk,Female,One,1991-2000,Unk,Unk,Inattentive/Distracted,No Injury,Female
12PM-6PM,No Control,FALSE,Straight-Level,Weekend,FALSE,"Dusk, Dawn",Unk,FALSE,Clear,Unk,No Info.,Unk,15-24,Normal,Unk,Male,One,1990 and Before,No Violations,Unk,Inattentive/Distracted,No Injury,Male
12PM-6PM,Partial Control,FALSE,Straight-Level,Weekend,FALSE,Dark - No Street Lights,Single Vehicle,FALSE,Abnormal,Unk,No Info.,Unk,Unk,Other,Unk,Unk,Two,1991-2000,Careless Operation,25-34,Inattentive/Distracted,No Injury,Male
12PM-6PM,No Control,FALSE,Straight-Level,Weekend,FALSE,Daylight,Sideswipe,FALSE,Abnormal,Over 10000,Six,Very Wide,15-24,Normal,Unk,Female,Three,1991-2000,Improper Backing,15-24,Normal,No Injury,Female
12PM-6PM,Partial Control,FALSE,Straight-Level,Weekday,FALSE,Daylight,Unk,TRUE,Abnormal,Unk,No Info.,Unk,15-24,Normal,Unk,Female,Two,2001-2010,Disregarded Traffic Control,45-54,Unk,Complaint,Female
6PM-12AM,No Control,TRUE,Straight-Level,Weekend,TRUE,Dark - Street Light,Sideswipe,FALSE,Clear,Unk,No Info.,Unk,55-64,Impaired,Unk,Male,One,1991-2000,Driver Condition,15-24,Normal,Complaint,Female
12PM-6PM,No Control,FALSE,Straight-Level,Weekday,FALSE,Daylight,Single Vehicle,TRUE,Clear,Unk,No Info.,Unk,55-64,Normal,Unk,Male,One,1991-2000,Disregarded Traffic Control,35-44,Normal,Moderate,Female
6PM-12AM,No Control,FALSE,Straight-Level,Weekday,FALSE,Dark - Street Light,Unk,FALSE,Abnormal,Unk,No Info.,Unk,65-74,Normal,Unk,Male,One,1991-2000,No Violations,Unk,Normal,No Injury,Female
6PM-12AM,No Control,FALSE,Straight-Level,Weekday,FALSE,Dark - Street Light,Unk,FALSE,Abnormal,Unk,No Info.,Unk,65-74,Normal,Unk,Male,One,1991-2000,No Violations,Unk,Normal,No Injury,Female
12PM-6PM,Partial Control,FALSE,Straight-Level,Weekday,FALSE,Daylight,Right Angle,FALSE,Clear,Unk,No Info.,Unk,55-64,Normal,Unk,Male,Two,1991-2000,No Violations,Unk,Normal,Moderate,Male
6PM-12AM,Full Control,TRUE,Straight-Level,Weekend,TRUE,Dark - Street Light,Unk,TRUE,Clear,Over 10000,Six,Very Wide,Unk,Other,Unk,Unk,One,Unk ,Careless Operation,45-54,Impaired,Moderate,Male
12PM-6PM,No Control,FALSE,Straight-Level,Weekday,FALSE,Daylight,Unk,TRUE,Clear,Unk,No Info.,Unk,45-54,Normal,Unk,Female,One,2001-2010,Unk,15-24,Normal,Complaint,Male
6PM-12AM,Full Control,FALSE,Straight-Level,Weekday,TRUE,Dark - Street Light,Unk,TRUE,Clear,Over 10000,Four,Very Wide,Unk,Other,Unk,Unk,One,1991-2000,Improper Backing,55-64,Normal,Moderate,Male
12PM-6PM,No Control,FALSE,Straight-Level,Weekday,FALSE,Daylight,Unk,FALSE,Clear,Unk,No Info.,Unk,Unk,Other,Unk,Unk,One,Unk ,Unk,55-64,Unk,Complaint,Male
6PM-12AM,No Control,FALSE,Straight-Level,Weekday,FALSE,Dark - Street Light,Unk,TRUE,Clear,Unk,No Info.,Unk,45-54,Normal,Unk,Male,One,2001-2010,No Violations,55-64,Normal,Complaint,Female