Hour,Access,Alcohol,Align,Day,Hit,Light,Collision,Interection,Weather,ADT,Num Lanes,Pav Width,Dr Age,Dr Cond.,Dr Distract,Dr Gender,Num Occ,Veh Year,Violations,Ped Age,Ped Cond.,Ped Inj.,Ped Gender
12PM-6PM,No Control,FALSE,Straight-Level,Weekday,FALSE,Daylight,Single Vehicle,FALSE,Abnormal,Unk,No Info.,Unk,25-34,Inattentive/Distracted,Unk,Female,Two,2001-2010,No Violations,Unk,Normal,Moderate,Male
12PM-6PM,No Control,FALSE,Straight-Level,Weekday,FALSE,Daylight,Unk,TRUE,Abnormal,2001-5000,Two,Wide,25-34,Inattentive/Distracted,Unk,Male,One,2001-2010,Unk,45-54,Inattentive/Distracted,Complaint,Male
12PM-6PM,No Control,FALSE,Straight-Level,Weekend,FALSE,Daylight,Single Vehicle,FALSE,Clear,Over 10000,Four,Very Wide,45-54,Normal,Unk,Female,One,1991-2000,No Violations,35-44,Impaired,Moderate,Male
12PM-6PM,No Control,FALSE,Straight-Level,Weekday,FALSE,Daylight,Unk,FALSE,Clear,Over 10000,Two,Wide,35-44,Normal,Unk,Male,Two,1991-2000,No Violations,Unk,Inattentive/Distracted,Moderate,Male
12AM-6AM,No Control,TRUE,Straight-Level,Weekday,FALSE,Dark - No Street Lights,Single Vehicle,FALSE,Clear,2001-5000,Two,Wide,65-74,Normal,Unk,Male,One,1990 and Before,No Violations,35-44,Impaired,Moderate,Male
6PM-12AM,No Control,TRUE,Straight-Level,Weekend,FALSE,Dark - Street Light,Head-On,FALSE,Clear,0-1000,Two,Narrow,45-54,Impaired,Unk,Male,One,1991-2000,Driver Condition,75-Inf,Normal,Moderate,Female
6PM-12AM,No Control,FALSE,Straight-Level,Weekend,TRUE,Dark - No Street Lights,Sideswipe,FALSE,Abnormal,2001-5000,Two,Narrow,75-Inf,Other,Unk,Unk,One,Unk ,Careless Operation,15-24,Normal,Moderate,Male
6AM-12PM,Full Control,FALSE,Straight-Level,Weekend,FALSE,"Dusk, Dawn",Sideswipe,FALSE,Abnormal,Over 10000,Four,Very Wide,15-24,Inattentive/Distracted,Unk,Female,Two,1991-2000,Careless Operation,65-74,Normal,Moderate,Male
6PM-12AM,No Control,FALSE,Hillcrest,Weekend,FALSE,Dark - Street Light,Single Vehicle,TRUE,Abnormal,Over 10000,Four,Very Wide,35-44,Normal,Unk,Male,One,2001-2010,No Violations,15-24,Impaired,Complaint,Female
6PM-12AM,Full Control,TRUE,Straight-Level,Weekday,FALSE,Dark - No Street Lights,Rear End,FALSE,Abnormal,Over 10000,Four,Very Wide,45-54,"Sleep, Fatigue",Unk,Female,One,2001-2010,Careless Operation,35-44,Impaired,Fatal,Male
6AM-12PM,No Control,FALSE,Straight-Level,Weekday,FALSE,Daylight,Unk,FALSE,Clear,2001-5000,Two,Wide,35-44,Inattentive/Distracted,Unk,Male,One,2001-2010,Careless Operation,Unk,Normal,Moderate,Male
6PM-12AM,No Control,FALSE,Straight-Level,Weekend,TRUE,Dark - Street Light,Single Vehicle,TRUE,Clear,Over 10000,Four,Very Wide,45-54,Normal,Unk,Male,Two,1990 and Before,No Violations,45-54,Impaired,Fatal,Female
12PM-6PM,No Control,FALSE,Straight-Level,Weekday,FALSE,Daylight,Single Vehicle,FALSE,Clear,Unk,No Info.,Unk,25-34,Normal,Unk,Male,One,1991-2000,No Violations,Unk,Unk,Complaint,Female
12AM-6AM,No Control,TRUE,On Grade,Weekday,FALSE,Dark - No Street Lights,Single Vehicle,FALSE,Abnormal,2001-5000,Two,Narrow,35-44,Impaired,Unk,Male,Two,1991-2000,Improper Backing,35-44,Impaired,Moderate,Male
12PM-6PM,Full Control,FALSE,Straight-Level,Weekend,FALSE,Daylight,Rear End,FALSE,Clear,Over 10000,Four,Very Wide,25-34,Inattentive/Distracted,Unk,Male,One,2001-2010,Careless Operation,55-64,Normal,Complaint,Female
12PM-6PM,No Control,FALSE,Straight-Level,Weekend,FALSE,Daylight,Single Vehicle,FALSE,Clear,Over 10000,Four,Very Wide,75-Inf,Inattentive/Distracted,Unk,Female,One,1991-2000,Careless Operation,55-64,Normal,Complaint,Female
12AM-6AM,No Control,FALSE,Straight-Level,Weekend,TRUE,Dark - No Street Lights,Head-On,TRUE,Clear,Unk,No Info.,Unk,75-Inf,Other,Unk,Unk,One,1991-2000,Careless Operation,25-34,Normal,Complaint,Female
6PM-12AM,Partial Control,TRUE,Straight-Level,Weekday,FALSE,Dark - Street Light,Right Angle,FALSE,Clear,Over 10000,Four,Very Wide,25-34,Normal,Unk,Female,Three,1990 and Before,No Violations,15-24,Impaired,Moderate,Male
6PM-12AM,No Control,FALSE,Straight-Level,Weekend,FALSE,Daylight,Single Vehicle,FALSE,Clear,Unk,No Info.,Unk,15-24,Inattentive/Distracted,Unk,Male,Two,1991-2000,Unk,Unk,Inattentive/Distracted,Complaint,Male
12PM-6PM,No Control,TRUE,Straight-Level,Weekend,FALSE,Daylight,Unk,FALSE,Clear,Unk,No Info.,Unk,15-24,Impaired,Unk,Male,One,1991-2000,Driver Condition,Unk,Normal,Severe,Male
12PM-6PM,No Control,FALSE,Straight-Level,Weekday,FALSE,Daylight,Unk,FALSE,Clear,Unk,No Info.,Unk,45-54,Normal,Unk,Male,One,1991-2000,No Violations,65-74,Inattentive/Distracted,Moderate,Male
12AM-6AM,Full Control,FALSE,Straight-Level,Weekend,TRUE,Dark - No Street Lights,Sideswipe,FALSE,Clear,Over 10000,Four,Very Wide,75-Inf,Other,Unk,Unk,One,Unk ,Unk,15-24,Normal,Complaint,Female
6AM-12PM,Full Control,FALSE,On Grade,Weekend,FALSE,Daylight,Single Vehicle,FALSE,Abnormal,Over 10000,Four,Very Wide,35-44,Inattentive/Distracted,Unk,Male,One,2001-2010,Careless Operation,35-44,Normal,Complaint,Male
6PM-12AM,No Control,TRUE,Straight-Level,Weekday,FALSE,Dark - Street Light,Unk,FALSE,Clear,Over 10000,Two,Narrow,35-44,Impaired,Unk,Male,One,1991-2000,Driver Condition,Unk,Inattentive/Distracted,Fatal,Male
12PM-6PM,No Control,FALSE,Straight-Level,Weekend,FALSE,Daylight,Single Vehicle,FALSE,Clear,Over 10000,Four,Very Wide,35-44,Normal,Unk,Female,Three,1990 and Before,No Violations,75-Inf,Impaired,Fatal,Female
12AM-6AM,No Control,TRUE,Straight-Level,Weekend,TRUE,Dark - No Street Lights,Single Vehicle,FALSE,Abnormal,5001-10000,Four,Very Wide,75-Inf,Other,Unk,Unk,One,Unk ,Improper Backing,35-44,Impaired,Complaint,Male
6PM-12AM,No Control,TRUE,Straight-Level,Weekend,FALSE,Dark - No Street Lights,Right Angle,FALSE,Clear,2001-5000,Two,Wide,35-44,Impaired,Unk,Male,One,1990 and Before,Improper Backing,35-44,Inattentive/Distracted,Moderate,Male
6AM-12PM,No Control,TRUE,Straight-Level,Weekend,FALSE,Daylight,Single Vehicle,FALSE,Clear,2001-5000,Two,Narrow,15-24,Normal,Unk,Male,Three,1991-2000,No Violations,35-44,Impaired,Complaint,Female
6PM-12AM,No Control,TRUE,Straight-Level,Weekday,FALSE,Dark - No Street Lights,Single Vehicle,FALSE,Clear,5001-10000,Two,Wide,45-54,Normal,Unk,Male,One,1991-2000,No Violations,45-54,Impaired,Moderate,Male
6PM-12AM,No Control,TRUE,Straight-Level,Weekday,FALSE,Dark - No Street Lights,Single Vehicle,FALSE,Clear,5001-10000,Two,Wide,45-54,Normal,Unk,Male,One,1991-2000,No Violations,65-74,Impaired,Fatal,Male
12PM-6PM,No Control,FALSE,Straight-Level,Weekday,FALSE,Daylight,Single Vehicle,TRUE,Clear,Over 10000,Four,Very Wide,25-34,Inattentive/Distracted,Unk,Male,One,2001-2010,Failure To Yield,65-74,Normal,Complaint,Female
6PM-12AM,Full Control,TRUE,Straight-Level,Weekend,FALSE,Dark - No Street Lights,Rear End,FALSE,Clear,Over 10000,Four,Very Wide,35-44,Impaired,Unk,Male,One,1990 and Before,Driver Condition,15-24,Normal,Complaint,Female
6PM-12AM,No Control,FALSE,Straight-Level,Weekday,FALSE,Dark - No Street Lights,Single Vehicle,FALSE,Abnormal,Over 10000,Four,Very Wide,15-24,Normal,Unk,Male,One,1990 and Before,No Violations,75-Inf,Impaired,Severe,Male
6PM-12AM,No Control,FALSE,Straight-Level,Weekday,FALSE,Dark - No Street Lights,Single Vehicle,FALSE,Abnormal,Over 10000,Four,Very Wide,15-24,Normal,Unk,Male,One,1990 and Before,No Violations,75-Inf,Impaired,No Injury,Unk
12AM-6AM,No Control,FALSE,Straight-Level,Weekend,FALSE,Dark - Street Light,Single Vehicle,TRUE,Abnormal,5001-10000,Two,Wide,55-64,Normal,Unk,Male,One,2001-2010,No Violations,45-54,Inattentive/Distracted,Moderate,Male
6PM-12AM,No Control,TRUE,Straight-Level,Weekday,FALSE,"Dusk, Dawn",Unk,TRUE,Abnormal,0-1000,Two,Narrow,35-44,Impaired,Unk,Male,One,1991-2000,Improper Parking,35-44,Impaired,Complaint,Male
6PM-12AM,No Control,FALSE,Curve-Level,Weekend,FALSE,Daylight,Sideswipe,FALSE,Clear,Unk,No Info.,Unk,45-54,Inattentive/Distracted,Unk,Female,One,2001-2010,Driving Left Of Center,35-44,Impaired,No Injury,Female
6PM-12AM,No Control,FALSE,Curve-Level,Weekday,FALSE,Dark - No Street Lights,Single Vehicle,TRUE,Clear,5001-10000,Two,Wide,15-24,Normal,Unk,Female,Two,1991-2000,No Violations,25-34,Inattentive/Distracted,Severe,Male
6PM-12AM,No Control,FALSE,Curve-Level,Weekday,FALSE,Dark - No Street Lights,Single Vehicle,TRUE,Clear,5001-10000,Two,Wide,15-24,Normal,Unk,Male,One,2001-2010,No Violations,25-34,Inattentive/Distracted,Fatal,Male
6PM-12AM,No Control,TRUE,Straight-Level,Weekend,TRUE,Dark - No Street Lights,Sideswipe,FALSE,Abnormal,2001-5000,Two,Wide,45-54,Impaired,Unk,Male,One,1991-2000,Driver Condition,25-34,Impaired,Severe,Male
12AM-6AM,Full Control,FALSE,Straight-Level,Weekend,FALSE,Dark - No Street Lights,Single Vehicle,FALSE,Clear,Over 10000,Four,Very Wide,25-34,Normal,Unk,Female,Two,1991-2000,No Violations,25-34,Impaired,Severe,Male
6PM-12AM,Full Control,FALSE,Hillcrest,Weekday,FALSE,Dark - Street Light,Rear End,FALSE,Abnormal,Over 10000,Four,Very Wide,35-44,Normal,Unk,Male,One,1991-2000,Careless Operation,15-24,Inattentive/Distracted,No Injury,Male
12AM-6AM,No Control,FALSE,Straight-Level,Weekday,TRUE,Dark - No Street Lights,Single Vehicle,FALSE,Clear,Over 10000,Two,Wide,75-Inf,Other,Unk,Unk,One,Unk ,Improper Backing,45-54,Impaired,Moderate,Female
6PM-12AM,No Control,FALSE,Straight-Level,Weekday,FALSE,Dark - Street Light,Sideswipe,FALSE,Clear,2001-5000,Two,Narrow,25-34,Normal,Unk,Male,One,2001-2010,No Violations,15-24,Inattentive/Distracted,Moderate,Male
12AM-6AM,No Control,TRUE,Straight-Level,Weekend,FALSE,Dark - No Street Lights,Single Vehicle,FALSE,Abnormal,5001-10000,Two,Wide,35-44,Impaired,Unk,Male,Three,2001-2010,No Violations,25-34,Impaired,Moderate,Male
12AM-6AM,No Control,TRUE,Straight-Level,Weekend,FALSE,Dark - No Street Lights,Single Vehicle,FALSE,Abnormal,5001-10000,Two,Wide,35-44,Impaired,Unk,Male,Three,2001-2010,No Violations,35-44,Impaired,Moderate,Male
6PM-12AM,No Control,FALSE,Straight-Level,Weekday,FALSE,Dark - No Street Lights,Right Angle,FALSE,Clear,2001-5000,Two,Wide,15-24,Inattentive/Distracted,Unk,Female,Two,1991-2000,Unk,35-44,Inattentive/Distracted,Severe,Male
12AM-6AM,No Control,FALSE,Curve-Level,Weekend,TRUE,Dark - Street Light,Single Vehicle,FALSE,Clear,Over 10000,Two,Wide,55-64,Other,Unk,Male,One,1991-2000,Improper Backing,25-34,Impaired,Fatal,Male
6PM-12AM,No Control,FALSE,Straight-Level,Weekend,FALSE,Daylight,Single Vehicle,FALSE,Clear,5001-10000,Two,Wide,65-74,Inattentive/Distracted,Unk,Female,One,1991-2000,Careless Operation,35-44,Normal,Complaint,Male
6AM-12PM,No Control,FALSE,Straight-Level,Weekend,FALSE,Daylight,Right Turn,FALSE,Clear,Over 10000,Four,Very Wide,55-64,Inattentive/Distracted,Unk,Male,One,1991-2000,Failure To Yield,75-Inf,Impaired,No Injury,Unk
6PM-12AM,No Control,FALSE,Straight-Level,Weekday,FALSE,"Dusk, Dawn",Sideswipe,FALSE,Clear,5001-10000,Two,Wide,25-34,Normal,Unk,Female,Two,2001-2010,No Violations,25-34,Inattentive/Distracted,Complaint,Female
12PM-6PM,No Control,FALSE,Straight-Level,Weekday,FALSE,Daylight,Single Vehicle,TRUE,Abnormal,Over 10000,Four,Very Wide,55-64,Other,Unk,Male,One,1991-2000,Careless Operation,35-44,Normal,Complaint,Male
6AM-12PM,Full Control,FALSE,Straight-Level,Weekday,FALSE,Daylight,Unk,FALSE,Clear,Over 10000,Six,Very Wide,35-44,Inattentive/Distracted,Unk,Female,Two,1991-2000,Careless Operation,15-24,Normal,Moderate,Female
12PM-6PM,No Control,FALSE,Straight-Level,Weekend,FALSE,Daylight,Single Vehicle,FALSE,Abnormal,Over 10000,Four,Very Wide,15-24,Normal,Unk,Male,One,2001-2010,No Violations,15-24,Normal,Complaint,Female
12PM-6PM,No Control,FALSE,Straight-Level,Weekend,FALSE,Daylight,Single Vehicle,FALSE,Abnormal,Over 10000,Four,Very Wide,15-24,Normal,Unk,Male,One,2001-2010,No Violations,Unk,Normal,Complaint,Male
12AM-6AM,No Control,TRUE,Straight-Level,Weekday,FALSE,Dark - No Street Lights,Single Vehicle,FALSE,Clear,Over 10000,Four,Very Wide,35-44,Normal,Unk,Male,One,2001-2010,No Violations,15-24,Impaired,Moderate,Male
12AM-6AM,No Control,TRUE,Curve-Level,Weekday,FALSE,Dark - Street Light,Single Vehicle,FALSE,Clear,5001-10000,Two,Very Wide,25-34,Normal,Unk,Male,One,1991-2000,No Violations,35-44,Impaired,Moderate,Male
12PM-6PM,No Control,FALSE,Straight-Level,Weekday,FALSE,Daylight,Single Vehicle,FALSE,Clear,Over 10000,Four,Very Wide,65-74,Normal,Unk,Female,One,1991-2000,No Violations,Unk,Inattentive/Distracted,Complaint,Male
12AM-6AM,No Control,TRUE,Straight-Level,Weekend,FALSE,Dark - Street Light,Single Vehicle,FALSE,Clear,5001-10000,Two,Wide,25-34,Normal,Unk,Male,One,1991-2000,No Violations,25-34,Impaired,No Injury,Male
12AM-6AM,Full Control,FALSE,Straight-Level,Weekend,FALSE,Dark - No Street Lights,Single Vehicle,FALSE,Abnormal,Over 10000,Four,Very Wide,15-24,Inattentive/Distracted,Unk,Male,One,2001-2010,Exceeding Safe Speed Limit,35-44,Normal,Complaint,Female
6PM-12AM,No Control,FALSE,Straight-Level,Weekday,TRUE,Dark - No Street Lights,Single Vehicle,FALSE,Abnormal,5001-10000,Two,Narrow,75-Inf,Other,Unk,Unk,One,Unk ,No Violations,25-34,Inattentive/Distracted,Moderate,Female
12AM-6AM,Full Control,FALSE,Straight-Level,Weekend,FALSE,Dark - No Street Lights,Rear End,FALSE,Clear,Over 10000,Four,Very Wide,Unk,Other,Unk,Unk,One,1991-2000,Improper Parking,25-34,Impaired,Fatal,Male
12PM-6PM,No Control,FALSE,Curve-Level,Weekday,FALSE,Daylight,Single Vehicle,FALSE,Clear,2001-5000,Two,Narrow,35-44,Normal,Unk,Male,One,1991-2000,No Violations,35-44,Normal,Moderate,Male
6AM-12PM,No Control,FALSE,Curve-Level,Weekend,FALSE,Daylight,Single Vehicle,FALSE,Abnormal,2001-5000,Two,Wide,75-Inf,Normal,Unk,Male,Two,1991-2000,No Violations,45-54,Inattentive/Distracted,Moderate,Female
6PM-12AM,No Control,FALSE,Straight-Level,Weekday,FALSE,Dark - No Street Lights,Single Vehicle,TRUE,Clear,2001-5000,Two,Narrow,15-24,Normal,Unk,Female,One,1991-2000,Improper Backing,35-44,Impaired,Severe,Female
12PM-6PM,No Control,FALSE,Hillcrest,Weekend,FALSE,Daylight,Single Vehicle,FALSE,Clear,Unk,No Info.,Unk,25-34,Normal,Unk,Male,One,1990 and Before,No Violations,Unk,Impaired,Moderate,Male
12AM-6AM,No Control,FALSE,Curve-Level,Weekday,FALSE,Dark - Street Light,Sideswipe,FALSE,Clear,2001-5000,Two,Narrow,45-54,Other,Unk,Female,One,2001-2010,Improper Backing,25-34,Impaired,Moderate,Female
12AM-6AM,No Control,TRUE,Straight-Level,Weekday,FALSE,Dark - No Street Lights,Unk,FALSE,Clear,Over 10000,Four,Very Wide,25-34,Normal,Unk,Male,Three,2001-2010,No Violations,25-34,Impaired,Moderate,Female
12AM-6AM,No Control,TRUE,Straight-Level,Weekend,FALSE,Dark - No Street Lights,Single Vehicle,TRUE,Clear,2001-5000,Two,Wide,15-24,Impaired,Unk,Female,Two,1990 and Before,No Violations,65-74,Impaired,Severe,Male
6PM-12AM,No Control,TRUE,On Grade,Weekend,FALSE,Dark - No Street Lights,Unk,FALSE,Abnormal,Over 10000,Four,Very Wide,35-44,Normal,Unk,Male,Three,1991-2000,No Violations,25-34,Impaired,Fatal,Female
6PM-12AM,No Control,TRUE,On Grade,Weekend,FALSE,Dark - No Street Lights,Unk,FALSE,Abnormal,Over 10000,Four,Very Wide,35-44,Normal,Unk,Male,Three,1991-2000,No Violations,25-34,Impaired,Moderate,Male
12AM-6AM,Full Control,TRUE,Straight-Level,Weekend,FALSE,Dark - No Street Lights,Rear End,FALSE,Clear,Over 10000,Four,Very Wide,25-34,Impaired,Unk,Male,One,2001-2010,Unk,15-24,Normal,Severe,Male
6PM-12AM,No Control,FALSE,Curve-Level,Weekday,FALSE,Dark - Street Light,Single Vehicle,FALSE,Clear,Over 10000,Four,Very Wide,55-64,Normal,Unk,Male,One,1991-2000,Vehicle Condition,45-54,Inattentive/Distracted,Complaint,Male
6PM-12AM,Full Control,FALSE,Straight-Level,Weekday,FALSE,Dark - No Street Lights,Sideswipe,FALSE,Clear,Over 10000,Four,Very Wide,75-Inf,Other,Unk,Unk,Two,1991-2000,Unk,15-24,Inattentive/Distracted,No Injury,Male
6PM-12AM,No Control,FALSE,Straight-Level,Weekend,TRUE,Dark - No Street Lights,Unk,FALSE,Clear,Over 10000,Four,Very Wide,75-Inf,Other,Unk,Unk,One,Unk ,Careless Operation,15-24,Normal,Complaint,Female
6AM-12PM,No Control,FALSE,Straight-Level,Weekend,FALSE,Daylight,Sideswipe,FALSE,Clear,Unk,No Info.,Unk,35-44,Inattentive/Distracted,Unk,Male,One,1991-2000,Improper Parking,25-34,Normal,Complaint,Female
6AM-12PM,No Control,TRUE,Straight-Level,Weekend,FALSE,Dark - Street Light,Single Vehicle,FALSE,Clear,Over 10000,Four,Very Wide,25-34,Normal,Unk,Female,One,2001-2010,No Violations,55-64,Impaired,Severe,Male
6PM-12AM,No Control,FALSE,Straight-Level,Weekend,FALSE,Daylight,Single Vehicle,FALSE,Abnormal,Over 10000,Two,Wide,35-44,Inattentive/Distracted,Unk,Male,One,2001-2010,"Cutting In, Improper Passing",Unk,Normal,Moderate,Male
12PM-6PM,No Control,FALSE,Straight-Level,Weekend,FALSE,Daylight,Single Vehicle,TRUE,Clear,2001-5000,Two,Wide,45-54,Inattentive/Distracted,Unk,Female,Two,2001-2010,Failure To Yield,25-34,Impaired,No Injury,Unk
6PM-12AM,No Control,FALSE,Straight-Level,Weekend,FALSE,Dark - Street Light,Single Vehicle,FALSE,Abnormal,5001-10000,Two,Wide,15-24,Inattentive/Distracted,Unk,Male,One,1991-2000,Unk,55-64,Impaired,Fatal,Male
12AM-6AM,No Control,FALSE,Straight-Level,Weekend,FALSE,Dark - Street Light,Single Vehicle,FALSE,Clear,Over 10000,Two,Wide,15-24,Other,Unk,Male,Two,1991-2000,No Violations,45-54,Impaired,Fatal,Female
12PM-6PM,No Control,FALSE,Straight-Level,Weekend,FALSE,Daylight,Unk,FALSE,Clear,5001-10000,Two,Narrow,65-74,Normal,Unk,Female,Four,1991-2000,No Violations,Unk,Inattentive/Distracted,Severe,Male
6AM-12PM,No Control,FALSE,Straight-Level,Weekend,FALSE,"Dusk, Dawn",Single Vehicle,FALSE,Clear,Over 10000,Four,Very Wide,45-54,Normal,Unk,Female,One,1991-2000,No Violations,25-34,Inattentive/Distracted,Moderate,Male
12AM-6AM,No Control,TRUE,Straight-Level,Weekend,FALSE,Dark - Street Light,Single Vehicle,FALSE,Clear,5001-10000,Two,Wide,15-24,Normal,Unk,Male,One,1991-2000,No Violations,25-34,Impaired,Fatal,Female
12PM-6PM,No Control,FALSE,Straight-Level,Weekend,TRUE,Daylight,Rear End,FALSE,Clear,Over 10000,Four,Very Wide,75-Inf,Other,Unk,Unk,One,1991-2000,Improper Parking,35-44,Normal,Complaint,Male
12PM-6PM,No Control,FALSE,Straight-Level,Weekday,FALSE,Daylight,Single Vehicle,FALSE,Clear,Unk,No Info.,Unk,15-24,Inattentive/Distracted,Unk,Female,One,2001-2010,Failure To Yield,45-54,Normal,Complaint,Male
12PM-6PM,No Control,FALSE,Straight-Level,Weekend,FALSE,Daylight,Single Vehicle,FALSE,Abnormal,Unk,No Info.,Unk,55-64,Normal,Unk,Male,One,1991-2000,No Violations,Unk,Normal,Severe,Male
12PM-6PM,Full Control,FALSE,On Grade,Weekend,FALSE,Daylight,Single Vehicle,FALSE,Clear,Over 10000,Four,Very Wide,45-54,Normal,Unk,Female,Three,1991-2000,No Violations,25-34,Impaired,Severe,Male
6PM-12AM,No Control,FALSE,On Grade,Weekday,FALSE,Dark - No Street Lights,Unk,FALSE,Clear,2001-5000,Two,Narrow,25-34,Normal,Unk,Male,Three,1991-2000,No Violations,35-44,Inattentive/Distracted,Fatal,Male
12PM-6PM,No Control,FALSE,Curve-Level,Weekday,TRUE,Daylight,Single Vehicle,FALSE,Clear,Unk,No Info.,Unk,75-Inf,Other,Unk,Unk,One,Unk ,Improper Backing,15-24,Normal,Complaint,Male
12PM-6PM,Full Control,FALSE,Straight-Level,Weekend,FALSE,Daylight,Single Vehicle,FALSE,Abnormal,Over 10000,Six,Very Wide,15-24,Normal,Unk,Male,One,1990 and Before,No Violations,35-44,Inattentive/Distracted,Moderate,Male
6PM-12AM,No Control,TRUE,Straight-Level,Weekend,TRUE,Dark - No Street Lights,Single Vehicle,FALSE,Clear,2001-5000,Two,Wide,15-24,Impaired,Unk,Male,One,1991-2000,Unk,15-24,Normal,Moderate,Female
6PM-12AM,No Control,FALSE,Straight-Level,Weekday,FALSE,Dark - Street Light,Single Vehicle,FALSE,Abnormal,Over 10000,Six,Very Wide,35-44,Inattentive/Distracted,Unk,Female,One,2001-2010,Vehicle Condition,75-Inf,Impaired,No Injury,Unk
6AM-12PM,No Control,FALSE,Straight-Level,Weekday,FALSE,Dark - Street Light,Unk,FALSE,Clear,5001-10000,Two,Wide,15-24,Inattentive/Distracted,Unk,Female,One,1991-2000,Careless Operation,35-44,Normal,Complaint,Male
6PM-12AM,No Control,FALSE,Straight-Level,Weekend,FALSE,Dark - No Street Lights,Right Angle,FALSE,Clear,2001-5000,Two,Wide,Unk,Other,Unk,Unk,One,1991-2000,"Failed To Set Out Flags, Flares",55-64,Normal,No Injury,Male
6PM-12AM,No Control,TRUE,Straight-Level,Weekend,FALSE,Dark - No Street Lights,Rear End,FALSE,Clear,2001-5000,Two,Wide,45-54,Impaired,Unk,Male,One,1991-2000,No Violations,35-44,Inattentive/Distracted,Moderate,Male
6AM-12PM,No Control,FALSE,Straight-Level,Weekday,FALSE,Dark - Street Light,Single Vehicle,FALSE,Clear,Over 10000,Six,Very Wide,25-34,Normal,Unk,Female,Three,2001-2010,No Violations,45-54,Inattentive/Distracted,Fatal,Male
6AM-12PM,Full Control,FALSE,Straight-Level,Weekend,FALSE,Daylight,Rear End,FALSE,Clear,Over 10000,Four,Very Wide,15-24,Inattentive/Distracted,Unk,Male,Four,1990 and Before,Careless Operation,35-44,Impaired,No Injury,Male
12PM-6PM,No Control,FALSE,Straight-Level,Weekend,FALSE,Dark - No Street Lights,Single Vehicle,TRUE,Abnormal,Over 10000,Four,Very Wide,75-Inf,Normal,Unk,Male,One,2001-2010,No Violations,15-24,Inattentive/Distracted,Fatal,Male
12PM-6PM,No Control,FALSE,Straight-Level,Weekend,FALSE,Daylight,Unk,FALSE,Clear,Over 10000,Two,Wide,45-54,Normal,Unk,Male,One,1991-2000,No Violations,25-34,Inattentive/Distracted,Complaint,Male
12AM-6AM,No Control,FALSE,Straight-Level,Weekday,FALSE,Dark - Street Light,Single Vehicle,TRUE,Clear,Over 10000,Two,Narrow,35-44,Normal,Unk,Male,One,1991-2000,No Violations,75-Inf,Illness,Moderate,Male
6AM-12PM,No Control,FALSE,Straight-Level,Weekday,FALSE,Daylight,Single Vehicle,FALSE,Clear,Over 10000,Four,Very Wide,65-74,Inattentive/Distracted,Unk,Male,One,1991-2000,Careless Operation,15-24,Inattentive/Distracted,Complaint,Male
6PM-12AM,No Control,FALSE,Straight-Level,Weekday,FALSE,Dark - No Street Lights,Sideswipe,FALSE,Abnormal,2001-5000,Two,Narrow,25-34,Normal,Unk,Female,One,2001-2010,No Violations,15-24,Inattentive/Distracted,Complaint,Male
6PM-12AM,No Control,FALSE,Straight-Level,Weekday,TRUE,Dark - No Street Lights,Unk,FALSE,Clear,5001-10000,Two,Wide,75-Inf,Other,Unk,Unk,One,Unk ,Improper Backing,25-34,Inattentive/Distracted,Complaint,Male
6PM-12AM,No Control,FALSE,Straight-Level,Weekend,FALSE,Dark - No Street Lights,Single Vehicle,FALSE,Clear,2001-5000,Two,Wide,55-64,Normal,Unk,Male,Two,1990 and Before,No Violations,Unk,Impaired,Fatal,Male
12AM-6AM,Full Control,FALSE,Straight-Level,Weekend,FALSE,Dark - No Street Lights,Single Vehicle,FALSE,Clear,Over 10000,Four,Very Wide,65-74,Normal,Unk,Male,Two,1991-2000,No Violations,15-24,Unk,No Injury,Male
6PM-12AM,No Control,FALSE,Curve-Level,Weekend,FALSE,Dark - No Street Lights,Single Vehicle,FALSE,Clear,5001-10000,Two,Wide,45-54,Normal,Unk,Male,Two,1991-2000,Improper Backing,15-24,Normal,Complaint,Male
6AM-12PM,No Control,FALSE,Straight-Level,Weekday,FALSE,Daylight,Unk,FALSE,Abnormal,2001-5000,Two,Narrow,Unk,Other,Unk,Unk,One,1991-2000,Unk,35-44,Normal,Moderate,Male
6AM-12PM,No Control,FALSE,Straight-Level,Weekday,FALSE,Daylight,Unk,FALSE,Abnormal,2001-5000,Two,Narrow,Unk,Other,Unk,Unk,One,1991-2000,Unk,25-34,Normal,Severe,Female
12AM-6AM,No Control,FALSE,Straight-Level,Weekend,TRUE,Dark - Street Light,Single Vehicle,FALSE,Clear,Over 10000,Four,Very Wide,Unk,Other,Unk,Unk,One,Unk ,Unk,15-24,Inattentive/Distracted,Fatal,Male
6AM-12PM,No Control,FALSE,Straight-Level,Weekend,FALSE,Dark - Street Light,Unk,TRUE,Abnormal,Over 10000,Four,Very Wide,55-64,Inattentive/Distracted,Unk,Male,One,2001-2010,Unk,35-44,Normal,Complaint,Female
12PM-6PM,No Control,FALSE,Straight-Level,Weekday,FALSE,Daylight,Single Vehicle,FALSE,Clear,Over 10000,Six,Very Wide,15-24,Inattentive/Distracted,Unk,Female,One,1991-2000,Failure To Yield,15-24,Normal,Complaint,Female