Hour,Access,Alcohol,Align,Day,Hit,Light,Collision,Interection,Weather,ADT,Num Lanes,Pav Width,Dr Age,Dr Cond.,Dr Distract,Dr Gender,Num Occ,Veh Year,Violations,Ped Age,Ped Cond.,Ped Inj.,Ped Gender
12PM-6PM,Unk,FALSE,Unk,Weekend,FALSE,Unk,Unk,FALSE,Unk,Unk,No Info.,Unk,35-44,Normal,Unk,Male,Two,1991-2000,No Violations,Unk,Normal,No Injury,Unk
6PM-12AM,No Control,FALSE,Straight-Level,Weekend,FALSE,Dark - Street Light,Single Vehicle,FALSE,Clear,Unk,No Info.,Unk,25-34,Normal,Unk,Male,One,1991-2000,Unk,25-34,Normal,Complaint,Male
12PM-6PM,No Control,FALSE,Straight-Level,Weekend,TRUE,Daylight,Unk,FALSE,Abnormal,Unk,No Info.,Unk,Unk,Other,Unk,Unk,One,Unk ,Improper Backing,45-54,Normal,Complaint,Female
12PM-6PM,Unk,FALSE,Straight-Level,Weekday,FALSE,Daylight,Unk,TRUE,Abnormal,Unk,No Info.,Unk,25-34,Normal,Unk,Male,One,1990 and Before,No Violations,Unk,Unk,No Injury,Unk
6PM-12AM,No Control,FALSE,Straight-Level,Weekday,FALSE,Dark - Street Light,Unk,TRUE,Clear,Unk,No Info.,Unk,55-64,Normal,Unk,Male,One,1991-2000,No Violations,15-24,Inattentive/Distracted,Severe,Female
12PM-6PM,Unk,FALSE,Unk,Weekend,FALSE,Unk,Unk,TRUE,Unk,Unk,No Info.,Unk,45-54,Inattentive/Distracted,Unk,Male,One,1991-2000,Unk,Unk,Inattentive/Distracted,Moderate,Male
6AM-12PM,No Control,FALSE,Straight-Level,Weekday,FALSE,Daylight,Single Vehicle,TRUE,Clear,Over 10000,Six,Very Wide,65-74,Normal,Unk,Male,One,1991-2000,No Violations,15-24,Normal,Moderate,Female
12PM-6PM,Partial Control,FALSE,Straight-Level,Weekday,FALSE,Daylight,Unk,TRUE,Clear,Unk,No Info.,Unk,75-Inf,Normal,Unk,Female,Two,2001-2010,No Violations,55-64,Inattentive/Distracted,Moderate,Female
12AM-6AM,Partial Control,TRUE,Straight-Level,Weekend,FALSE,Dark - Street Light,Unk,FALSE,Clear,Unk,No Info.,Unk,25-34,Normal,Unk,Female,Five or more,1991-2000,No Violations,15-24,Impaired,Fatal,Male
12AM-6AM,No Control,FALSE,Straight-Level,Weekday,FALSE,Dark - Street Light,Unk,TRUE,Abnormal,Unk,No Info.,Unk,25-34,Normal,Unk,Male,One,1991-2000,Unk,35-44,Inattentive/Distracted,Complaint,Male
6PM-12AM,No Control,TRUE,Straight-Level,Weekend,TRUE,Dark - Street Light,Unk,TRUE,Clear,Unk,No Info.,Unk,Unk,Other,Unk,Male,One,Unk ,Improper Backing,45-54,Impaired,Severe,Male
6AM-12PM,Unk,FALSE,Unk,Weekend,FALSE,Unk,Sideswipe,FALSE,Unk,Unk,No Info.,Unk,25-34,Normal,Unk,Male,One,1991-2000,No Violations,35-44,Normal,Complaint,Female
12AM-6AM,No Control,FALSE,Straight-Level,Weekend,TRUE,Dark - Street Light,Rear End,FALSE,Clear,Unk,No Info.,Unk,Unk,Other,Unk,Unk,One,Unk ,Improper Backing,25-34,Normal,Severe,Female
12AM-6AM,No Control,FALSE,Straight-Level,Weekend,TRUE,Dark - Street Light,Rear End,FALSE,Clear,Unk,No Info.,Unk,Unk,Other,Unk,Unk,One,Unk ,Improper Backing,25-34,Normal,Moderate,Female
12PM-6PM,Full Control,FALSE,Straight-Level,Weekday,FALSE,Daylight,Unk,FALSE,Clear,Unk,No Info.,Unk,25-34,Inattentive/Distracted,Unk,Male,One,1991-2000,Unk,25-34,Normal,Complaint,Female
12PM-6PM,Full Control,FALSE,Straight-Level,Weekday,FALSE,Daylight,Unk,FALSE,Clear,Unk,No Info.,Unk,25-34,Inattentive/Distracted,Unk,Male,One,1991-2000,Unk,35-44,Normal,Complaint,Female
12PM-6PM,Unk,FALSE,Unk,Weekday,FALSE,Unk,Unk,FALSE,Unk,Over 10000,Four,Very Wide,35-44,Normal,Unk,Female,One,1991-2000,Unk,55-64,Unk,Moderate,Male
6AM-12PM,No Control,FALSE,Straight-Level,Weekend,FALSE,Daylight,Single Vehicle,FALSE,Clear,Unk,No Info.,Unk,15-24,Normal,Unk,Female,One,1990 and Before,Improper Backing,Unk,Unk,Moderate,Male
12AM-6AM,No Control,FALSE,Unk,Weekday,TRUE,Dark - Street Light,Unk,TRUE,Abnormal,Unk,No Info.,Unk,Unk,Other,Unk,Unk,One,Unk ,No Violations,25-34,Normal,Moderate,Male
6AM-12PM,Partial Control,FALSE,Straight-Level,Weekday,FALSE,Daylight,Unk,TRUE,Clear,Unk,No Info.,Unk,35-44,Normal,Unk,Female,One,1991-2000,No Violations,35-44,Unk,No Injury,Male
6PM-12AM,Partial Control,FALSE,Straight-Level,Weekend,TRUE,Dark - Street Light,Unk,TRUE,Clear,Unk,No Info.,Unk,Unk,Inattentive/Distracted,Unk,Unk,One,1990 and Before,Unk,45-54,Unk,Moderate,Male
12PM-6PM,No Control,FALSE,Straight-Level,Weekday,FALSE,Daylight,Unk,FALSE,Clear,Unk,No Info.,Unk,45-54,Normal,Unk,Male,One,1991-2000,No Violations,15-24,Normal,Complaint,Male
6PM-12AM,No Control,TRUE,Straight-Level,Weekday,FALSE,Dark - Street Light,Unk,TRUE,Clear,2001-5000,Four,Very Wide,45-54,Normal,Unk,Male,One,1990 and Before,No Violations,45-54,Impaired,Moderate,Male
12AM-6AM,No Control,TRUE,Straight-Level,Weekend,FALSE,Dark - Street Light,Unk,FALSE,Abnormal,Unk,No Info.,Unk,15-24,Impaired,Unk,Male,One,1991-2000,Driver Condition,55-64,Inattentive/Distracted,Moderate,Female
12AM-6AM,No Control,FALSE,Straight-Level,Weekend,FALSE,Dark - Street Light,Unk,FALSE,Clear,Unk,No Info.,Unk,25-34,Normal,Unk,Male,One,1991-2000,No Violations,15-24,Unk,Severe,Male
6AM-12PM,No Control,FALSE,Straight-Level,Weekday,FALSE,Dark - Street Light,Unk,FALSE,Unk,Unk,No Info.,Unk,Unk,Other,Unk,Unk,One,Unk ,Improper Backing,55-64,Normal,Complaint,Male
6AM-12PM,No Control,FALSE,Straight-Level,Weekend,FALSE,Daylight,Unk,TRUE,Clear,Unk,No Info.,Unk,15-24,Normal,Unk,Male,One,2001-2010,Disregarded Traffic Control,15-24,Inattentive/Distracted,Severe,Male
12AM-6AM,Unk,FALSE,Unk,Weekend,FALSE,Unk,Unk,FALSE,Unk,Unk,No Info.,Unk,75-Inf,Normal,Unk,Male,One,1991-2000,Unk,35-44,Impaired,Moderate,Male
12AM-6AM,No Control,FALSE,Straight-Level,Weekend,TRUE,Dark - Street Light,Single Vehicle,FALSE,Abnormal,Unk,No Info.,Unk,Unk,Other,Unk,Unk,One,1991-2000,Careless Operation,Unk,Normal,Moderate,Male
6PM-12AM,No Control,FALSE,Straight-Level,Weekday,FALSE,Dark - Street Light,Unk,FALSE,Clear,Unk,No Info.,Unk,35-44,Normal,Unk,Male,One,2001-2010,Improper Parking,25-34,Normal,Complaint,Female
12PM-6PM,Full Control,FALSE,Straight-Level,Weekday,FALSE,Daylight,Right Angle,TRUE,Clear,Unk,No Info.,Unk,Unk,Normal,Unk,Unk,One,Unk ,No Violations,75-Inf,Normal,Moderate,Female
12PM-6PM,Unk,FALSE,Unk,Weekday,FALSE,Unk,Unk,TRUE,Unk,Unk,No Info.,Unk,Unk,Unk,Unk,Unk,Unk,Unk ,Unk,Unk,Inattentive/Distracted,Complaint,Female
12PM-6PM,Unk,FALSE,Unk,Weekday,FALSE,Unk,Single Vehicle,TRUE,Unk,Unk,No Info.,Unk,Unk,Unk,Unk,Unk,One,Unk ,Unk,15-24,Inattentive/Distracted,Complaint,Male
12AM-6AM,No Control,FALSE,Straight-Level,Weekend,FALSE,Dark - Street Light,Right Angle,TRUE,Clear,Unk,No Info.,Unk,25-34,Normal,Unk,Male,One,2001-2010,No Violations,25-34,Impaired,Complaint,Male
6AM-12PM,No Control,FALSE,Unk,Weekday,TRUE,Dark - Street Light,Unk,FALSE,Clear,Unk,No Info.,Unk,25-34,Other,Unk,Male,Two,1991-2000,Careless Operation,25-34,Impaired,Moderate,Male
6PM-12AM,Partial Control,FALSE,Straight-Level,Weekend,FALSE,Dark - Street Light,Unk,TRUE,Abnormal,Unk,No Info.,Unk,35-44,Normal,Unk,Male,One,2001-2010,No Violations,45-54,Normal,Moderate,Female
6PM-12AM,Partial Control,TRUE,Straight-Level,Weekend,TRUE,Dark - Street Light,Unk,TRUE,Clear,Unk,No Info.,Unk,Unk,Other,Unk,Male,One,Unk ,Improper Backing,15-24,Inattentive/Distracted,Severe,Female
12AM-6AM,No Control,FALSE,Straight-Level,Weekday,FALSE,Dark - No Street Lights,Unk,FALSE,Clear,Unk,No Info.,Unk,35-44,Normal,Unk,Male,One,2001-2010,No Violations,45-54,Normal,Moderate,Male
12AM-6AM,No Control,FALSE,Straight-Level,Weekday,TRUE,Dark - Street Light,Unk,FALSE,Abnormal,Unk,No Info.,Unk,Unk,Unk,Unk,Unk,One,Unk ,Careless Operation,45-54,Normal,Moderate,Male
12PM-6PM,No Control,FALSE,Straight-Level,Weekday,FALSE,Daylight,Sideswipe,TRUE,Abnormal,Unk,No Info.,Unk,25-34,Normal,Unk,Male,Two,1991-2000,Unk,25-34,Normal,Complaint,Female
6AM-12PM,Unk,FALSE,Unk,Weekend,FALSE,Unk,Head-On,TRUE,Unk,Unk,No Info.,Unk,65-74,Other,Unk,Unk,One,2001-2010,No Violations,45-54,Impaired,Severe,Male
6PM-12AM,Unk,FALSE,Unk,Weekend,FALSE,Unk,Unk,FALSE,Unk,Unk,No Info.,Unk,25-34,Other,Unk,Male,Four,2001-2010,Improper Backing,25-34,Illness,Complaint,Female
6AM-12PM,No Control,FALSE,Straight-Level,Weekday,FALSE,Dark - Street Light,Unk,FALSE,Abnormal,Unk,No Info.,Unk,55-64,Normal,Unk,Male,One,1991-2000,No Violations,25-34,Unk,Severe,Male
12AM-6AM,Full Control,FALSE,Straight-Level,Weekend,FALSE,Dark - Street Light,Unk,FALSE,Clear,Unk,No Info.,Unk,35-44,Inattentive/Distracted,Unk,Male,One,1991-2000,Careless Operation,Unk,Normal,Complaint,Unk
12AM-6AM,Full Control,FALSE,Straight-Level,Weekend,FALSE,Dark - Street Light,Unk,FALSE,Clear,Unk,No Info.,Unk,35-44,Inattentive/Distracted,Unk,Male,One,1991-2000,Careless Operation,35-44,Normal,Moderate,Male
12AM-6AM,Unk,FALSE,Straight-Level,Weekend,TRUE,Dark - Street Light,Unk,TRUE,Clear,Unk,No Info.,Unk,Unk,Other,Unk,Female,One,1991-2000,Unk,25-34,Normal,Complaint,Male
12AM-6AM,No Control,FALSE,Straight-Level,Weekend,FALSE,Dark - Street Light,Unk,TRUE,Clear,Unk,No Info.,Unk,25-34,Normal,Unk,Female,One,1991-2000,No Violations,25-34,Inattentive/Distracted,Moderate,Female
12AM-6AM,No Control,FALSE,Straight-Level,Weekend,FALSE,Dark - Street Light,Unk,TRUE,Clear,Unk,No Info.,Unk,25-34,Normal,Unk,Female,One,1991-2000,No Violations,15-24,Inattentive/Distracted,Severe,Male
12AM-6AM,No Control,TRUE,Straight-Level,Weekend,FALSE,Dark - Street Light,Head-On,TRUE,Clear,Unk,No Info.,Unk,55-64,Impaired,Unk,Male,One,1990 and Before,Driver Condition,15-24,Normal,Complaint,Male
12AM-6AM,No Control,TRUE,Straight-Level,Weekend,FALSE,Dark - Street Light,Head-On,TRUE,Clear,Unk,No Info.,Unk,55-64,Impaired,Unk,Male,One,1990 and Before,Driver Condition,15-24,Inattentive/Distracted,Complaint,Male
6AM-12PM,No Control,FALSE,Straight-Level,Weekday,FALSE,Daylight,Single Vehicle,FALSE,Abnormal,Unk,No Info.,Unk,55-64,Normal,Unk,Male,One,2001-2010,No Violations,15-24,Inattentive/Distracted,Complaint,Female
6AM-12PM,No Control,FALSE,Straight-Level,Weekend,FALSE,Daylight,Single Vehicle,TRUE,Abnormal,5001-10000,Two,Very Wide,75-Inf,Normal,Unk,Female,One,2001-2010,No Violations,15-24,Normal,Complaint,Male
12PM-6PM,Unk,FALSE,Unk,Weekend,TRUE,Unk,Unk,TRUE,Unk,Unk,No Info.,Unk,Unk,Unk,Unk,Unk,One,Unk ,Unk,45-54,Normal,Complaint,Female
6AM-12PM,Unk,FALSE,Unk,Weekday,FALSE,Unk,Unk,FALSE,Unk,Unk,No Info.,Unk,25-34,Unk,Unk,Male,One,2001-2010,Unk,Unk,Normal,Complaint,Male
6PM-12AM,Full Control,TRUE,Straight-Level,Weekend,TRUE,Dark - Street Light,Unk,FALSE,Clear,Unk,No Info.,Unk,Unk,Other,Unk,Unk,One,Unk ,Careless Operation,Unk,Unk,No Injury,Unk
12PM-6PM,Full Control,FALSE,Unk,Weekend,TRUE,Daylight,Unk,TRUE,Clear,Unk,No Info.,Unk,Unk,Other,Unk,Unk,One,Unk ,No Violations,45-54,Normal,Moderate,Male
6PM-12AM,No Control,TRUE,Straight-Level,Weekday,FALSE,Dark - Street Light,Right Angle,TRUE,Clear,Unk,No Info.,Unk,25-34,Normal,Unk,Male,Two,2001-2010,No Violations,35-44,Impaired,Complaint,Female
12PM-6PM,No Control,FALSE,Straight-Level,Weekend,TRUE,Daylight,Head-On,FALSE,Clear,Unk,No Info.,Unk,Unk,Normal,Unk,Male,One,2001-2010,Careless Operation,Unk,Unk,Severe,Female
12PM-6PM,No Control,FALSE,Straight-Level,Weekday,TRUE,Daylight,Single Vehicle,FALSE,Clear,Unk,No Info.,Unk,Unk,Normal,Unk,Unk,One,Unk ,Disregarded Traffic Control,45-54,Normal,Complaint,Male
6PM-12AM,No Control,TRUE,On Grade,Weekday,FALSE,Dark - Street Light,Single Vehicle,FALSE,Abnormal,2001-5000,Two,Narrow,25-34,Normal,Not Distracted,Female,Two,1991-2000,No Violations,35-44,Impaired,Moderate,Male
6AM-12PM,No Control,FALSE,Straight-Level,Weekday,FALSE,Daylight,Unk,TRUE,Clear,Unk,No Info.,Unk,15-24,Normal,Not Distracted,Female,One,1991-2000,No Violations,Unk,Normal,Complaint,Female
12PM-6PM,No Control,FALSE,Straight-Level,Weekend,FALSE,Daylight,Unk,TRUE,Clear,2001-5000,Two,Wide,15-24,Normal,Not Distracted,Female,One,1991-2000,No Violations,15-24,Inattentive/Distracted,Severe,Male
6PM-12AM,Partial Control,TRUE,Straight-Level,Weekend,TRUE,Dark - Street Light,Unk,FALSE,Clear,Unk,No Info.,Unk,Unk,Unk,Unk,Unk,One,Unk ,Unk,35-44,Impaired,Moderate,Male
6AM-12PM,No Control,FALSE,Straight-Level,Weekend,FALSE,Daylight,Single Vehicle,TRUE,Clear,Unk,No Info.,Unk,15-24,Normal,Not Distracted,Female,One,1991-2000,No Violations,Unk,Inattentive/Distracted,No Injury,Male
6PM-12AM,Full Control,FALSE,Straight-Level,Weekday,FALSE,Dark - No Street Lights,Unk,FALSE,Clear,5001-10000,Two,Wide,25-34,Normal,Unk,Male,Two,1991-2000,No Violations,Unk,Inattentive/Distracted,Moderate,Female
6PM-12AM,No Control,FALSE,Straight-Level,Weekend,FALSE,Dark - No Street Lights,Right Angle,FALSE,Clear,Over 10000,Two,Wide,25-34,Normal,Not Distracted,Male,One,2001-2010,No Violations,55-64,Inattentive/Distracted,Severe,Male
6PM-12AM,No Control,FALSE,Straight-Level,Weekend,FALSE,Dark - No Street Lights,Single Vehicle,FALSE,Clear,Unk,No Info.,Unk,15-24,Normal,Not Distracted,Male,One,2001-2010,No Violations,Unk,Inattentive/Distracted,No Injury,Female
6PM-12AM,No Control,FALSE,Straight-Level,Weekend,TRUE,"Dusk, Dawn",Unk,FALSE,Abnormal,Unk,No Info.,Unk,Unk,Unk,Unk,Unk,One,Unk ,Unk,35-44,Normal,Complaint,Male
12PM-6PM,No Control,FALSE,Straight-Level,Weekend,FALSE,Daylight,Unk,TRUE,Clear,Unk,No Info.,Unk,55-64,Normal,Not Distracted,Male,One,2001-2010,No Violations,Unk,Inattentive/Distracted,Moderate,Female
6PM-12AM,No Control,FALSE,Straight-Level,Weekday,FALSE,Dark - Street Light,Right Angle,FALSE,Clear,Unk,No Info.,Unk,25-34,Normal,Unk,Male,One,1991-2000,No Violations,Unk,Inattentive/Distracted,Complaint,Male
12AM-6AM,No Control,FALSE,Curve-Level,Weekend,FALSE,Dark - Street Light,Unk,FALSE,Clear,Unk,No Info.,Unk,25-34,Inattentive/Distracted,Unk,Female,One,2001-2010,Careless Operation,25-34,Normal,Moderate,Male
12PM-6PM,No Control,FALSE,Straight-Level,Weekend,FALSE,Daylight,Right Angle,TRUE,Abnormal,Unk,No Info.,Unk,15-24,Normal,Unk,Male,One,1991-2000,Unk,55-64,Normal,Complaint,Female
6PM-12AM,Unk,TRUE,Straight-Level,Weekend,FALSE,Dark - Street Light,Sideswipe,TRUE,Clear,Unk,No Info.,Unk,15-24,Impaired,Not Distracted,Female,One,1991-2000,Driver Condition,35-44,Normal,Moderate,Male
12PM-6PM,No Control,FALSE,Straight-Level,Weekday,FALSE,Dark - Street Light,Right Angle,FALSE,Abnormal,Over 10000,Four,Very Wide,35-44,Inattentive/Distracted,Unk,Male,Two,1991-2000,Failure To Yield,55-64,Normal,Complaint,Female
12PM-6PM,Partial Control,FALSE,Straight-Level,Weekday,FALSE,Daylight,Right Angle,FALSE,Abnormal,Over 10000,Four,Very Wide,35-44,Inattentive/Distracted,Unk,Female,One,2001-2010,Unk,15-24,Inattentive/Distracted,Complaint,Female
6AM-12PM,No Control,FALSE,Straight-Level,Weekend,FALSE,Daylight,Unk,FALSE,Clear,Over 10000,Two,Wide,55-64,Normal,Not Distracted,Female,One,2001-2010,No Violations,65-74,Unk,Moderate,Female
12AM-6AM,No Control,FALSE,Straight-Level,Weekend,TRUE,"Dusk, Dawn",Unk,FALSE,Clear,Unk,No Info.,Unk,Unk,Unk,Unk,Unk,One,Unk ,Unk,25-34,Normal,Moderate,Male
12PM-6PM,No Control,FALSE,Straight-Level,Weekday,FALSE,Daylight,Unk,TRUE,Clear,Over 10000,Six,Very Wide,25-34,Unk,Unk,Female,One,1991-2000,Unk,15-24,Normal,Complaint,Male
12PM-6PM,No Control,FALSE,Straight-Level,Weekend,FALSE,Daylight,Unk,FALSE,Abnormal,Over 10000,Four,Very Wide,65-74,Normal,Not Distracted,Female,One,1991-2000,No Violations,45-54,Unk,Moderate,Female
6PM-12AM,No Control,FALSE,Straight-Level,Weekday,FALSE,Dark - Street Light,Unk,FALSE,Clear,Unk,No Info.,Unk,45-54,Normal,Not Distracted,Female,One,1991-2000,No Violations,Unk,Unk,Severe,Male
6PM-12AM,No Control,TRUE,Straight-Level,Weekend,FALSE,Dark - Street Light,Single Vehicle,FALSE,Clear,Unk,No Info.,Unk,25-34,Normal,Not Distracted,Male,One,2001-2010,No Violations,45-54,Impaired,Complaint,Male
12PM-6PM,No Control,FALSE,Straight-Level,Weekday,FALSE,Daylight,Unk,FALSE,Abnormal,Unk,No Info.,Unk,Unk,Unk,Unk,Unk,One,Unk ,Unk,15-24,Normal,Complaint,Female
12PM-6PM,No Control,FALSE,Straight-Level,Weekday,FALSE,Daylight,Unk,TRUE,Abnormal,Unk,No Info.,Unk,45-54,Normal,Not Distracted,Female,One,2001-2010,No Violations,Unk,Inattentive/Distracted,Moderate,Male
6AM-12PM,No Control,FALSE,Straight-Level,Weekend,FALSE,Daylight,Right Angle,TRUE,Clear,Unk,No Info.,Unk,45-54,Normal,Not Distracted,Female,One,1991-2000,No Violations,15-24,Inattentive/Distracted,Complaint,Male
6AM-12PM,No Control,FALSE,Straight-Level,Weekday,FALSE,Daylight,Single Vehicle,TRUE,Abnormal,Unk,No Info.,Unk,35-44,Normal,Not Distracted,Male,One,2001-2010,No Violations,Unk,Inattentive/Distracted,Complaint,Male
6PM-12AM,No Control,FALSE,Straight-Level,Weekday,FALSE,Daylight,Unk,TRUE,Clear,Unk,No Info.,Unk,25-34,Inattentive/Distracted,Not Distracted,Male,One,1991-2000,Careless Operation,35-44,Normal,Complaint,Male
12PM-6PM,No Control,FALSE,Straight-Level,Weekday,FALSE,Daylight,Single Vehicle,FALSE,Clear,Unk,No Info.,Unk,35-44,Normal,Not Distracted,Female,One,1991-2000,No Violations,Unk,Unk,Moderate,Male
12PM-6PM,No Control,FALSE,Straight-Level,Weekend,FALSE,Daylight,Single Vehicle,FALSE,Clear,Unk,No Info.,Unk,15-24,Inattentive/Distracted,Not Distracted,Male,Two,1991-2000,Careless Operation,55-64,Unk,Complaint,Male
6AM-12PM,No Control,FALSE,Straight-Level,Weekend,TRUE,Daylight,Single Vehicle,TRUE,Clear,Unk,No Info.,Unk,Unk,Unk,Unk,Unk,One,Unk ,Unk,25-34,Normal,Complaint,Male
6AM-12PM,No Control,FALSE,Straight-Level,Weekday,FALSE,Daylight,Single Vehicle,TRUE,Abnormal,Unk,No Info.,Unk,45-54,Normal,Not Distracted,Female,One,2001-2010,No Violations,Unk,Unk,No Injury,Unk
12PM-6PM,No Control,FALSE,Straight-Level,Weekday,TRUE,Daylight,Sideswipe,TRUE,Abnormal,Unk,No Info.,Unk,Unk,Unk,Unk,Unk,One,Unk ,Disregarded Traffic Control,Unk,Normal,No Injury,Unk
12PM-6PM,No Control,FALSE,Straight-Level,Weekend,FALSE,Daylight,Single Vehicle,TRUE,Clear,Unk,No Info.,Unk,35-44,Normal,Not Distracted,Male,One,2001-2010,No Violations,Unk,Inattentive/Distracted,Moderate,Male
12PM-6PM,No Control,FALSE,Straight-Level,Weekday,FALSE,Daylight,Right Angle,FALSE,Clear,Unk,No Info.,Unk,55-64,Normal,Not Distracted,Male,One,1991-2000,No Violations,Unk,Unk,Moderate,Female
12PM-6PM,No Control,FALSE,Straight-Level,Weekend,FALSE,Dark - Street Light,Unk,FALSE,Clear,5001-10000,Two,Wide,15-24,Normal,Unk,Male,One,1990 and Before,Unk,Unk,Unk,No Injury,Unk
6PM-12AM,No Control,FALSE,Straight-Level,Weekday,FALSE,Dark - Street Light,Single Vehicle,FALSE,Abnormal,Over 10000,Four,Very Wide,45-54,Normal,Not Distracted,Male,One,2001-2010,No Violations,45-54,Unk,Moderate,Male
12PM-6PM,No Control,FALSE,Straight-Level,Weekday,FALSE,Daylight,Single Vehicle,FALSE,Clear,Unk,No Info.,Unk,15-24,Normal,Not Distracted,Female,One,2001-2010,No Violations,15-24,Unk,Moderate,Male
12PM-6PM,No Control,FALSE,Straight-Level,Weekday,FALSE,Daylight,Unk,FALSE,Clear,Unk,No Info.,Unk,15-24,Inattentive/Distracted,Outside Vehicle,Male,One,1991-2000,Careless Operation,15-24,Inattentive/Distracted,Moderate,Male
6AM-12PM,No Control,FALSE,Straight-Level,Weekday,FALSE,Daylight,Single Vehicle,TRUE,Clear,Unk,No Info.,Unk,25-34,Normal,Not Distracted,Female,Five or more,1991-2000,No Violations,Unk,Inattentive/Distracted,Complaint,Male
12PM-6PM,No Control,FALSE,Straight-Level,Weekend,FALSE,Daylight,Single Vehicle,FALSE,Clear,Unk,No Info.,Unk,45-54,Normal,Not Distracted,Female,One,1991-2000,No Violations,Unk,Unk,Complaint,Male
6PM-12AM,No Control,FALSE,Straight-Level,Weekday,FALSE,Daylight,Single Vehicle,FALSE,Clear,Unk,No Info.,Unk,15-24,Normal,Not Distracted,Male,One,2001-2010,No Violations,Unk,Inattentive/Distracted,Complaint,Male
6PM-12AM,No Control,FALSE,Straight-Level,Weekday,FALSE,Dark - No Street Lights,Unk,FALSE,Clear,Over 10000,Two,Wide,45-54,Normal,Not Distracted,Female,Two,1991-2000,No Violations,15-24,Unk,Severe,Female
6PM-12AM,No Control,FALSE,Straight-Level,Weekend,FALSE,Dark - Street Light,Unk,FALSE,Clear,Over 10000,Two,Wide,45-54,Inattentive/Distracted,Outside Vehicle,Male,One,2001-2010,Failure To Yield,45-54,Normal,Moderate,Male
12PM-6PM,No Control,FALSE,Straight-Level,Weekday,FALSE,Daylight,Single Vehicle,TRUE,Abnormal,Over 10000,Four,Very Wide,45-54,Normal,Not Distracted,Female,Two,2001-2010,Unk,15-24,Unk,Complaint,Male
6PM-12AM,No Control,FALSE,Straight-Level,Weekday,TRUE,Dark - No Street Lights,Unk,FALSE,Clear,Unk,No Info.,Unk,Unk,Unk,Unk,Unk,One,Unk ,Unk,35-44,Unk,Moderate,Male
6AM-12PM,No Control,FALSE,Straight-Level,Weekend,FALSE,Daylight,Unk,TRUE,Clear,Over 10000,Four,Very Wide,35-44,Normal,Not Distracted,Female,One,1991-2000,No Violations,Unk,Inattentive/Distracted,Complaint,Male
6AM-12PM,No Control,FALSE,Straight-Level,Weekday,FALSE,Daylight,Single Vehicle,TRUE,Clear,Unk,No Info.,Unk,25-34,Inattentive/Distracted,Outside Vehicle,Female,Two,2001-2010,Failure To Yield,15-24,Normal,Severe,Female
12PM-6PM,No Control,FALSE,Straight-Level,Weekend,FALSE,Daylight,Unk,TRUE,Clear,Over 10000,Four,Very Wide,45-54,Normal,Not Distracted,Male,One,2001-2010,No Violations,Unk,Normal,Moderate,Male
6AM-12PM,No Control,FALSE,Straight-Level,Weekday,TRUE,Daylight,Unk,FALSE,Clear,Unk,No Info.,Unk,Unk,Unk,Unk,Unk,One,1991-2000,Unk,Unk,Unk,Moderate,Female
12PM-6PM,Partial Control,FALSE,Straight-Level,Weekend,TRUE,Dark - Street Light,Unk,TRUE,Abnormal,Over 10000,Four,Very Wide,Unk,Unk,Unk,Unk,One,Unk ,Unk,55-64,Normal,No Injury,Male
12PM-6PM,Partial Control,FALSE,Straight-Level,Weekday,FALSE,Daylight,Unk,FALSE,Clear,Unk,No Info.,Unk,15-24,Normal,Not Distracted,Female,Three,2001-2010,No Violations,Unk,Inattentive/Distracted,Complaint,Female
12AM-6AM,No Control,TRUE,Straight-Level,Weekend,TRUE,Dark - Street Light,Single Vehicle,TRUE,Clear,Unk,No Info.,Unk,15-24,Inattentive/Distracted,Unk,Male,One,1991-2000,Driver Condition,35-44,Unk,Fatal,Female
6PM-12AM,No Control,FALSE,Straight-Level,Weekend,TRUE,Dark - Street Light,Head-On,TRUE,Clear,2001-5000,Two,Narrow,25-34,Unk,Unk,Male,One,1991-2000,Careless Operation,15-24,Normal,Moderate,Male
12AM-6AM,No Control,FALSE,Straight-Level,Weekday,FALSE,Daylight,Single Vehicle,TRUE,Clear,Unk,No Info.,Unk,25-34,Normal,Not Distracted,Male,Two,1990 and Before,No Violations,Unk,Inattentive/Distracted,Moderate,Male
6AM-12PM,Partial Control,FALSE,Straight-Level,Weekday,FALSE,Daylight,Unk,TRUE,Clear,Over 10000,Four,Very Wide,55-64,Inattentive/Distracted,Not Distracted,Male,One,2001-2010,Disregarded Traffic Control,25-34,Normal,Severe,Female
6PM-12AM,No Control,FALSE,Straight-Level,Weekday,FALSE,Dark - No Street Lights,Single Vehicle,TRUE,Clear,Over 10000,Two,Wide,25-34,Normal,Not Distracted,Male,Two,1990 and Before,No Violations,65-74,Normal,Complaint,Male
6AM-12PM,No Control,FALSE,Straight-Level,Weekday,TRUE,Daylight,Unk,TRUE,Clear,Over 10000,Six,Very Wide,Unk,Unk,Unk,Unk,One,2001-2010,Unk,55-64,Normal,Moderate,Female
6AM-12PM,No Control,FALSE,Straight-Level,Weekday,FALSE,Daylight,Right Angle,TRUE,Clear,Unk,No Info.,Unk,35-44,Other,Not Distracted,Female,One,1991-2000,Failure To Yield,25-34,Normal,Complaint,Male
12PM-6PM,No Control,FALSE,Straight-Level,Weekend,TRUE,Daylight,Unk,FALSE,Clear,Unk,No Info.,Unk,25-34,Normal,Not Distracted,Female,One,1991-2000,Unk,15-24,Unk,Complaint,Female
6PM-12AM,No Control,FALSE,Straight-Level,Weekend,FALSE,Dark - Street Light,Unk,FALSE,Clear,Unk,No Info.,Unk,45-54,Normal,Not Distracted,Male,One,1991-2000,No Violations,Unk,Inattentive/Distracted,Complaint,Male
12AM-6AM,Partial Control,FALSE,Straight-Level,Weekend,FALSE,Dark - Street Light,Sideswipe,FALSE,Clear,Over 10000,Four,Very Wide,25-34,Normal,Not Distracted,Male,One,1991-2000,No Violations,55-64,Inattentive/Distracted,Complaint,Male
6PM-12AM,No Control,TRUE,Straight-Level,Weekday,TRUE,Dark - No Street Lights,Unk,TRUE,Abnormal,Unk,No Info.,Unk,45-54,Impaired,Unk,Male,One,1990 and Before,Driver Condition,15-24,Inattentive/Distracted,Moderate,Female