Hour,Access,Alcohol,Align,Day,Hit,Light,Collision,Interection,Weather,ADT,Num Lanes,Pav Width,Dr Age,Dr Cond.,Dr Distract,Dr Gender,Num Occ,Veh Year,Violations,Ped Age,Ped Cond.,Ped Inj.,Ped Gender
12AM-6AM,No Control,TRUE,Straight-Level,Weekend,FALSE,Dark - Street Light,Unk,TRUE,Clear,Unk,No Info.,Unk,65-74,Impaired,Unk,Male,One,1991-2000,Driver Condition,55-64,Impaired,Severe,Male
6PM-12AM,Unk,FALSE,Straight-Level,Weekend,FALSE,Dark - Street Light,Unk,FALSE,Abnormal,Over 10000,Four,Very Wide,65-74,Inattentive/Distracted,Not Distracted,Male,One,1990 and Before,Failure To Yield,35-44,Unk,Complaint,Male
6PM-12AM,No Control,TRUE,Straight-Level,Weekend,FALSE,Dark - Street Light,Single Vehicle,FALSE,Clear,Over 10000,Two,Wide,25-34,Normal,Not Distracted,Male,Two,1990 and Before,No Violations,35-44,Impaired,Severe,Female
6PM-12AM,No Control,FALSE,Straight-Level,Weekday,FALSE,Daylight,Single Vehicle,FALSE,Clear,2001-5000,Two,Wide,55-64,Normal,Not Distracted,Female,Two,1991-2000,No Violations,45-54,Unk,Severe,Female
6AM-12PM,No Control,FALSE,Straight-Level,Weekday,TRUE,Daylight,Single Vehicle,FALSE,Clear,Unk,No Info.,Unk,Unk,Unk,Unk,Female,One,Unk ,Careless Operation,15-24,Normal,Complaint,Female
6PM-12AM,No Control,TRUE,Straight-Level,Weekend,FALSE,Unk,Rear End,FALSE,Clear,5001-10000,Two,Wide,15-24,Normal,Not Distracted,Male,Three,1991-2000,No Violations,25-34,Unk,Severe,Male
6AM-12PM,No Control,FALSE,Straight-Level,Weekday,FALSE,Daylight,Single Vehicle,FALSE,Abnormal,Unk,No Info.,Unk,65-74,Normal,Not Distracted,Male,One,2001-2010,Failure To Yield,55-64,Normal,Complaint,Female
6PM-12AM,No Control,TRUE,Straight-Level,Weekday,FALSE,Dark - No Street Lights,Unk,FALSE,Clear,Over 10000,Four,Very Wide,55-64,Normal,Not Distracted,Male,One,2001-2010,No Violations,45-54,Impaired,Moderate,Male
12PM-6PM,No Control,FALSE,Straight-Level,Weekday,FALSE,Daylight,Unk,TRUE,Clear,Over 10000,Four,Very Wide,45-54,Inattentive/Distracted,Not Distracted,Female,One,2001-2010,No Violations,65-74,Inattentive/Distracted,No Injury,Male
6PM-12AM,No Control,TRUE,Straight-Level,Weekday,TRUE,Dark - Street Light,Single Vehicle,FALSE,Clear,5001-10000,Four,Very Wide,45-54,Impaired,Unk,Male,One,1991-2000,Driver Condition,15-24,Normal,Fatal,Male
6AM-12PM,No Control,FALSE,Straight-Level,Weekday,FALSE,Daylight,Unk,TRUE,Clear,Over 10000,Four,Very Wide,Unk,Unk,Unk,Unk,Unk,Unk ,Unk,25-34,Unk,Moderate,Male
12AM-6AM,No Control,FALSE,Straight-Level,Weekend,FALSE,Dark - No Street Lights,Single Vehicle,FALSE,Abnormal,Unk,No Info.,Unk,15-24,Normal,Not Distracted,Male,Three,1991-2000,No Violations,15-24,Inattentive/Distracted,Moderate,Female
12AM-6AM,No Control,FALSE,Straight-Level,Weekend,TRUE,Daylight,Single Vehicle,FALSE,Abnormal,Unk,No Info.,Unk,15-24,Inattentive/Distracted,Unk,Male,Two,1991-2000,Unk,15-24,Unk,Complaint,Female
12PM-6PM,Partial Control,FALSE,Straight-Level,Weekday,FALSE,Daylight,Single Vehicle,FALSE,Clear,Unk,No Info.,Unk,15-24,Normal,Not Distracted,Female,One,1991-2000,Unk,25-34,Normal,Complaint,Female
12AM-6AM,No Control,FALSE,Straight-Level,Weekday,TRUE,Daylight,Unk,FALSE,Clear,Unk,No Info.,Unk,15-24,Unk,Unk,Male,One,2001-2010,Unk,15-24,Unk,Complaint,Male
6PM-12AM,Unk,FALSE,Straight-Level,Weekday,FALSE,Unk,Single Vehicle,FALSE,Clear,Unk,No Info.,Unk,55-64,Inattentive/Distracted,Unk,Male,Two,2001-2010,Improper Parking,15-24,Normal,No Injury,Male
6PM-12AM,Partial Control,FALSE,Straight-Level,Weekday,FALSE,Dark - Street Light,Unk,TRUE,Clear,Unk,No Info.,Unk,Unk,Unk,Unk,Unk,Unk,Unk ,Unk,35-44,Unk,Moderate,Female
12PM-6PM,No Control,FALSE,Straight-Level,Weekday,FALSE,Daylight,Single Vehicle,TRUE,Abnormal,Over 10000,Two,Narrow,25-34,Inattentive/Distracted,Unk,Female,One,1991-2000,Failure To Yield,75-Inf,Unk,No Injury,Male
6AM-12PM,No Control,FALSE,Straight-Level,Weekday,FALSE,Daylight,Unk,FALSE,Clear,Unk,No Info.,Unk,15-24,Normal,Not Distracted,Female,One,1991-2000,No Violations,Unk,Unk,Complaint,Unk
6PM-12AM,No Control,FALSE,Straight-Level,Weekend,FALSE,Dark - Street Light,Single Vehicle,TRUE,Clear,Unk,No Info.,Unk,15-24,Inattentive/Distracted,Not Distracted,Female,Two,1991-2000,Failure To Yield,15-24,Inattentive/Distracted,Severe,Female
12PM-6PM,No Control,FALSE,Straight-Level,Weekend,FALSE,Daylight,Right Angle,FALSE,Abnormal,Unk,No Info.,Unk,45-54,Normal,Not Distracted,Male,One,1991-2000,No Violations,Unk,Inattentive/Distracted,Complaint,Male
12PM-6PM,Partial Control,FALSE,Straight-Level,Weekday,FALSE,Daylight,Single Vehicle,FALSE,Clear,Unk,No Info.,Unk,15-24,Normal,Not Distracted,Male,One,1991-2000,Unk,15-24,Unk,Complaint,Female
12PM-6PM,No Control,FALSE,Straight-Level,Weekday,FALSE,Daylight,Single Vehicle,FALSE,Clear,Unk,No Info.,Unk,25-34,Normal,Not Distracted,Male,One,1991-2000,No Violations,Unk,Inattentive/Distracted,Moderate,Male
6AM-12PM,Full Control,FALSE,Straight-Level,Weekday,FALSE,Daylight,Single Vehicle,FALSE,Clear,Over 10000,Four,Very Wide,Unk,Normal,Not Distracted,Male,One,1991-2000,No Violations,Unk,Unk,No Injury,Male
12PM-6PM,No Control,FALSE,Straight-Level,Weekday,TRUE,Daylight,Unk,FALSE,Abnormal,Unk,No Info.,Unk,35-44,Unk,Unk,Female,One,2001-2010,Unk,75-Inf,Normal,No Injury,Unk
12PM-6PM,No Control,FALSE,Straight-Level,Weekday,FALSE,Daylight,Single Vehicle,FALSE,Clear,Over 10000,Four,Very Wide,35-44,Normal,Not Distracted,Male,One,1991-2000,No Violations,25-34,Inattentive/Distracted,Moderate,Male
6PM-12AM,No Control,FALSE,Straight-Level,Weekday,TRUE,Daylight,Unk,TRUE,Clear,Unk,No Info.,Unk,15-24,Unk,Unk,Male,One,1991-2000,Unk,25-34,Normal,Complaint,Male
6AM-12PM,Partial Control,FALSE,Straight-Level,Weekday,TRUE,Daylight,Right Angle,TRUE,Abnormal,5001-10000,Two,Narrow,Unk,Unk,Unk,Male,One,Unk ,Unk,Unk,Normal,No Injury,Female
6PM-12AM,No Control,FALSE,Straight-Level,Weekday,TRUE,Dark - Street Light,Unk,FALSE,Abnormal,Over 10000,Four,Very Wide,Unk,Unk,Unk,Unk,One,Unk ,Unk,45-54,Normal,Complaint,Male
6PM-12AM,No Control,FALSE,Straight-Level,Weekday,TRUE,Dark - Street Light,Unk,FALSE,Abnormal,Over 10000,Four,Very Wide,Unk,Unk,Unk,Unk,One,Unk ,Unk,45-54,Normal,Moderate,Female
6PM-12AM,No Control,FALSE,Straight-Level,Weekday,TRUE,Dark - Street Light,Unk,FALSE,Abnormal,Over 10000,Four,Very Wide,Unk,Unk,Unk,Unk,One,Unk ,Unk,45-54,Normal,Complaint,Male
12PM-6PM,Full Control,FALSE,Straight-Level,Weekend,FALSE,Daylight,Unk,FALSE,Clear,Unk,No Info.,Unk,25-34,Normal,Not Distracted,Female,Three,1991-2000,No Violations,Unk,Normal,No Injury,Unk
6PM-12AM,Partial Control,FALSE,Straight-Level,Weekend,TRUE,Dark - Street Light,Unk,TRUE,Clear,Unk,No Info.,Unk,Unk,Unk,Unk,Male,One,Unk ,Unk,Unk,Unk,No Injury,Unk
6AM-12PM,No Control,FALSE,Straight-Level,Weekday,FALSE,Daylight,Unk,TRUE,Clear,Unk,No Info.,Unk,Unk,Unk,Unk,Unk,One,1991-2000,Unk,Unk,Inattentive/Distracted,Complaint,Unk
12AM-6AM,No Control,FALSE,Straight-Level,Weekend,TRUE,Dark - Street Light,Single Vehicle,FALSE,Abnormal,Unk,No Info.,Unk,Unk,Unk,Unk,Unk,One,Unk ,Unk,15-24,Normal,Complaint,Male
6PM-12AM,No Control,FALSE,Straight-Level,Weekday,TRUE,"Dusk, Dawn",Single Vehicle,FALSE,Clear,Unk,No Info.,Unk,15-24,Unk,Unk,Male,One,1991-2000,Unk,25-34,Unk,Severe,Male
6PM-12AM,No Control,FALSE,Straight-Level,Weekday,TRUE,"Dusk, Dawn",Single Vehicle,FALSE,Clear,Unk,No Info.,Unk,15-24,Unk,Unk,Male,One,1991-2000,Unk,15-24,Unk,Severe,Male
12AM-6AM,No Control,TRUE,Straight-Level,Weekday,FALSE,Dark - Street Light,Rear End,TRUE,Clear,Over 10000,Four,Very Wide,35-44,Impaired,Not Distracted,Male,One,1991-2000,Careless Operation,15-24,Normal,Moderate,Male
6PM-12AM,No Control,FALSE,Straight-Level,Weekend,FALSE,Dark - No Street Lights,Single Vehicle,FALSE,Clear,Over 10000,Four,Very Wide,25-34,Normal,Not Distracted,Male,Three,1991-2000,No Violations,35-44,Unk,Severe,Male
6AM-12PM,Partial Control,FALSE,Straight-Level,Weekend,FALSE,Daylight,Right Angle,FALSE,Clear,Unk,No Info.,Unk,Unk,Normal,Not Distracted,Male,One,1991-2000,No Violations,75-Inf,Unk,Complaint,Unk
6PM-12AM,No Control,FALSE,Straight-Level,Weekend,FALSE,Dark - No Street Lights,Single Vehicle,TRUE,Abnormal,Unk,No Info.,Unk,15-24,Inattentive/Distracted,Unk,Male,One,1991-2000,Failure To Yield,15-24,Unk,Complaint,Female
12PM-6PM,No Control,FALSE,Straight-Level,Weekend,FALSE,Daylight,Single Vehicle,FALSE,Clear,Over 10000,Four,Very Wide,25-34,Normal,Not Distracted,Female,One,1991-2000,No Violations,Unk,Inattentive/Distracted,Complaint,Female
12AM-6AM,Partial Control,FALSE,Straight-Level,Weekday,FALSE,Dark - Street Light,Unk,FALSE,Clear,Unk,No Info.,Unk,35-44,Normal,Not Distracted,Male,One,1990 and Before,No Violations,15-24,Inattentive/Distracted,Moderate,Male
12PM-6PM,No Control,FALSE,Straight-Level,Weekend,FALSE,Daylight,Single Vehicle,FALSE,Clear,Over 10000,Four,Very Wide,45-54,Inattentive/Distracted,Not Distracted,Female,One,2001-2010,Failure To Yield,55-64,Normal,Complaint,Male
6AM-12PM,No Control,FALSE,Straight-Level,Weekday,FALSE,Daylight,Unk,TRUE,Clear,Unk,No Info.,Unk,55-64,Inattentive/Distracted,Unk,Female,Two,1991-2000,Failure To Yield,25-34,Unk,Moderate,Female
6PM-12AM,No Control,FALSE,Straight-Level,Weekend,FALSE,Dark - Street Light,Rear End,FALSE,Clear,Over 10000,Six,Very Wide,Unk,Unk,Unk,Unk,Unk,Unk ,Unk,75-Inf,Inattentive/Distracted,No Injury,Unk
12PM-6PM,No Control,TRUE,Straight-Level,Weekend,FALSE,Daylight,Rear End,FALSE,Abnormal,Unk,No Info.,Unk,65-74,Normal,Not Distracted,Female,One,1991-2000,No Violations,35-44,Impaired,Complaint,Male
12PM-6PM,Unk,FALSE,Straight-Level,Weekday,FALSE,Daylight,Single Vehicle,TRUE,Abnormal,Over 10000,Four,Very Wide,25-34,Normal,Not Distracted,Female,One,1991-2000,No Violations,45-54,Unk,No Injury,Male
12PM-6PM,Partial Control,FALSE,Straight-Level,Weekday,TRUE,Daylight,Single Vehicle,FALSE,Abnormal,Unk,No Info.,Unk,65-74,Unk,Unk,Female,One,1991-2000,Unk,15-24,Normal,No Injury,Female
12PM-6PM,Partial Control,FALSE,Straight-Level,Weekday,TRUE,Daylight,Single Vehicle,FALSE,Abnormal,Unk,No Info.,Unk,65-74,Unk,Unk,Female,One,1991-2000,Unk,Unk,Normal,Moderate,Female
6PM-12AM,No Control,FALSE,Straight-Level,Weekend,FALSE,Daylight,Single Vehicle,FALSE,Clear,Unk,No Info.,Unk,75-Inf,Normal,Not Distracted,Male,One,1991-2000,No Violations,Unk,Inattentive/Distracted,Severe,Female
6PM-12AM,No Control,FALSE,Straight-Level,Weekend,FALSE,Daylight,Right Angle,FALSE,Abnormal,Unk,No Info.,Unk,15-24,Normal,Not Distracted,Male,One,1990 and Before,Unk,Unk,Inattentive/Distracted,Complaint,Male
6AM-12PM,No Control,FALSE,Straight-Level,Weekend,FALSE,Daylight,Single Vehicle,TRUE,Clear,Unk,No Info.,Unk,65-74,Normal,Not Distracted,Male,One,1990 and Before,No Violations,75-Inf,Inattentive/Distracted,No Injury,Unk
6AM-12PM,No Control,FALSE,Straight-Level,Weekday,FALSE,Daylight,Single Vehicle,FALSE,Clear,Over 10000,Four,Very Wide,Unk,Unk,Unk,Unk,Unk,Unk ,Unk,35-44,Illness,Moderate,Male
12AM-6AM,No Control,TRUE,Straight-Level,Weekend,FALSE,Dark - Street Light,Unk,FALSE,Abnormal,Unk,No Info.,Unk,35-44,Impaired,Outside Vehicle,Male,Two,1991-2000,Driver Condition,25-34,Impaired,Complaint,Male
6AM-12PM,No Control,FALSE,Straight-Level,Weekday,FALSE,Daylight,Single Vehicle,TRUE,Clear,Over 10000,Four,Very Wide,Unk,Unk,Unk,Unk,Unk,Unk ,Unk,25-34,Inattentive/Distracted,Complaint,Female
6PM-12AM,No Control,FALSE,Straight-Level,Weekend,TRUE,Dark - No Street Lights,Unk,FALSE,Clear,Unk,No Info.,Unk,Unk,Unk,Unk,Unk,One,Unk ,Unk,15-24,Inattentive/Distracted,Complaint,Male
6PM-12AM,No Control,TRUE,Straight-Level,Weekend,FALSE,Dark - Street Light,Single Vehicle,TRUE,Abnormal,Over 10000,Four,Very Wide,65-74,Normal,Not Distracted,Male,One,1991-2000,No Violations,Unk,Inattentive/Distracted,Complaint,Male
6PM-12AM,No Control,TRUE,Straight-Level,Weekend,FALSE,Dark - Street Light,Single Vehicle,TRUE,Abnormal,Over 10000,Four,Very Wide,65-74,Normal,Not Distracted,Male,One,1991-2000,No Violations,Unk,Inattentive/Distracted,Severe,Male
6PM-12AM,No Control,TRUE,Straight-Level,Weekend,FALSE,Dark - Street Light,Single Vehicle,TRUE,Abnormal,Over 10000,Four,Very Wide,65-74,Normal,Not Distracted,Male,One,1991-2000,No Violations,45-54,Inattentive/Distracted,Severe,Male
12PM-6PM,No Control,FALSE,Straight-Level,Weekday,FALSE,"Dusk, Dawn",Unk,FALSE,Clear,Unk,No Info.,Unk,35-44,Normal,Not Distracted,Male,One,1991-2000,No Violations,Unk,Inattentive/Distracted,Complaint,Male
12PM-6PM,No Control,FALSE,Straight-Level,Weekend,FALSE,Daylight,Unk,FALSE,Clear,Unk,No Info.,Unk,15-24,Inattentive/Distracted,Not Distracted,Female,One,1991-2000,Improper Backing,Unk,Unk,Severe,Male
6AM-12PM,No Control,FALSE,Straight-Level,Weekday,TRUE,Daylight,Unk,TRUE,Clear,Unk,No Info.,Unk,25-34,Normal,Not Distracted,Female,One,1991-2000,Careless Operation,15-24,Normal,Moderate,Male
12PM-6PM,No Control,FALSE,Straight-Level,Weekday,FALSE,Daylight,Unk,FALSE,Clear,Unk,No Info.,Unk,35-44,Normal,Not Distracted,Female,Two,1991-2000,No Violations,15-24,Inattentive/Distracted,Complaint,Female
6AM-12PM,No Control,FALSE,Straight-Level,Weekday,FALSE,Daylight,Single Vehicle,TRUE,Clear,Unk,No Info.,Unk,45-54,Inattentive/Distracted,Inside Vehi.,Female,Three,1991-2000,Unk,15-24,Inattentive/Distracted,Moderate,Female
12PM-6PM,No Control,FALSE,Straight-Level,Weekday,FALSE,Dark - Street Light,Single Vehicle,FALSE,Abnormal,2001-5000,Four,Very Wide,25-34,Normal,Not Distracted,Female,One,2001-2010,No Violations,35-44,Inattentive/Distracted,Severe,Male
6PM-12AM,No Control,FALSE,Straight-Level,Weekend,FALSE,Dark - No Street Lights,Rear End,FALSE,Clear,Over 10000,Four,Very Wide,35-44,Inattentive/Distracted,Not Distracted,Male,One,1991-2000,Following Too Closely,75-Inf,Normal,No Injury,Unk
12PM-6PM,No Control,FALSE,Straight-Level,Weekday,FALSE,Daylight,Rear End,TRUE,Clear,Over 10000,Four,Very Wide,35-44,Inattentive/Distracted,Not Distracted,Male,One,1991-2000,Following Too Closely,75-Inf,Inattentive/Distracted,No Injury,Unk
6PM-12AM,No Control,FALSE,Straight-Level,Weekday,TRUE,Daylight,Single Vehicle,TRUE,Clear,Unk,No Info.,Unk,Unk,Unk,Unk,Unk,One,Unk ,Disregarded Traffic Control,Unk,Unk,Moderate,Female
6PM-12AM,No Control,FALSE,Straight-Level,Weekday,TRUE,Daylight,Single Vehicle,TRUE,Clear,Unk,No Info.,Unk,Unk,Unk,Unk,Unk,One,Unk ,Disregarded Traffic Control,65-74,Unk,Moderate,Male
6PM-12AM,No Control,TRUE,Straight-Level,Weekday,FALSE,Dark - Street Light,Right Angle,TRUE,Clear,Unk,No Info.,Unk,25-34,Impaired,Not Distracted,Male,One,Unk ,No Violations,15-24,Unk,Severe,Female
6PM-12AM,No Control,FALSE,Straight-Level,Weekday,FALSE,Daylight,Unk,TRUE,Clear,Unk,No Info.,Unk,Unk,Unk,Unk,Unk,One,Unk ,Unk,Unk,Inattentive/Distracted,No Injury,Male
6AM-12PM,No Control,FALSE,Straight-Level,Weekday,TRUE,Daylight,Unk,FALSE,Clear,Unk,No Info.,Unk,Unk,Inattentive/Distracted,Cell Phone,Unk,One,1990 and Before,Careless Operation,35-44,Normal,Complaint,Male
12AM-6AM,No Control,FALSE,Straight-Level,Weekend,TRUE,Dark - Street Light,Single Vehicle,FALSE,Clear,Over 10000,Four,Very Wide,Unk,Unk,Unk,Unk,One,Unk ,"Failed To Set Out Flags, Flares",15-24,Normal,Complaint,Female
6PM-12AM,No Control,TRUE,Straight-Level,Weekend,TRUE,Dark - No Street Lights,Single Vehicle,FALSE,Clear,Unk,No Info.,Unk,Unk,Unk,Unk,Unk,One,Unk ,Unk,25-34,Unk,Severe,Female
6PM-12AM,No Control,FALSE,Straight-Level,Weekend,FALSE,Daylight,Unk,TRUE,Abnormal,Unk,No Info.,Unk,45-54,Normal,Not Distracted,Male,Two,2001-2010,No Violations,Unk,Inattentive/Distracted,No Injury,Male
6PM-12AM,No Control,FALSE,Straight-Level,Weekday,TRUE,"Dusk, Dawn",Unk,FALSE,Abnormal,Unk,No Info.,Unk,55-64,Normal,Not Distracted,Female,One,1991-2000,No Violations,15-24,Normal,Complaint,Male
12PM-6PM,No Control,FALSE,Straight-Level,Weekend,FALSE,Daylight,Unk,FALSE,Clear,Over 10000,Four,Very Wide,25-34,Normal,Not Distracted,Female,Two,2001-2010,No Violations,25-34,Inattentive/Distracted,Complaint,Male
12PM-6PM,No Control,TRUE,Straight-Level,Weekday,TRUE,Daylight,Unk,TRUE,Clear,Unk,No Info.,Unk,15-24,Inattentive/Distracted,Unk,Female,One,1991-2000,Failure To Yield,75-Inf,Normal,No Injury,Unk
6PM-12AM,No Control,FALSE,Straight-Level,Weekend,FALSE,Daylight,Single Vehicle,FALSE,Clear,Unk,No Info.,Unk,35-44,Normal,Not Distracted,Female,Two,1991-2000,No Violations,Unk,Unk,Moderate,Male
6PM-12AM,Unk,FALSE,Straight-Level,Weekend,TRUE,Daylight,Unk,TRUE,Abnormal,Unk,No Info.,Unk,Unk,Unk,Unk,Unk,One,Unk ,Unk,15-24,Unk,No Injury,Male
12PM-6PM,No Control,FALSE,Straight-Level,Weekend,FALSE,Daylight,Single Vehicle,FALSE,Clear,Unk,No Info.,Unk,25-34,Normal,Unk,Female,Two,2001-2010,No Violations,15-24,Normal,Complaint,Female
6PM-12AM,No Control,TRUE,Straight-Level,Weekend,FALSE,Dark - No Street Lights,Unk,FALSE,Clear,2001-5000,Two,Narrow,25-34,Impaired,Not Distracted,Female,Three,2001-2010,No Violations,35-44,Unk,Fatal,Male
6PM-12AM,No Control,FALSE,Straight-Level,Weekday,FALSE,Dark - Street Light,Unk,TRUE,Clear,Over 10000,Four,Very Wide,25-34,Normal,Not Distracted,Female,Two,2001-2010,No Violations,Unk,Unk,Fatal,Male
12AM-6AM,No Control,TRUE,Straight-Level,Weekday,FALSE,Dark - Street Light,Unk,TRUE,Clear,Unk,No Info.,Unk,15-24,Normal,Not Distracted,Male,One,2001-2010,No Violations,15-24,Inattentive/Distracted,Complaint,Male
6AM-12PM,No Control,FALSE,Straight-Level,Weekend,TRUE,Daylight,Unk,TRUE,Clear,Unk,No Info.,Unk,Unk,Unk,Unk,Unk,One,1991-2000,Unk,35-44,Normal,Complaint,Male
6PM-12AM,No Control,FALSE,Straight-Level,Weekend,FALSE,Daylight,Single Vehicle,TRUE,Abnormal,Unk,No Info.,Unk,15-24,Inattentive/Distracted,Inside Vehi.,Male,One,1991-2000,No Violations,Unk,Inattentive/Distracted,Moderate,Male
12PM-6PM,No Control,FALSE,Straight-Level,Weekday,TRUE,Daylight,Right Angle,TRUE,Clear,Unk,No Info.,Unk,Unk,Unk,Unk,Unk,One,Unk ,Failure To Yield,25-34,Unk,Complaint,Male
12PM-6PM,No Control,FALSE,Straight-Level,Weekday,FALSE,Daylight,Unk,FALSE,Clear,Unk,No Info.,Unk,65-74,Normal,Not Distracted,Male,One,2001-2010,Unk,25-34,Unk,Complaint,Male
12PM-6PM,No Control,FALSE,Straight-Level,Weekend,FALSE,Daylight,Unk,FALSE,Clear,Over 10000,Two,Very Wide,65-74,Normal,Unk,Male,One,1991-2000,Improper Backing,75-Inf,Unk,Complaint,Male
12PM-6PM,No Control,FALSE,Straight-Level,Weekend,FALSE,Daylight,Single Vehicle,TRUE,Clear,5001-10000,Two,Wide,65-74,Normal,Not Distracted,Female,Two,1991-2000,No Violations,Unk,Inattentive/Distracted,Complaint,Female
6AM-12PM,No Control,FALSE,Straight-Level,Weekday,FALSE,Daylight,Right Turn,FALSE,Clear,Over 10000,Four,Very Wide,55-64,Inattentive/Distracted,Inside Vehi.,Male,Three,1991-2000,Careless Operation,55-64,Normal,Complaint,Male
6PM-12AM,No Control,FALSE,Straight-Level,Weekday,FALSE,Dark - Street Light,Single Vehicle,FALSE,Abnormal,5001-10000,Four,Very Wide,55-64,Normal,Not Distracted,Female,One,2001-2010,No Violations,35-44,Unk,Severe,Female
6PM-12AM,No Control,FALSE,Straight-Level,Weekday,FALSE,Daylight,Unk,TRUE,Clear,Unk,No Info.,Unk,15-24,Normal,Not Distracted,Female,Three,1991-2000,No Violations,Unk,Unk,Fatal,Male
6PM-12AM,No Control,FALSE,Straight-Level,Weekend,FALSE,"Dusk, Dawn",Single Vehicle,FALSE,Clear,Unk,No Info.,Unk,65-74,Normal,Not Distracted,Female,Two,2001-2010,No Violations,Unk,Unk,Moderate,Male
6PM-12AM,No Control,FALSE,Straight-Level,Weekday,TRUE,Dark - Street Light,Unk,TRUE,Clear,Unk,No Info.,Unk,Unk,Unk,Unk,Unk,One,Unk ,Careless Operation,35-44,Normal,Complaint,Female
6AM-12PM,No Control,FALSE,Straight-Level,Weekday,FALSE,Daylight,Single Vehicle,TRUE,Clear,5001-10000,Two,Very Wide,55-64,Normal,Not Distracted,Female,One,1990 and Before,Failure To Yield,45-54,Normal,Complaint,Male
6PM-12AM,No Control,FALSE,Straight-Level,Weekday,FALSE,Dark - No Street Lights,Unk,FALSE,Clear,Unk,No Info.,Unk,45-54,Unk,Unk,Male,One,1991-2000,Careless Operation,45-54,Unk,Complaint,Male
6PM-12AM,No Control,FALSE,Straight-Level,Weekday,FALSE,Dark - No Street Lights,Unk,FALSE,Clear,Unk,No Info.,Unk,45-54,Unk,Unk,Male,One,1991-2000,Careless Operation,15-24,Unk,Moderate,Male
12PM-6PM,No Control,FALSE,Straight-Level,Weekend,FALSE,Daylight,Unk,FALSE,Clear,Unk,No Info.,Unk,25-34,Inattentive/Distracted,Not Distracted,Male,One,2001-2010,No Violations,15-24,Unk,Moderate,Female
6AM-12PM,No Control,FALSE,Straight-Level,Weekend,TRUE,Daylight,Right Angle,TRUE,Clear,Over 10000,Two,Wide,Unk,Unk,Unk,Unk,One,Unk ,Failure To Yield,15-24,Unk,Moderate,Female
6PM-12AM,No Control,TRUE,Straight-Level,Weekend,FALSE,Dark - No Street Lights,Rear End,FALSE,Clear,5001-10000,Four,Very Wide,35-44,Normal,Not Distracted,Male,One,1990 and Before,Unk,Unk,Impaired,No Injury,Unk
12PM-6PM,No Control,FALSE,Straight-Level,Weekday,FALSE,Daylight,Single Vehicle,TRUE,Abnormal,Over 10000,Four,Very Wide,75-Inf,Inattentive/Distracted,Not Distracted,Female,One,1991-2000,Careless Operation,15-24,Normal,Moderate,Male
12PM-6PM,No Control,FALSE,Straight-Level,Weekend,FALSE,Daylight,Sideswipe,FALSE,Abnormal,Unk,No Info.,Unk,55-64,Inattentive/Distracted,Not Distracted,Male,One,1990 and Before,"Cutting In, Improper Passing",25-34,Normal,Moderate,Male
6PM-12AM,Partial Control,TRUE,Straight-Level,Weekday,FALSE,Dark - No Street Lights,Single Vehicle,FALSE,Abnormal,Over 10000,Four,Very Wide,35-44,Normal,Not Distracted,Male,Three,1991-2000,No Violations,45-54,Impaired,No Injury,Male
6AM-12PM,No Control,FALSE,Straight-Level,Weekday,FALSE,Daylight,Right Angle,FALSE,Clear,Over 10000,Four,Very Wide,65-74,Normal,Not Distracted,Male,One,1991-2000,No Violations,15-24,Unk,Severe,Female
6PM-12AM,No Control,FALSE,Straight-Level,Weekday,FALSE,Dark - Street Light,Single Vehicle,FALSE,Abnormal,Over 10000,Four,Very Wide,15-24,Normal,Not Distracted,Female,Three,1991-2000,No Violations,15-24,Inattentive/Distracted,Complaint,Female
6AM-12PM,No Control,FALSE,Curve-Level,Weekend,FALSE,"Dusk, Dawn",Unk,FALSE,Clear,Over 10000,Four,Very Wide,45-54,Normal,Not Distracted,Female,One,1991-2000,No Violations,35-44,Inattentive/Distracted,Moderate,Male
12PM-6PM,No Control,FALSE,Straight-Level,Weekday,FALSE,Daylight,Single Vehicle,FALSE,Clear,Unk,No Info.,Unk,15-24,Normal,Not Distracted,Female,One,1991-2000,No Violations,15-24,Impaired,Complaint,Male
6PM-12AM,No Control,FALSE,Straight-Level,Weekend,FALSE,Dark - No Street Lights,Left Turn,FALSE,Abnormal,Unk,No Info.,Unk,25-34,Normal,Outside Vehicle,Male,Three,1991-2000,No Violations,Unk,Normal,Moderate,Female
12PM-6PM,No Control,FALSE,Straight-Level,Weekday,FALSE,Daylight,Single Vehicle,FALSE,Clear,Unk,No Info.,Unk,Unk,Normal,Outside Vehicle,Female,One,1991-2000,Unk,Unk,Normal,Complaint,Female
12PM-6PM,No Control,FALSE,Straight-Level,Weekday,FALSE,Daylight,Unk,FALSE,Clear,2001-5000,Two,Narrow,75-Inf,Normal,Unk,Female,One,1990 and Before,No Violations,15-24,Unk,Complaint,Male
6PM-12AM,No Control,FALSE,Straight-Level,Weekday,FALSE,Unk,Unk,TRUE,Abnormal,Unk,No Info.,Unk,Unk,Normal,Not Distracted,Female,Two,2001-2010,No Violations,Unk,Unk,Severe,Male
12PM-6PM,Partial Control,FALSE,Straight-Level,Weekend,FALSE,Daylight,Right Angle,TRUE,Clear,Unk,No Info.,Unk,35-44,Normal,Unk,Female,Three,1991-2000,Improper Starting,Unk,Normal,No Injury,Unk
12PM-6PM,No Control,FALSE,Straight-Level,Weekday,TRUE,Daylight,Single Vehicle,FALSE,Clear,Unk,No Info.,Unk,15-24,Normal,Outside Vehicle,Female,Two,2001-2010,Careless Operation,Unk,Unk,Complaint,Male
6AM-12PM,No Control,FALSE,Straight-Level,Weekday,FALSE,Daylight,Unk,FALSE,Clear,Over 10000,Two,Wide,25-34,Normal,Not Distracted,Male,One,1991-2000,No Violations,55-64,Unk,Fatal,Male