Hour,Access,Alcohol,Align,Day,Hit,Light,Collision,Interection,Weather,ADT,Num Lanes,Pav Width,Dr Age,Dr Cond.,Dr Distract,Dr Gender,Num Occ,Veh Year,Violations,Ped Age,Ped Cond.,Ped Inj.,Ped Gender
6AM-12PM,No Control,FALSE,Straight-Level,Weekday,FALSE,Daylight,Single Vehicle,FALSE,Clear,Unk,No Info.,Unk,15-24,Inattentive/Distracted,Not Distracted,Female,One,2001-2010,"Cutting In, Improper Passing",45-54,Unk,Moderate,Male
12PM-6PM,No Control,FALSE,Straight-Level,Weekend,FALSE,Daylight,Single Vehicle,FALSE,Abnormal,Unk,No Info.,Unk,15-24,Normal,Not Distracted,Male,One,1991-2000,No Violations,Unk,Unk,Complaint,Male
12PM-6PM,No Control,FALSE,Straight-Level,Weekend,TRUE,Daylight,Unk,FALSE,Clear,Unk,No Info.,Unk,Unk,Unk,Unk,Unk,One,Unk ,Unk,15-24,Inattentive/Distracted,Moderate,Male
12PM-6PM,No Control,FALSE,Straight-Level,Weekend,FALSE,Daylight,Right Angle,TRUE,Clear,Unk,No Info.,Unk,45-54,Normal,Not Distracted,Male,Two,1991-2000,No Violations,Unk,Normal,Moderate,Male
6AM-12PM,No Control,FALSE,Straight-Level,Weekday,FALSE,Daylight,Single Vehicle,TRUE,Clear,Unk,No Info.,Unk,55-64,Normal,Unk,Male,One,1991-2000,Failure To Yield,15-24,Normal,No Injury,Female
6PM-12AM,No Control,TRUE,Straight-Level,Weekday,TRUE,Dark - No Street Lights,Unk,FALSE,Abnormal,Unk,No Info.,Unk,Unk,Unk,Unk,Unk,One,Unk ,Unk,45-54,Impaired,Moderate,Male
6PM-12AM,No Control,FALSE,Straight-Level,Weekend,FALSE,Daylight,Unk,TRUE,Clear,Unk,No Info.,Unk,15-24,Normal,Not Distracted,Male,Two,1991-2000,No Violations,15-24,Inattentive/Distracted,Complaint,Female
6PM-12AM,Full Control,FALSE,Straight-Level,Weekday,FALSE,Dark - Street Light,Unk,FALSE,Clear,Over 10000,Four,Very Wide,35-44,Normal,Not Distracted,Male,One,2001-2010,No Violations,35-44,Unk,Fatal,Male
12PM-6PM,No Control,FALSE,Straight-Level,Weekday,FALSE,Daylight,Unk,FALSE,Clear,Unk,No Info.,Unk,25-34,Inattentive/Distracted,Outside Vehicle,Male,One,2001-2010,Careless Operation,Unk,Normal,Complaint,Male
6PM-12AM,No Control,FALSE,Straight-Level,Weekday,FALSE,Dark - Street Light,Unk,FALSE,Clear,Unk,No Info.,Unk,25-34,Normal,Not Distracted,Female,Three,1991-2000,No Violations,15-24,Inattentive/Distracted,Complaint,Female
12PM-6PM,No Control,FALSE,Straight-Level,Weekday,FALSE,Daylight,Unk,TRUE,Abnormal,Over 10000,Six,Very Wide,25-34,Normal,Not Distracted,Male,One,2001-2010,No Violations,15-24,Normal,Complaint,Female
6PM-12AM,No Control,FALSE,Straight-Level,Weekday,FALSE,Daylight,Unk,TRUE,Clear,Unk,No Info.,Unk,65-74,Inattentive/Distracted,Outside Vehicle,Female,One,2001-2010,Failure To Yield,45-54,Normal,Complaint,Male
6PM-12AM,No Control,TRUE,Straight-Level,Weekend,FALSE,Dark - Street Light,Unk,TRUE,Clear,Over 10000,Six,Very Wide,35-44,Normal,Not Distracted,Male,Two,1991-2000,No Violations,55-64,Impaired,Fatal,Male
6PM-12AM,No Control,TRUE,Straight-Level,Weekend,FALSE,Dark - Street Light,Unk,FALSE,Clear,Over 10000,Four,Very Wide,35-44,Impaired,Unk,Male,One,1990 and Before,Unk,45-54,Normal,Severe,Male
12AM-6AM,No Control,FALSE,Straight-Level,Weekday,FALSE,Dark - Street Light,Unk,FALSE,Clear,Over 10000,Four,Very Wide,55-64,Normal,Not Distracted,Male,One,2001-2010,No Violations,25-34,Unk,Moderate,Male
12PM-6PM,No Control,FALSE,Straight-Level,Weekday,TRUE,Daylight,Unk,FALSE,Clear,Unk,No Info.,Unk,Unk,Unk,Unk,Unk,One,Unk ,Unk,15-24,Inattentive/Distracted,Moderate,Female
12PM-6PM,No Control,TRUE,Straight-Level,Weekend,TRUE,Daylight,Unk,FALSE,Clear,2001-5000,Two,Very Wide,Unk,Unk,Unk,Unk,One,Unk ,Unk,35-44,Impaired,Moderate,Male
12PM-6PM,No Control,FALSE,Straight-Level,Weekday,FALSE,Daylight,Single Vehicle,FALSE,Clear,Over 10000,Four,Very Wide,55-64,Normal,Not Distracted,Female,One,2001-2010,No Violations,35-44,Inattentive/Distracted,Complaint,Female
6AM-12PM,No Control,FALSE,Straight-Level,Weekday,FALSE,Daylight,Single Vehicle,TRUE,Clear,Unk,No Info.,Unk,65-74,Inattentive/Distracted,Not Distracted,Male,One,1991-2000,Failure To Yield,45-54,Normal,No Injury,Female
12PM-6PM,Unk,FALSE,Straight-Level,Weekend,FALSE,Daylight,Single Vehicle,FALSE,Clear,Unk,No Info.,Unk,35-44,Normal,Not Distracted,Male,One,1991-2000,No Violations,Unk,Inattentive/Distracted,Moderate,Female
12PM-6PM,No Control,FALSE,Straight-Level,Weekend,TRUE,Daylight,Unk,FALSE,Clear,Unk,No Info.,Unk,Unk,Unk,Unk,Unk,One,Unk ,Unk,Unk,Inattentive/Distracted,Moderate,Male
6PM-12AM,No Control,FALSE,Straight-Level,Weekend,TRUE,Dark - Street Light,Single Vehicle,FALSE,Clear,Unk,No Info.,Unk,Unk,Unk,Unk,Unk,One,Unk ,Unk,15-24,Inattentive/Distracted,Complaint,Female
12PM-6PM,No Control,TRUE,Straight-Level,Weekday,FALSE,Daylight,Sideswipe,TRUE,Clear,Unk,No Info.,Unk,35-44,Inattentive/Distracted,Unk,Female,One,1991-2000,Failure To Yield,75-Inf,Normal,Complaint,Unk
6AM-12PM,No Control,FALSE,Straight-Level,Weekend,FALSE,Daylight,Right Angle,FALSE,Clear,Unk,No Info.,Unk,55-64,Normal,Not Distracted,Male,One,2001-2010,No Violations,55-64,Inattentive/Distracted,Moderate,Male
12PM-6PM,Partial Control,FALSE,Straight-Level,Weekend,FALSE,Daylight,Unk,TRUE,Clear,Over 10000,Four,Very Wide,45-54,Normal,Not Distracted,Female,One,1991-2000,No Violations,35-44,Unk,Fatal,Male
6AM-12PM,No Control,FALSE,"Dip, Hump",Weekday,FALSE,Daylight,Unk,TRUE,Clear,Over 10000,Two,Wide,25-34,Normal,Not Distracted,Male,Two,1991-2000,No Violations,45-54,Inattentive/Distracted,Complaint,Female
12PM-6PM,No Control,FALSE,Straight-Level,Weekday,TRUE,Dark - Street Light,Unk,TRUE,Abnormal,Unk,No Info.,Unk,15-24,Inattentive/Distracted,Outside Vehicle,Male,One,1991-2000,Driver Condition,15-24,Normal,Moderate,Male
6PM-12AM,No Control,FALSE,Straight-Level,Weekend,FALSE,Dark - Street Light,Rear End,TRUE,Clear,Unk,No Info.,Unk,15-24,Other,Outside Vehicle,Female,One,2001-2010,Driver Condition,75-Inf,Normal,No Injury,Unk
6PM-12AM,No Control,FALSE,Straight-Level,Weekend,FALSE,Dark - Street Light,Unk,FALSE,Clear,Unk,No Info.,Unk,25-34,Normal,Not Distracted,Male,One,1991-2000,Unk,45-54,Inattentive/Distracted,Fatal,Male
6PM-12AM,No Control,TRUE,Straight-Level,Weekend,TRUE,Dark - Street Light,Single Vehicle,FALSE,Abnormal,Over 10000,Four,Very Wide,35-44,Impaired,Cell Phone,Male,One,1990 and Before,Driver Condition,35-44,Inattentive/Distracted,Severe,Male
6AM-12PM,No Control,FALSE,Straight-Level,Weekend,FALSE,Daylight,Unk,FALSE,Clear,Unk,No Info.,Unk,15-24,Inattentive/Distracted,Not Distracted,Male,One,1991-2000,Careless Operation,25-34,Normal,Moderate,Male
6PM-12AM,No Control,FALSE,Straight-Level,Weekend,TRUE,Dark - No Street Lights,Unk,FALSE,Clear,Unk,No Info.,Unk,Unk,Unk,Unk,Unk,One,Unk ,Careless Operation,15-24,Normal,Complaint,Male
12AM-6AM,Partial Control,TRUE,Straight-Level,Weekend,FALSE,Dark - Street Light,Unk,FALSE,Clear,Over 10000,Two,Narrow,45-54,Normal,Not Distracted,Male,One,1991-2000,No Violations,15-24,Inattentive/Distracted,Severe,Male
12AM-6AM,Partial Control,TRUE,Straight-Level,Weekend,FALSE,Dark - Street Light,Unk,FALSE,Clear,Over 10000,Two,Narrow,45-54,Normal,Not Distracted,Male,One,1991-2000,No Violations,15-24,Inattentive/Distracted,Fatal,Male
12AM-6AM,No Control,FALSE,Straight-Level,Weekend,TRUE,Dark - No Street Lights,Unk,FALSE,Abnormal,Unk,No Info.,Unk,45-54,Inattentive/Distracted,Unk,Male,One,1990 and Before,Careless Operation,25-34,Unk,Fatal,Male
6PM-12AM,No Control,FALSE,Straight-Level,Weekend,FALSE,Dark - Street Light,Right Angle,FALSE,Clear,Unk,No Info.,Unk,55-64,Inattentive/Distracted,Not Distracted,Male,Two,1991-2000,Failure To Yield,55-64,Normal,Moderate,Female
12PM-6PM,Full Control,FALSE,Curve-Level,Weekday,TRUE,Daylight,Unk,FALSE,Clear,Unk,No Info.,Unk,Unk,Unk,Unk,Unk,One,Unk ,Unk,35-44,Unk,Severe,Male
12PM-6PM,No Control,FALSE,Straight-Level,Weekday,FALSE,Daylight,Unk,FALSE,Abnormal,Unk,No Info.,Unk,25-34,Normal,Not Distracted,Female,One,1991-2000,No Violations,Unk,Inattentive/Distracted,Complaint,Female
12PM-6PM,Partial Control,FALSE,Straight-Level,Weekday,FALSE,Dark - Street Light,Unk,FALSE,Abnormal,Over 10000,Two,Narrow,55-64,Normal,Not Distracted,Male,One,2001-2010,No Violations,Unk,Inattentive/Distracted,Complaint,Male
6PM-12AM,No Control,TRUE,Straight-Level,Weekday,FALSE,Dark - No Street Lights,Single Vehicle,FALSE,Clear,Over 10000,Two,Very Wide,35-44,Inattentive/Distracted,Not Distracted,Female,One,1991-2000,No Violations,45-54,Inattentive/Distracted,No Injury,Male
6AM-12PM,No Control,FALSE,On Grade,Weekend,FALSE,Daylight,Single Vehicle,FALSE,Clear,Unk,No Info.,Unk,45-54,Inattentive/Distracted,Not Distracted,Male,Two,1990 and Before,No Violations,25-34,Inattentive/Distracted,Complaint,Male
12PM-6PM,No Control,FALSE,Straight-Level,Weekend,FALSE,Daylight,Unk,TRUE,Clear,Over 10000,Four,Very Wide,65-74,Normal,Not Distracted,Male,Two,2001-2010,No Violations,Unk,Inattentive/Distracted,Complaint,Male
12PM-6PM,No Control,FALSE,Straight-Level,Weekday,FALSE,Daylight,Single Vehicle,TRUE,Clear,Unk,No Info.,Unk,35-44,Normal,Not Distracted,Male,One,1990 and Before,No Violations,Unk,Inattentive/Distracted,Moderate,Male
12PM-6PM,No Control,FALSE,Straight-Level,Weekday,FALSE,Daylight,Unk,TRUE,Clear,Over 10000,Four,Very Wide,25-34,Normal,Not Distracted,Female,One,2001-2010,Careless Operation,15-24,Unk,Moderate,Female
12PM-6PM,No Control,FALSE,Straight-Level,Weekday,FALSE,Daylight,Single Vehicle,FALSE,Clear,2001-5000,Two,Narrow,35-44,Normal,Not Distracted,Male,One,2001-2010,No Violations,Unk,Unk,Moderate,Female
6AM-12PM,Partial Control,FALSE,Straight-Level,Weekday,FALSE,Daylight,Unk,FALSE,Abnormal,Over 10000,Two,Wide,Unk,Unk,Unk,Unk,Unk,Unk ,Unk,45-54,Inattentive/Distracted,Complaint,Male
12PM-6PM,No Control,FALSE,Straight-Level,Weekend,FALSE,Daylight,Single Vehicle,FALSE,Clear,Unk,No Info.,Unk,15-24,Normal,Not Distracted,Male,One,1991-2000,No Violations,15-24,Inattentive/Distracted,Complaint,Male
6PM-12AM,No Control,FALSE,Straight-Level,Weekend,FALSE,Dark - Street Light,Unk,FALSE,Abnormal,Over 10000,Two,Wide,15-24,Inattentive/Distracted,Unk,Male,One,1991-2000,Unk,25-34,Unk,Complaint,Male
6PM-12AM,No Control,FALSE,Straight-Level,Weekend,FALSE,Dark - Street Light,Unk,FALSE,Abnormal,Over 10000,Two,Wide,15-24,Inattentive/Distracted,Unk,Male,One,1991-2000,Unk,25-34,Unk,Complaint,Male
6PM-12AM,No Control,FALSE,Straight-Level,Weekend,FALSE,Dark - No Street Lights,Right Angle,FALSE,Clear,Over 10000,Four,Very Wide,35-44,Normal,Unk,Male,Two,1991-2000,No Violations,55-64,Unk,Fatal,Male
12PM-6PM,No Control,FALSE,Straight-Level,Weekday,FALSE,Daylight,Single Vehicle,TRUE,Abnormal,Unk,No Info.,Unk,25-34,Normal,Not Distracted,Male,One,1991-2000,Disregarded Traffic Control,Unk,Inattentive/Distracted,Moderate,Female
12PM-6PM,No Control,FALSE,Straight-Level,Weekday,FALSE,Daylight,Single Vehicle,FALSE,Clear,Unk,No Info.,Unk,15-24,Normal,Not Distracted,Male,One,1991-2000,No Violations,Unk,Inattentive/Distracted,Moderate,Female
6AM-12PM,No Control,FALSE,Straight-Level,Weekday,FALSE,Daylight,Unk,TRUE,Abnormal,5001-10000,Four,Very Wide,65-74,Inattentive/Distracted,Not Distracted,Male,One,1991-2000,Failure To Yield,Unk,Unk,No Injury,Male
12PM-6PM,No Control,FALSE,Straight-Level,Weekday,FALSE,Daylight,Right Turn,TRUE,Clear,Over 10000,Four,Very Wide,25-34,Normal,Not Distracted,Male,One,1991-2000,No Violations,Unk,Normal,No Injury,Unk
12PM-6PM,No Control,FALSE,Straight-Level,Weekend,FALSE,Daylight,Single Vehicle,FALSE,Abnormal,Unk,No Info.,Unk,45-54,Normal,Not Distracted,Male,One,1991-2000,No Violations,Unk,Inattentive/Distracted,No Injury,Female
12AM-6AM,No Control,TRUE,Straight-Level,Weekend,FALSE,Dark - Street Light,Unk,TRUE,Clear,Unk,No Info.,Unk,25-34,Impaired,Not Distracted,Male,One,2001-2010,Disregarded Traffic Control,25-34,Normal,Severe,Female
12PM-6PM,No Control,FALSE,Straight-Level,Weekend,FALSE,Daylight,Right Angle,FALSE,Abnormal,Unk,No Info.,Unk,55-64,Normal,Inside Vehi.,Male,One,2001-2010,No Violations,Unk,Unk,No Injury,Male
6PM-12AM,No Control,TRUE,Straight-Level,Weekday,FALSE,Dark - No Street Lights,Single Vehicle,FALSE,Abnormal,2001-5000,Two,Narrow,35-44,Normal,Not Distracted,Male,Two,1991-2000,No Violations,25-34,Inattentive/Distracted,Complaint,Male
6PM-12AM,No Control,FALSE,Straight-Level,Weekend,FALSE,Dark - No Street Lights,Single Vehicle,FALSE,Clear,2001-5000,Two,Narrow,25-34,Normal,Not Distracted,Female,Two,1991-2000,No Violations,45-54,Inattentive/Distracted,Moderate,Female
6PM-12AM,No Control,FALSE,Straight-Level,Weekend,FALSE,Dark - No Street Lights,Single Vehicle,FALSE,Clear,Over 10000,Two,Wide,55-64,Inattentive/Distracted,Outside Vehicle,Male,One,2001-2010,No Violations,15-24,Inattentive/Distracted,Moderate,Male
6AM-12PM,No Control,FALSE,Straight-Level,Weekend,FALSE,"Dusk, Dawn",Single Vehicle,FALSE,Clear,Unk,No Info.,Unk,35-44,Normal,Inside Vehi.,Male,One,1991-2000,No Violations,15-24,Unk,Complaint,Male
12PM-6PM,No Control,FALSE,Straight-Level,Weekend,TRUE,"Dusk, Dawn",Unk,FALSE,Abnormal,Unk,No Info.,Unk,Unk,Unk,Unk,Unk,One,Unk ,Unk,Unk,Unk,Moderate,Male
12PM-6PM,No Control,FALSE,Straight-Level,Weekend,FALSE,Daylight,Unk,TRUE,Clear,Unk,No Info.,Unk,15-24,Normal,Not Distracted,Female,One,1991-2000,Improper Parking,75-Inf,Inattentive/Distracted,Moderate,Female
12PM-6PM,No Control,FALSE,Straight-Level,Weekend,FALSE,Daylight,Single Vehicle,FALSE,Clear,Unk,No Info.,Unk,45-54,Normal,Outside Vehicle,Female,One,2001-2010,Failure To Yield,65-74,Unk,Complaint,Female
12PM-6PM,No Control,FALSE,Hillcrest,Weekday,FALSE,Daylight,Single Vehicle,FALSE,Clear,Unk,No Info.,Unk,15-24,Inattentive/Distracted,Outside Vehicle,Male,Four,1991-2000,No Violations,Unk,Unk,No Injury,Male
6PM-12AM,No Control,FALSE,Straight-Level,Weekday,FALSE,Daylight,Right Angle,FALSE,Clear,Unk,No Info.,Unk,15-24,Normal,Not Distracted,Male,One,1990 and Before,No Violations,Unk,Inattentive/Distracted,Moderate,Female
12PM-6PM,No Control,FALSE,Straight-Level,Weekend,FALSE,Daylight,Unk,TRUE,Clear,Over 10000,Four,Very Wide,25-34,Normal,Not Distracted,Female,One,1991-2000,No Violations,25-34,Inattentive/Distracted,Moderate,Male
12AM-6AM,No Control,TRUE,Straight-Level,Weekend,TRUE,Dark - Street Light,Unk,FALSE,Abnormal,Unk,No Info.,Unk,15-24,Impaired,Unk,Male,One,1990 and Before,Driver Condition,15-24,Unk,Severe,Female
12AM-6AM,No Control,TRUE,Straight-Level,Weekend,TRUE,Dark - Street Light,Unk,FALSE,Abnormal,Unk,No Info.,Unk,15-24,Impaired,Unk,Male,One,1990 and Before,Driver Condition,25-34,Unk,Moderate,Male
6PM-12AM,No Control,FALSE,Straight-Level,Weekend,TRUE,Dark - No Street Lights,Unk,FALSE,Clear,Unk,No Info.,Unk,Unk,Unk,Unk,Female,Two,Unk ,Unk,Unk,Normal,Complaint,Male
12PM-6PM,No Control,FALSE,Straight-Level,Weekday,FALSE,Daylight,Unk,TRUE,Clear,Over 10000,Four,Very Wide,45-54,Normal,Not Distracted,Male,One,2001-2010,No Violations,45-54,Normal,Moderate,Female
6AM-12PM,No Control,FALSE,Straight-Level,Weekday,TRUE,Daylight,Single Vehicle,FALSE,Abnormal,Unk,No Info.,Unk,Unk,Unk,Unk,Unk,One,Unk ,"Cutting In, Improper Passing",25-34,Normal,Moderate,Unk
6AM-12PM,No Control,FALSE,Straight-Level,Weekend,TRUE,Daylight,Unk,FALSE,Abnormal,Unk,No Info.,Unk,Unk,Unk,Unk,Male,One,Unk ,Failure To Yield,Unk,Normal,Complaint,Male
6AM-12PM,No Control,FALSE,Straight-Level,Weekend,FALSE,Dark - Street Light,Unk,FALSE,Abnormal,Over 10000,Four,Very Wide,45-54,Normal,Not Distracted,Female,One,1991-2000,No Violations,45-54,Inattentive/Distracted,Fatal,Male
6PM-12AM,No Control,FALSE,Straight-Level,Weekday,TRUE,Dark - Street Light,Single Vehicle,FALSE,Clear,Unk,No Info.,Unk,15-24,Unk,Unk,Male,Two,1991-2000,Unk,25-34,Normal,No Injury,Male
6AM-12PM,No Control,FALSE,Straight-Level,Weekend,FALSE,Unk,Unk,FALSE,Abnormal,Unk,No Info.,Unk,45-54,Normal,Not Distracted,Male,One,1991-2000,No Violations,15-24,Inattentive/Distracted,Moderate,Male
12AM-6AM,No Control,TRUE,Straight-Level,Weekend,FALSE,Dark - Street Light,Right Angle,TRUE,Clear,Over 10000,Four,Very Wide,25-34,Impaired,Not Distracted,Male,One,1991-2000,Driver Condition,15-24,Unk,Moderate,Male
6PM-12AM,No Control,FALSE,Straight-Level,Weekday,FALSE,Dark - No Street Lights,Single Vehicle,FALSE,Abnormal,Unk,No Info.,Unk,25-34,Unk,Unk,Female,One,1991-2000,Unk,Unk,Normal,Moderate,Female
6PM-12AM,No Control,FALSE,Straight-Level,Weekday,FALSE,Dark - No Street Lights,Single Vehicle,FALSE,Abnormal,Unk,No Info.,Unk,25-34,Unk,Unk,Female,One,1991-2000,Unk,15-24,Unk,Fatal,Male
6PM-12AM,No Control,FALSE,Straight-Level,Weekday,FALSE,Dark - No Street Lights,Single Vehicle,FALSE,Abnormal,Unk,No Info.,Unk,25-34,Unk,Unk,Female,One,1991-2000,Unk,15-24,Unk,Fatal,Female
6PM-12AM,No Control,FALSE,Straight-Level,Weekend,FALSE,Daylight,Single Vehicle,FALSE,Clear,Unk,No Info.,Unk,45-54,Normal,Not Distracted,Female,Two,2001-2010,No Violations,Unk,Inattentive/Distracted,Complaint,Female
12AM-6AM,No Control,FALSE,Straight-Level,Weekend,FALSE,Dark - No Street Lights,Unk,FALSE,Clear,Unk,No Info.,Unk,35-44,Inattentive/Distracted,Cell Phone,Male,Two,1991-2000,Careless Operation,Unk,Normal,Moderate,Female
6PM-12AM,No Control,FALSE,Straight-Level,Weekday,FALSE,Dark - No Street Lights,Single Vehicle,FALSE,Clear,Unk,No Info.,Unk,15-24,Normal,Not Distracted,Female,Two,1991-2000,No Violations,35-44,Unk,Moderate,Male
6AM-12PM,No Control,FALSE,Curve-Level,Weekday,FALSE,Daylight,Single Vehicle,FALSE,Clear,2001-5000,Two,Narrow,15-24,Normal,Not Distracted,Female,One,2001-2010,No Violations,75-Inf,Impaired,Severe,Male
6PM-12AM,No Control,FALSE,Straight-Level,Weekday,FALSE,Daylight,Right Angle,FALSE,Clear,Over 10000,Four,Very Wide,55-64,Inattentive/Distracted,Unk,Female,Two,1991-2000,Driver Condition,Unk,Inattentive/Distracted,Complaint,Unk
12PM-6PM,No Control,FALSE,Straight-Level,Weekday,FALSE,Daylight,Unk,FALSE,Abnormal,Unk,No Info.,Unk,35-44,Normal,Not Distracted,Female,Two,1990 and Before,No Violations,25-34,Inattentive/Distracted,Moderate,Male
6PM-12AM,No Control,FALSE,Straight-Level,Weekend,TRUE,Dark - Street Light,Unk,FALSE,Abnormal,Unk,No Info.,Unk,Unk,Unk,Unk,Unk,One,Unk ,Unk,35-44,Normal,Severe,Male
6PM-12AM,No Control,FALSE,Straight-Level,Weekday,TRUE,Daylight,Unk,TRUE,Clear,Unk,No Info.,Unk,35-44,Normal,Not Distracted,Female,One,1991-2000,Unk,Unk,Normal,Complaint,Female
6PM-12AM,No Control,TRUE,Straight-Level,Weekend,TRUE,Daylight,Single Vehicle,FALSE,Clear,Unk,No Info.,Unk,35-44,Impaired,Unk,Male,One,1990 and Before,Unk,15-24,Unk,No Injury,Male
12PM-6PM,Partial Control,FALSE,Straight-Level,Weekend,FALSE,Daylight,Single Vehicle,TRUE,Clear,Unk,No Info.,Unk,25-34,Normal,Unk,Female,Three,1991-2000,No Violations,Unk,Unk,No Injury,Female
12PM-6PM,No Control,FALSE,Straight-Level,Weekday,FALSE,Daylight,Right Angle,TRUE,Clear,Unk,No Info.,Unk,Unk,Unk,Unk,Unk,One,Unk ,Unk,Unk,Unk,No Injury,Unk
6AM-12PM,No Control,FALSE,On Grade,Weekend,FALSE,Daylight,Unk,FALSE,Clear,Unk,No Info.,Unk,55-64,Normal,Not Distracted,Male,Two,1991-2000,No Violations,Unk,Unk,Complaint,Female
6PM-12AM,Partial Control,FALSE,Straight-Level,Weekend,FALSE,Daylight,Single Vehicle,TRUE,Clear,Unk,No Info.,Unk,Unk,Unk,Unk,Unk,One,Unk ,Unk,15-24,Unk,No Injury,Male
6PM-12AM,Partial Control,FALSE,Straight-Level,Weekend,FALSE,Daylight,Single Vehicle,TRUE,Clear,Unk,No Info.,Unk,Unk,Unk,Unk,Unk,One,Unk ,Unk,25-34,Unk,Moderate,Female
6PM-12AM,Partial Control,FALSE,Straight-Level,Weekend,FALSE,Dark - Street Light,Unk,TRUE,Clear,Over 10000,Four,Very Wide,55-64,Normal,Not Distracted,Female,One,1991-2000,No Violations,15-24,Normal,Complaint,Female
12PM-6PM,No Control,FALSE,Straight-Level,Weekend,FALSE,Daylight,Unk,TRUE,Clear,Unk,No Info.,Unk,25-34,Normal,Not Distracted,Female,Five or more,1991-2000,No Violations,Unk,Inattentive/Distracted,Moderate,Male
12AM-6AM,No Control,TRUE,On Grade,Weekend,TRUE,Dark - Street Light,Unk,TRUE,Clear,Unk,No Info.,Unk,35-44,Unk,Unk,Male,One,1991-2000,Exceeding Stated Speed Limit,15-24,Unk,Complaint,Male
12AM-6AM,No Control,FALSE,Straight-Level,Weekday,TRUE,Dark - Street Light,Unk,FALSE,Abnormal,Unk,No Info.,Unk,Unk,Unk,Unk,Unk,One,Unk ,Unk,15-24,Unk,Fatal,Male
12PM-6PM,No Control,FALSE,On Grade,Weekend,FALSE,Daylight,Single Vehicle,TRUE,Abnormal,Unk,No Info.,Unk,45-54,Normal,Not Distracted,Male,One,1991-2000,No Violations,Unk,Inattentive/Distracted,No Injury,Unk
12PM-6PM,No Control,FALSE,On Grade,Weekend,FALSE,Daylight,Single Vehicle,TRUE,Abnormal,Unk,No Info.,Unk,45-54,Normal,Not Distracted,Male,One,1991-2000,No Violations,Unk,Inattentive/Distracted,Complaint,Male
6AM-12PM,No Control,FALSE,Hillcrest,Weekend,FALSE,Unk,Single Vehicle,FALSE,Clear,5001-10000,Four,Very Wide,25-34,Normal,Not Distracted,Male,One,1991-2000,No Violations,Unk,Inattentive/Distracted,Complaint,Female
6PM-12AM,Full Control,FALSE,Straight-Level,Weekend,FALSE,Dark - Street Light,Unk,TRUE,Clear,Unk,No Info.,Unk,35-44,Normal,Not Distracted,Male,Two,1991-2000,No Violations,Unk,Unk,Moderate,Male
6PM-12AM,Partial Control,FALSE,Straight-Level,Weekday,FALSE,Dark - Street Light,Single Vehicle,TRUE,Clear,Unk,No Info.,Unk,25-34,Normal,Not Distracted,Female,One,2001-2010,No Violations,Unk,Unk,No Injury,Male
6PM-12AM,Partial Control,FALSE,Straight-Level,Weekend,FALSE,Dark - No Street Lights,Unk,TRUE,Clear,Unk,No Info.,Unk,55-64,Normal,Not Distracted,Female,Two,1991-2000,No Violations,15-24,Normal,Complaint,Male
6AM-12PM,Partial Control,FALSE,Straight-Level,Weekday,FALSE,Daylight,Unk,TRUE,Abnormal,Unk,No Info.,Unk,55-64,Normal,Not Distracted,Male,One,1991-2000,No Violations,45-54,Unk,Complaint,Female
6AM-12PM,No Control,FALSE,Straight-Level,Weekday,FALSE,Daylight,Unk,FALSE,Clear,Over 10000,Four,Very Wide,65-74,Normal,Not Distracted,Female,One,1991-2000,No Violations,15-24,Normal,Complaint,Female
12AM-6AM,No Control,FALSE,Straight-Level,Weekend,FALSE,Dark - Street Light,Left Turn,TRUE,Clear,2001-5000,Four,Very Wide,35-44,Normal,Unk,Male,One,1991-2000,No Violations,35-44,Normal,Complaint,Female
12PM-6PM,No Control,FALSE,Straight-Level,Weekday,FALSE,Daylight,Unk,FALSE,Clear,Unk,No Info.,Unk,15-24,Normal,Outside Vehicle,Male,One,1991-2000,Unk,Unk,Unk,Moderate,Female
6PM-12AM,No Control,FALSE,Straight-Level,Weekend,TRUE,Dark - No Street Lights,Unk,FALSE,Clear,Over 10000,Four,Very Wide,Unk,Unk,Unk,Unk,One,Unk ,Unk,35-44,Unk,Fatal,Male
6PM-12AM,No Control,TRUE,Straight-Level,Weekend,FALSE,Dark - Street Light,Unk,FALSE,Abnormal,Over 10000,Four,Very Wide,75-Inf,Normal,Not Distracted,Male,One,1991-2000,No Violations,25-34,Impaired,Fatal,Male
6AM-12PM,No Control,FALSE,Straight-Level,Weekday,FALSE,"Dusk, Dawn",Unk,TRUE,Clear,Unk,No Info.,Unk,55-64,Normal,Not Distracted,Male,One,2001-2010,No Violations,65-74,Normal,Complaint,Male
6PM-12AM,No Control,FALSE,Curve-Level,Weekday,FALSE,Dark - Street Light,Single Vehicle,TRUE,Abnormal,Over 10000,Two,Wide,35-44,Normal,Not Distracted,Male,Two,1991-2000,No Violations,15-24,Inattentive/Distracted,Moderate,Female
6PM-12AM,No Control,FALSE,Straight-Level,Weekday,FALSE,Dark - No Street Lights,Unk,FALSE,Clear,Unk,No Info.,Unk,15-24,Normal,Not Distracted,Male,Four,1990 and Before,No Violations,15-24,Normal,Complaint,Male
12PM-6PM,No Control,FALSE,Straight-Level,Weekday,FALSE,Daylight,Single Vehicle,FALSE,Clear,Unk,No Info.,Unk,25-34,Normal,Not Distracted,Female,Two,2001-2010,No Violations,15-24,Normal,Complaint,Female
6PM-12AM,Partial Control,FALSE,Straight-Level,Weekend,FALSE,Dark - Street Light,Unk,FALSE,Clear,Unk,No Info.,Unk,35-44,Normal,Not Distracted,Male,One,2001-2010,No Violations,35-44,Unk,Complaint,Female