Hour,Access,Alcohol,Align,Day,Hit,Light,Collision,Interection,Weather,ADT,Num Lanes,Pav Width,Dr Age,Dr Cond.,Dr Distract,Dr Gender,Num Occ,Veh Year,Violations,Ped Age,Ped Cond.,Ped Inj.,Ped Gender
12AM-6AM,No Control,FALSE,Straight-Level,Weekday,FALSE,Dark - Street Light,Right Angle,FALSE,Clear,2001-5000,Two,Narrow,35-44,Normal,Not Distracted,Male,One,2001-2010,No Violations,Unk,Unk,Complaint,Male
12PM-6PM,No Control,FALSE,Straight-Level,Weekend,FALSE,Daylight,Single Vehicle,FALSE,Abnormal,Over 10000,Two,Very Wide,65-74,Normal,Not Distracted,Male,Two,2001-2010,No Violations,55-64,Inattentive/Distracted,Complaint,Male
12PM-6PM,No Control,FALSE,Straight-Level,Weekday,FALSE,Daylight,Single Vehicle,TRUE,Abnormal,2001-5000,Two,Wide,75-Inf,Normal,Not Distracted,Female,One,1991-2000,Unk,15-24,Normal,Moderate,Male
12AM-6AM,No Control,FALSE,Straight-Level,Weekday,FALSE,Dark - Street Light,Unk,TRUE,Clear,Over 10000,Six,Very Wide,15-24,Normal,Not Distracted,Female,One,2001-2010,No Violations,55-64,Unk,Fatal,Male
12AM-6AM,No Control,FALSE,Straight-Level,Weekend,FALSE,Dark - No Street Lights,Single Vehicle,FALSE,Clear,Over 10000,Four,Very Wide,25-34,Normal,Not Distracted,Male,One,1991-2000,No Violations,35-44,Illness,Moderate,Female
12PM-6PM,Full Control,FALSE,Straight-Level,Weekday,TRUE,Daylight,Rear End,FALSE,Abnormal,Over 10000,Four,Very Wide,Unk,Unk,Unk,Unk,One,Unk ,Following Too Closely,35-44,Normal,Moderate,Male
6PM-12AM,No Control,TRUE,Straight-Level,Weekday,FALSE,Dark - Street Light,Unk,FALSE,Clear,Over 10000,Four,Very Wide,15-24,Normal,Not Distracted,Female,One,1991-2000,No Violations,25-34,Impaired,Complaint,Male
6AM-12PM,No Control,FALSE,Curve-Level,Weekend,FALSE,Daylight,Single Vehicle,FALSE,Clear,2001-5000,Two,Wide,45-54,Inattentive/Distracted,Not Distracted,Male,One,2001-2010,Improper Backing,75-Inf,Normal,Complaint,Female
12AM-6AM,No Control,TRUE,Straight-Level,Weekend,FALSE,Dark - No Street Lights,Single Vehicle,FALSE,Clear,5001-10000,Two,Narrow,15-24,Inattentive/Distracted,Cell Phone,Male,One,2001-2010,Careless Operation,15-24,Impaired,Moderate,Male
12AM-6AM,No Control,FALSE,Straight-Level,Weekend,FALSE,Dark - No Street Lights,Unk,TRUE,Clear,2001-5000,Two,Wide,15-24,Normal,Not Distracted,Male,Three,1991-2000,No Violations,15-24,Unk,Fatal,Male
12AM-6AM,Full Control,TRUE,Straight-Level,Weekday,FALSE,Dark - No Street Lights,Rear End,FALSE,Clear,Over 10000,Six,Very Wide,25-34,Inattentive/Distracted,Not Distracted,Male,One,1991-2000,Improper Parking,25-34,Impaired,Complaint,Male
6PM-12AM,No Control,FALSE,Straight-Level,Weekday,FALSE,Dark - No Street Lights,Single Vehicle,FALSE,Clear,2001-5000,Two,Narrow,55-64,Normal,Not Distracted,Male,One,2001-2010,No Violations,15-24,Inattentive/Distracted,Complaint,Male
12PM-6PM,No Control,FALSE,Straight-Level,Weekday,FALSE,Daylight,Single Vehicle,FALSE,Clear,Over 10000,Two,Wide,35-44,Normal,Not Distracted,Male,One,2001-2010,No Violations,25-34,Inattentive/Distracted,Complaint,Male
6PM-12AM,No Control,TRUE,Straight-Level,Weekend,FALSE,Dark - No Street Lights,Single Vehicle,FALSE,Clear,Over 10000,Two,Wide,35-44,Normal,Not Distracted,Female,Three,1991-2000,No Violations,45-54,Impaired,Moderate,Male
6PM-12AM,No Control,TRUE,Straight-Level,Weekend,FALSE,Dark - Street Light,Single Vehicle,FALSE,Clear,5001-10000,Four,Very Wide,45-54,Normal,Not Distracted,Male,One,2001-2010,No Violations,55-64,Impaired,Complaint,Male
6AM-12PM,No Control,FALSE,Straight-Level,Weekend,TRUE,Dark - No Street Lights,Sideswipe,FALSE,Clear,Over 10000,Two,Wide,Unk,Unk,Unk,Unk,One,Unk ,Unk,25-34,Normal,Complaint,Male
12PM-6PM,No Control,FALSE,Straight-Level,Weekend,FALSE,Daylight,Single Vehicle,TRUE,Clear,5001-10000,Two,Very Wide,55-64,Inattentive/Distracted,Outside Vehicle,Male,Two,2001-2010,Other Improper Turning,25-34,Normal,Complaint,Male
6PM-12AM,No Control,FALSE,Straight-Level,Weekend,FALSE,Dark - No Street Lights,Single Vehicle,TRUE,Clear,5001-10000,Two,Wide,25-34,Normal,Not Distracted,Male,One,1990 and Before,No Violations,35-44,Inattentive/Distracted,Moderate,Male
12AM-6AM,No Control,FALSE,Straight-Level,Weekday,FALSE,Dark - No Street Lights,Single Vehicle,FALSE,Clear,0-1000,Two,Narrow,15-24,Normal,Not Distracted,Male,One,1991-2000,No Violations,25-34,Impaired,Fatal,Male
6PM-12AM,No Control,FALSE,Straight-Level,Weekend,FALSE,Dark - No Street Lights,Single Vehicle,FALSE,Clear,5001-10000,Two,Wide,35-44,Normal,Not Distracted,Male,One,2001-2010,No Violations,25-34,Inattentive/Distracted,Complaint,Female
12AM-6AM,No Control,FALSE,Straight-Level,Weekday,FALSE,Dark - No Street Lights,Right Angle,FALSE,Clear,Over 10000,Four,Very Wide,45-54,Inattentive/Distracted,Not Distracted,Male,One,1991-2000,Careless Operation,55-64,Normal,Complaint,Male
12PM-6PM,No Control,FALSE,Straight-Level,Weekday,FALSE,Daylight,Single Vehicle,FALSE,Clear,2001-5000,Four,Very Wide,45-54,Inattentive/Distracted,Not Distracted,Male,One,1991-2000,Failure To Yield,75-Inf,Unk,No Injury,Unk
6PM-12AM,No Control,FALSE,Straight-Level,Weekday,FALSE,Dark - Street Light,Single Vehicle,FALSE,Clear,Over 10000,Four,Very Wide,35-44,Normal,Not Distracted,Male,Two,1991-2000,No Violations,35-44,Inattentive/Distracted,Moderate,Female
12AM-6AM,No Control,FALSE,Straight-Level,Weekday,TRUE,Dark - No Street Lights,Single Vehicle,FALSE,Clear,5001-10000,Two,Wide,Unk,Unk,Unk,Unk,One,Unk ,Unk,25-34,Normal,Complaint,Male
6PM-12AM,No Control,FALSE,Straight-Level,Weekday,FALSE,Dark - No Street Lights,Unk,FALSE,Clear,Over 10000,Four,Very Wide,45-54,Normal,Not Distracted,Female,One,1991-2000,No Violations,15-24,Inattentive/Distracted,Severe,Male
6PM-12AM,No Control,FALSE,Straight-Level,Weekday,FALSE,Dark - No Street Lights,Unk,FALSE,Clear,Over 10000,Four,Very Wide,45-54,Normal,Not Distracted,Female,One,1991-2000,No Violations,15-24,Inattentive/Distracted,No Injury,Male
6PM-12AM,No Control,FALSE,Straight-Level,Weekday,FALSE,Dark - No Street Lights,Unk,FALSE,Clear,Over 10000,Four,Very Wide,45-54,Normal,Not Distracted,Female,One,1991-2000,No Violations,25-34,Unk,Fatal,Male
6AM-12PM,No Control,FALSE,Straight-Level,Weekend,FALSE,Daylight,Right Angle,TRUE,Clear,Over 10000,Four,Very Wide,75-Inf,Inattentive/Distracted,Not Distracted,Male,One,1991-2000,Unk,75-Inf,Unk,No Injury,Unk
12AM-6AM,No Control,FALSE,Straight-Level,Weekend,FALSE,Dark - No Street Lights,Single Vehicle,FALSE,Abnormal,2001-5000,Two,Narrow,35-44,Unk,Not Distracted,Male,One,1991-2000,Driver Condition,25-34,Unk,Fatal,Male
12PM-6PM,No Control,FALSE,Straight-Level,Weekend,FALSE,Daylight,Single Vehicle,FALSE,Clear,Unk,No Info.,Unk,15-24,Normal,Not Distracted,Male,Four,1991-2000,No Violations,Unk,Normal,No Injury,Female
12PM-6PM,No Control,FALSE,Straight-Level,Weekend,FALSE,Daylight,Single Vehicle,FALSE,Clear,Unk,No Info.,Unk,15-24,Normal,Not Distracted,Male,Four,1991-2000,No Violations,Unk,Inattentive/Distracted,Moderate,Male
12AM-6AM,Full Control,TRUE,Straight-Level,Weekend,FALSE,Dark - No Street Lights,Single Vehicle,FALSE,Clear,Over 10000,Four,Very Wide,25-34,Impaired,Not Distracted,Male,Two,2001-2010,No Violations,45-54,Impaired,Complaint,Male
6PM-12AM,No Control,TRUE,Straight-Level,Weekend,FALSE,Dark - No Street Lights,Single Vehicle,FALSE,Clear,Over 10000,Two,Narrow,25-34,Normal,Not Distracted,Male,Two,1991-2000,No Violations,35-44,Impaired,Moderate,Male
12AM-6AM,No Control,TRUE,Straight-Level,Weekday,FALSE,Dark - Street Light,Single Vehicle,FALSE,Clear,Over 10000,Four,Very Wide,45-54,Normal,Not Distracted,Male,One,1991-2000,No Violations,35-44,Impaired,Severe,Male
6PM-12AM,No Control,FALSE,Straight-Level,Weekday,FALSE,Dark - No Street Lights,Sideswipe,TRUE,Abnormal,2001-5000,Two,Wide,45-54,Unk,Not Distracted,Female,One,1991-2000,Improper Parking,45-54,Normal,Moderate,Female
6AM-12PM,No Control,FALSE,Straight-Level,Weekday,TRUE,Daylight,Sideswipe,FALSE,Clear,Unk,No Info.,Unk,15-24,Impaired,Outside Vehicle,Male,One,2001-2010,Unk,15-24,Unk,Fatal,Female
6PM-12AM,No Control,FALSE,Straight-Level,Weekend,FALSE,Dark - No Street Lights,Single Vehicle,FALSE,Clear,Over 10000,Four,Very Wide,25-34,Normal,Not Distracted,Male,Three,1991-2000,No Violations,45-54,Unk,Fatal,Male
6PM-12AM,No Control,FALSE,On Grade,Weekend,FALSE,Daylight,Single Vehicle,FALSE,Clear,Unk,No Info.,Unk,15-24,Normal,Not Distracted,Female,Two,1991-2000,No Violations,15-24,Inattentive/Distracted,Moderate,Female
6PM-12AM,No Control,FALSE,Curve-Level,Weekend,FALSE,Dark - Street Light,Single Vehicle,FALSE,Clear,Over 10000,Two,Wide,45-54,Normal,Not Distracted,Female,Three,2001-2010,No Violations,35-44,Unk,Fatal,Male
12AM-6AM,No Control,TRUE,Straight-Level,Weekend,FALSE,Dark - No Street Lights,Single Vehicle,FALSE,Clear,5001-10000,Two,Wide,25-34,Normal,Not Distracted,Male,One,2001-2010,No Violations,35-44,Impaired,Moderate,Female
6AM-12PM,Full Control,FALSE,Straight-Level,Weekday,FALSE,Daylight,Unk,FALSE,Clear,Over 10000,Four,Very Wide,15-24,Normal,Not Distracted,Female,One,2001-2010,No Violations,35-44,Inattentive/Distracted,Complaint,Male
6PM-12AM,No Control,FALSE,Straight-Level,Weekday,FALSE,Dark - No Street Lights,Single Vehicle,FALSE,Clear,Over 10000,Two,Wide,35-44,Normal,Not Distracted,Female,Two,1990 and Before,No Violations,15-24,Inattentive/Distracted,Complaint,Male
12AM-6AM,No Control,TRUE,Straight-Level,Weekday,TRUE,Dark - Street Light,Unk,FALSE,Clear,Over 10000,Four,Very Wide,Unk,Unk,Unk,Unk,One,Unk ,Unk,35-44,Unk,Fatal,Male
12PM-6PM,No Control,FALSE,Straight-Level,Weekend,FALSE,Daylight,Rear End,FALSE,Clear,5001-10000,Two,Wide,45-54,Inattentive/Distracted,Not Distracted,Male,One,2001-2010,Following Too Closely,Unk,Normal,Complaint,Male
12AM-6AM,No Control,FALSE,Straight-Level,Weekday,TRUE,Dark - No Street Lights,Single Vehicle,FALSE,Clear,2001-5000,Two,Wide,55-64,Normal,Unk,Male,One,1991-2000,No Violations,55-64,Unk,Fatal,Male
6AM-12PM,No Control,FALSE,Straight-Level,Weekday,FALSE,"Dusk, Dawn",Single Vehicle,FALSE,Clear,2001-5000,Two,Wide,Unk,Unk,Unk,Unk,One,Unk ,Unk,35-44,Normal,Moderate,Female
12AM-6AM,Full Control,FALSE,Straight-Level,Weekend,FALSE,Dark - No Street Lights,Sideswipe,FALSE,Clear,Over 10000,Four,Very Wide,15-24,Normal,Not Distracted,Male,One,2001-2010,No Violations,Unk,Inattentive/Distracted,Complaint,Male
6AM-12PM,No Control,FALSE,Straight-Level,Weekend,FALSE,Daylight,Single Vehicle,FALSE,Abnormal,Over 10000,Four,Very Wide,45-54,Inattentive/Distracted,Not Distracted,Female,One,1991-2000,Unk,55-64,Normal,Complaint,Male
6PM-12AM,No Control,FALSE,Straight-Level,Weekend,FALSE,Dark - No Street Lights,Single Vehicle,TRUE,Clear,2001-5000,Two,Wide,45-54,Inattentive/Distracted,Not Distracted,Female,Three,1991-2000,Failure To Yield,25-34,Normal,Complaint,Male
6PM-12AM,No Control,TRUE,Straight-Level,Weekday,TRUE,Dark - No Street Lights,Single Vehicle,FALSE,Clear,5001-10000,Two,Wide,Unk,Unk,Unk,Unk,Unk,Unk ,Unk,35-44,Impaired,Complaint,Male
12AM-6AM,Full Control,TRUE,Straight-Level,Weekend,FALSE,Dark - No Street Lights,Single Vehicle,FALSE,Clear,Over 10000,Four,Very Wide,15-24,Normal,Not Distracted,Male,One,1991-2000,No Violations,55-64,Impaired,Complaint,Female
12PM-6PM,No Control,FALSE,Curve-Level,Weekday,FALSE,Daylight,Single Vehicle,FALSE,Clear,0-1000,Two,Narrow,35-44,"Sleep, Fatigue",Unk,Male,One,1990 and Before,Driver Condition,Unk,Unk,Severe,Male
12PM-6PM,No Control,FALSE,Curve-Level,Weekday,FALSE,Daylight,Single Vehicle,FALSE,Clear,0-1000,Two,Narrow,35-44,"Sleep, Fatigue",Unk,Male,One,1990 and Before,Driver Condition,15-24,Unk,Moderate,Female
12AM-6AM,No Control,FALSE,Straight-Level,Weekday,FALSE,Dark - No Street Lights,Single Vehicle,FALSE,Abnormal,2001-5000,Two,Narrow,25-34,Normal,Not Distracted,Female,Four,1991-2000,No Violations,45-54,Unk,Severe,Male
6PM-12AM,Partial Control,FALSE,Straight-Level,Weekday,FALSE,Dark - No Street Lights,Single Vehicle,FALSE,Clear,Over 10000,Four,Very Wide,15-24,Normal,Not Distracted,Female,Three,1991-2000,No Violations,15-24,Inattentive/Distracted,No Injury,Male
6AM-12PM,No Control,FALSE,Straight-Level,Weekday,FALSE,Daylight,Single Vehicle,TRUE,Clear,Over 10000,Two,Narrow,35-44,Inattentive/Distracted,Not Distracted,Female,One,2001-2010,Careless Operation,55-64,Normal,Complaint,Male
6PM-12AM,No Control,FALSE,Straight-Level,Weekday,FALSE,Dark - No Street Lights,Unk,FALSE,Clear,5001-10000,Two,Wide,55-64,Normal,Not Distracted,Male,One,1991-2000,No Violations,25-34,Normal,Complaint,Female
6AM-12PM,No Control,FALSE,Straight-Level,Weekend,FALSE,Daylight,Single Vehicle,FALSE,Clear,5001-10000,Two,Wide,15-24,Inattentive/Distracted,Not Distracted,Male,One,1991-2000,Careless Operation,15-24,Normal,Complaint,Male
12PM-6PM,No Control,FALSE,Straight-Level,Weekend,FALSE,Daylight,Single Vehicle,FALSE,Clear,5001-10000,Two,Wide,35-44,Normal,Not Distracted,Male,One,1991-2000,No Violations,25-34,Inattentive/Distracted,Complaint,Female
12AM-6AM,Full Control,FALSE,Curve-Level,Weekday,FALSE,Dark - No Street Lights,Single Vehicle,FALSE,Clear,Over 10000,Four,Very Wide,15-24,Normal,Not Distracted,Female,One,2001-2010,No Violations,15-24,Impaired,Moderate,Male
6PM-12AM,No Control,FALSE,Straight-Level,Weekday,TRUE,Dark - No Street Lights,Single Vehicle,FALSE,Clear,5001-10000,Two,Wide,Unk,Unk,Unk,Unk,One,Unk ,No Violations,15-24,Inattentive/Distracted,Moderate,Male
6PM-12AM,No Control,FALSE,Straight-Level,Weekday,FALSE,Dark - Street Light,Single Vehicle,FALSE,Clear,Over 10000,Four,Very Wide,75-Inf,Normal,Not Distracted,Male,Two,1991-2000,No Violations,45-54,Inattentive/Distracted,Complaint,Female
12PM-6PM,No Control,FALSE,Straight-Level,Weekend,FALSE,Daylight,Rear End,FALSE,Abnormal,Over 10000,Four,Very Wide,25-34,Inattentive/Distracted,Cell Phone,Male,One,2001-2010,Careless Operation,75-Inf,Unk,No Injury,Unk
6AM-12PM,No Control,FALSE,Straight-Level,Weekday,FALSE,Daylight,Single Vehicle,FALSE,Clear,Over 10000,Four,Very Wide,65-74,Normal,Not Distracted,Female,One,2001-2010,No Violations,75-Inf,Inattentive/Distracted,Moderate,Female
6AM-12PM,No Control,FALSE,Straight-Level,Weekday,FALSE,Daylight,Single Vehicle,FALSE,Clear,Over 10000,Four,Very Wide,65-74,Normal,Not Distracted,Female,One,2001-2010,No Violations,45-54,Inattentive/Distracted,Complaint,Female
12PM-6PM,No Control,FALSE,Straight-Level,Weekday,TRUE,Daylight,Sideswipe,FALSE,Clear,Unk,No Info.,Unk,Unk,Unk,Unk,Unk,One,Unk ,Unk,Unk,Normal,Complaint,Female
12AM-6AM,No Control,FALSE,Straight-Level,Weekend,FALSE,Dark - No Street Lights,Single Vehicle,TRUE,Abnormal,0-1000,Two,Narrow,35-44,Normal,Not Distracted,Female,One,1991-2000,No Violations,15-24,Unk,Fatal,Male
12AM-6AM,No Control,FALSE,Straight-Level,Weekend,TRUE,Dark - No Street Lights,Right Angle,FALSE,Clear,Over 10000,Two,Wide,15-24,Inattentive/Distracted,Not Distracted,Male,One,1991-2000,Improper Backing,15-24,Normal,Moderate,Male
12AM-6AM,No Control,FALSE,Straight-Level,Weekend,FALSE,Dark - No Street Lights,Single Vehicle,FALSE,Clear,Over 10000,Two,Wide,35-44,Normal,Not Distracted,Female,One,1990 and Before,Unk,25-34,Normal,Moderate,Male
6PM-12AM,No Control,FALSE,Straight-Level,Weekend,FALSE,Dark - No Street Lights,Single Vehicle,FALSE,Clear,5001-10000,Two,Wide,15-24,Normal,Not Distracted,Male,One,1991-2000,No Violations,15-24,Inattentive/Distracted,Complaint,Male
6PM-12AM,No Control,FALSE,Straight-Level,Weekend,FALSE,Dark - No Street Lights,Single Vehicle,FALSE,Clear,2001-5000,Two,Narrow,45-54,Normal,Not Distracted,Male,Four,1991-2000,Unk,25-34,Normal,Complaint,Male
6PM-12AM,Full Control,TRUE,Straight-Level,Weekday,FALSE,Dark - No Street Lights,Single Vehicle,TRUE,Clear,Over 10000,Four,Very Wide,15-24,Normal,Not Distracted,Female,One,1991-2000,No Violations,35-44,Inattentive/Distracted,Severe,Male
12PM-6PM,No Control,FALSE,Straight-Level,Weekday,FALSE,Dark - No Street Lights,Single Vehicle,FALSE,Clear,5001-10000,Two,Wide,15-24,Normal,Not Distracted,Male,One,1991-2000,No Violations,45-54,Inattentive/Distracted,Fatal,Male
12AM-6AM,No Control,FALSE,Straight-Level,Weekend,TRUE,Dark - Street Light,Single Vehicle,FALSE,Clear,5001-10000,Two,Narrow,Unk,Unk,Unk,Unk,One,Unk ,Careless Operation,25-34,Normal,Moderate,Male
12AM-6AM,No Control,FALSE,Straight-Level,Weekend,TRUE,Dark - Street Light,Single Vehicle,FALSE,Clear,5001-10000,Two,Narrow,Unk,Unk,Unk,Unk,One,Unk ,Careless Operation,25-34,Normal,Complaint,Female
6PM-12AM,No Control,FALSE,Straight-Level,Weekday,FALSE,Dark - No Street Lights,Single Vehicle,FALSE,Abnormal,Over 10000,Four,Very Wide,25-34,Normal,Not Distracted,Male,Two,1991-2000,No Violations,65-74,Normal,Fatal,Male
6PM-12AM,Partial Control,FALSE,Straight-Level,Weekend,TRUE,Dark - No Street Lights,Sideswipe,FALSE,Clear,Over 10000,Four,Very Wide,25-34,Unk,Unk,Male,One,1991-2000,Unk,45-54,Normal,Fatal,Male
12PM-6PM,No Control,FALSE,Straight-Level,Weekday,FALSE,Dark - No Street Lights,Single Vehicle,FALSE,Clear,2001-5000,Two,Narrow,45-54,Normal,Not Distracted,Female,Three,2001-2010,No Violations,65-74,Inattentive/Distracted,Fatal,Female
6PM-12AM,No Control,FALSE,Straight-Level,Weekend,TRUE,Dark - No Street Lights,Single Vehicle,FALSE,Clear,5001-10000,Two,Narrow,Unk,Unk,Unk,Unk,One,Unk ,Unk,15-24,Normal,Complaint,Male
12PM-6PM,No Control,FALSE,Straight-Level,Weekday,FALSE,Daylight,Single Vehicle,FALSE,Clear,Over 10000,Two,Wide,15-24,Normal,Not Distracted,Female,One,1991-2000,Unk,35-44,Normal,Moderate,Male
12PM-6PM,No Control,FALSE,Straight-Level,Weekday,FALSE,Daylight,Single Vehicle,FALSE,Clear,Over 10000,Two,Wide,15-24,Normal,Not Distracted,Female,One,1991-2000,Unk,15-24,Normal,Moderate,Male
12PM-6PM,No Control,FALSE,Straight-Level,Weekday,FALSE,Daylight,Single Vehicle,FALSE,Clear,Over 10000,Two,Wide,15-24,Normal,Not Distracted,Female,One,1991-2000,Unk,55-64,Normal,No Injury,Male
12PM-6PM,No Control,FALSE,Straight-Level,Weekend,FALSE,Dark - Street Light,Unk,FALSE,Clear,Over 10000,Four,Very Wide,15-24,Normal,Not Distracted,Male,Three,1991-2000,No Violations,55-64,Inattentive/Distracted,Moderate,Female
12PM-6PM,Full Control,FALSE,Straight-Level,Weekday,FALSE,Daylight,Rear End,FALSE,Abnormal,Over 10000,Four,Very Wide,35-44,Inattentive/Distracted,Not Distracted,Female,One,1991-2000,Careless Operation,15-24,Normal,Complaint,Female
12PM-6PM,No Control,FALSE,Straight-Level,Weekday,FALSE,Daylight,Sideswipe,FALSE,Clear,5001-10000,Two,Wide,15-24,Inattentive/Distracted,Unk,Male,One,1990 and Before,Disregarded Traffic Control,Unk,Normal,Complaint,Male
12PM-6PM,No Control,FALSE,Straight-Level,Weekday,FALSE,Daylight,Sideswipe,FALSE,Clear,5001-10000,Two,Wide,15-24,Inattentive/Distracted,Unk,Male,One,1990 and Before,Disregarded Traffic Control,Unk,Normal,Complaint,Male
6AM-12PM,No Control,FALSE,Straight-Level,Weekend,FALSE,Daylight,Single Vehicle,TRUE,Clear,Over 10000,Six,Very Wide,15-24,Inattentive/Distracted,Outside Vehicle,Male,Two,1991-2000,No Violations,55-64,Inattentive/Distracted,Complaint,Male
12PM-6PM,No Control,FALSE,Straight-Level,Weekend,FALSE,Daylight,Single Vehicle,FALSE,Clear,Unk,No Info.,Unk,35-44,Normal,Not Distracted,Female,One,1990 and Before,No Violations,Unk,Inattentive/Distracted,Moderate,Male
12PM-6PM,No Control,FALSE,Straight-Level,Weekend,FALSE,Dark - No Street Lights,Unk,FALSE,Clear,Over 10000,Four,Very Wide,25-34,Normal,Not Distracted,Male,One,2001-2010,No Violations,35-44,Inattentive/Distracted,Moderate,Female
12PM-6PM,No Control,FALSE,Curve-Level,Weekday,FALSE,Daylight,Rear End,FALSE,Clear,5001-10000,Two,Wide,35-44,Normal,Unk,Male,One,1990 and Before,Careless Operation,15-24,Normal,Moderate,Female
6AM-12PM,No Control,TRUE,Curve-Level,Weekday,FALSE,Daylight,Single Vehicle,FALSE,Clear,Over 10000,Six,Very Wide,45-54,Normal,Not Distracted,Male,One,1991-2000,No Violations,45-54,Impaired,Complaint,Male
6PM-12AM,No Control,FALSE,Unk,Weekday,TRUE,Dark - No Street Lights,Single Vehicle,FALSE,Clear,2001-5000,Two,Narrow,Unk,Unk,Unk,Unk,One,Unk ,Unk,15-24,Normal,Moderate,Male
12AM-6AM,Full Control,TRUE,Straight-Level,Weekend,FALSE,Dark - No Street Lights,Sideswipe,FALSE,Abnormal,Over 10000,Four,Very Wide,15-24,Inattentive/Distracted,Not Distracted,Female,Two,1991-2000,Careless Operation,35-44,Impaired,No Injury,Male
6PM-12AM,Full Control,FALSE,Straight-Level,Weekend,FALSE,Dark - No Street Lights,Head-On,FALSE,Abnormal,Over 10000,Four,Very Wide,35-44,Inattentive/Distracted,Unk,Male,Two,2001-2010,Careless Operation,25-34,Inattentive/Distracted,Moderate,Male
6PM-12AM,Full Control,FALSE,Straight-Level,Weekend,FALSE,Dark - No Street Lights,Head-On,FALSE,Abnormal,Over 10000,Four,Very Wide,35-44,Inattentive/Distracted,Unk,Male,Two,2001-2010,Careless Operation,15-24,Inattentive/Distracted,Severe,Female
12AM-6AM,No Control,TRUE,Straight-Level,Weekday,FALSE,Dark - Street Light,Single Vehicle,FALSE,Clear,Over 10000,Four,Very Wide,45-54,Normal,Not Distracted,Male,One,2001-2010,No Violations,55-64,Impaired,Moderate,Male
6PM-12AM,No Control,TRUE,Straight-Level,Weekday,FALSE,Dark - No Street Lights,Rear End,FALSE,Clear,Over 10000,Four,Very Wide,45-54,Impaired,Cell Phone,Male,One,1991-2000,Careless Operation,25-34,Normal,Complaint,Male
12AM-6AM,Full Control,FALSE,Straight-Level,Weekend,FALSE,Dark - No Street Lights,Single Vehicle,FALSE,Clear,Over 10000,Four,Very Wide,35-44,Normal,Not Distracted,Male,One,2001-2010,No Violations,35-44,Normal,Moderate,Male
6AM-12PM,No Control,FALSE,Straight-Level,Weekday,FALSE,Daylight,Right Angle,FALSE,Clear,Over 10000,Two,Wide,25-34,Inattentive/Distracted,Not Distracted,Male,Two,2001-2010,Other Improper Turning,45-54,Normal,Complaint,Male
6AM-12PM,No Control,FALSE,Straight-Level,Weekday,FALSE,Daylight,Right Angle,FALSE,Clear,Over 10000,Two,Wide,25-34,Inattentive/Distracted,Not Distracted,Male,Two,2001-2010,Other Improper Turning,15-24,Normal,Complaint,Male
6PM-12AM,No Control,TRUE,Straight-Level,Weekend,FALSE,Dark - Street Light,Unk,TRUE,Abnormal,Over 10000,Four,Very Wide,35-44,Normal,Not Distracted,Male,Three,2001-2010,No Violations,25-34,Impaired,Severe,Male
6PM-12AM,No Control,TRUE,Straight-Level,Weekend,FALSE,Dark - No Street Lights,Single Vehicle,FALSE,Abnormal,2001-5000,Two,Narrow,55-64,Normal,Not Distracted,Male,One,2001-2010,No Violations,15-24,Impaired,Complaint,Male
6PM-12AM,No Control,TRUE,Straight-Level,Weekday,FALSE,Dark - Street Light,Unk,FALSE,Clear,Over 10000,Six,Very Wide,45-54,Normal,Not Distracted,Female,One,2001-2010,No Violations,35-44,Inattentive/Distracted,Complaint,Male
6AM-12PM,No Control,FALSE,Straight-Level,Weekday,FALSE,Daylight,Single Vehicle,TRUE,Clear,Unk,No Info.,Unk,35-44,Normal,Not Distracted,Male,Two,2001-2010,No Violations,55-64,Inattentive/Distracted,Moderate,Male
12PM-6PM,No Control,FALSE,Straight-Level,Weekday,FALSE,Daylight,Right Angle,TRUE,Clear,Unk,No Info.,Unk,65-74,Normal,Not Distracted,Male,One,1991-2000,No Violations,Unk,Inattentive/Distracted,Complaint,Female
6PM-12AM,Unk,FALSE,Unk,Weekday,FALSE,Unk,Unk,FALSE,Unk,Over 10000,Six,Very Wide,Unk,Unk,Unk,Unk,One,Unk ,Unk,15-24,Unk,No Injury,Unk
12AM-6AM,Unk,FALSE,Unk,Weekend,FALSE,Unk,Unk,FALSE,Unk,Over 10000,Four,Very Wide,25-34,Unk,Unk,Unk,One,1991-2000,Unk,Unk,Unk,No Injury,Male
6PM-12AM,Unk,FALSE,Unk,Weekday,FALSE,Unk,Unk,FALSE,Unk,Unk,No Info.,Unk,Unk,Unk,Unk,Unk,One,Unk ,Unk,25-34,Unk,Moderate,Male