Hour,Access,Alcohol,Align,Day,Hit,Light,Collision,Interection,Weather,ADT,Num Lanes,Pav Width,Dr Age,Dr Cond.,Dr Distract,Dr Gender,Num Occ,Veh Year,Violations,Ped Age,Ped Cond.,Ped Inj.,Ped Gender
12PM-6PM,No Control,FALSE,Straight-Level,Weekday,FALSE,Daylight,Single Vehicle,TRUE,Clear,Unk,No Info.,Unk,25-34,Normal,Not Distracted,Female,One,2001-2010,No Violations,Unk,Inattentive/Distracted,Complaint,Male
6PM-12AM,No Control,FALSE,Straight-Level,Weekend,FALSE,Dark - Street Light,Single Vehicle,FALSE,Clear,Over 10000,Four,Very Wide,65-74,Inattentive/Distracted,Not Distracted,Female,One,2001-2010,No Violations,45-54,Inattentive/Distracted,Complaint,Female
6PM-12AM,No Control,FALSE,Straight-Level,Weekend,FALSE,Daylight,Sideswipe,TRUE,Clear,Over 10000,Four,Very Wide,55-64,Normal,Not Distracted,Male,Two,2001-2010,No Violations,45-54,Inattentive/Distracted,Moderate,Male
12AM-6AM,Full Control,FALSE,On Grade,Weekend,TRUE,Dark - Street Light,Rear End,FALSE,Clear,Over 10000,Four,Very Wide,Unk,Unk,Unk,Unk,One,Unk ,Unk,45-54,Unk,Fatal,Male
12PM-6PM,Partial Control,FALSE,Straight-Level,Weekday,FALSE,Daylight,Unk,FALSE,Clear,Unk,No Info.,Unk,65-74,Normal,Not Distracted,Female,One,1991-2000,No Violations,35-44,Impaired,Complaint,Male
12PM-6PM,Partial Control,FALSE,Straight-Level,Weekday,FALSE,Daylight,Unk,FALSE,Clear,Unk,No Info.,Unk,65-74,Normal,Not Distracted,Female,One,1991-2000,No Violations,35-44,Normal,Complaint,Female
12AM-6AM,No Control,FALSE,Straight-Level,Weekday,TRUE,Dark - Street Light,Rear End,TRUE,Clear,Unk,No Info.,Unk,Unk,Unk,Unk,Unk,One,Unk ,Unk,15-24,Unk,Moderate,Female
12AM-6AM,No Control,FALSE,Straight-Level,Weekday,TRUE,Dark - Street Light,Rear End,TRUE,Clear,Unk,No Info.,Unk,Unk,Unk,Unk,Unk,One,Unk ,Unk,15-24,Unk,Moderate,Female
12AM-6AM,No Control,FALSE,Straight-Level,Weekday,TRUE,Dark - Street Light,Rear End,TRUE,Clear,Unk,No Info.,Unk,Unk,Unk,Unk,Unk,One,Unk ,Unk,15-24,Unk,Moderate,Female
12PM-6PM,No Control,FALSE,Straight-Level,Weekend,FALSE,Daylight,Single Vehicle,TRUE,Clear,Unk,No Info.,Unk,15-24,Inattentive/Distracted,Outside Vehicle,Female,One,2001-2010,Improper Backing,15-24,Inattentive/Distracted,Severe,Male
12PM-6PM,No Control,FALSE,Straight-Level,Weekday,FALSE,Daylight,Unk,TRUE,Abnormal,Unk,No Info.,Unk,15-24,Normal,Not Distracted,Female,One,2001-2010,No Violations,15-24,Unk,Moderate,Male
6AM-12PM,No Control,FALSE,Straight-Level,Weekday,FALSE,Daylight,Unk,FALSE,Clear,Unk,No Info.,Unk,45-54,Normal,Not Distracted,Male,One,2001-2010,Unk,25-34,Unk,Complaint,Male
6AM-12PM,No Control,FALSE,Straight-Level,Weekday,TRUE,Daylight,Unk,TRUE,Clear,Over 10000,Two,Very Wide,Unk,Unk,Unk,Unk,One,Unk ,Unk,75-Inf,Impaired,Complaint,Male
6PM-12AM,No Control,FALSE,Straight-Level,Weekend,TRUE,Dark - Street Light,Single Vehicle,TRUE,Clear,Unk,No Info.,Unk,Unk,Unk,Unk,Unk,One,Unk ,Unk,45-54,Unk,Fatal,Female
12PM-6PM,No Control,FALSE,Straight-Level,Weekday,TRUE,Daylight,Unk,FALSE,Clear,Unk,No Info.,Unk,Unk,Unk,Unk,Unk,One,Unk ,Unk,15-24,Unk,Moderate,Male
6AM-12PM,No Control,FALSE,Straight-Level,Weekend,FALSE,Daylight,Unk,TRUE,Clear,Over 10000,Four,Very Wide,55-64,Normal,Not Distracted,Female,Two,2001-2010,No Violations,25-34,Inattentive/Distracted,Complaint,Female
6AM-12PM,No Control,FALSE,Straight-Level,Weekend,FALSE,Daylight,Rear End,TRUE,Clear,5001-10000,Two,Wide,35-44,Normal,Not Distracted,Male,One,1991-2000,Careless Operation,Unk,Normal,No Injury,Unk
12AM-6AM,No Control,FALSE,Straight-Level,Weekday,FALSE,Dark - Street Light,Right Angle,FALSE,Clear,Over 10000,Six,Very Wide,25-34,Normal,Not Distracted,Male,One,2001-2010,No Violations,Unk,Normal,Complaint,Male
6PM-12AM,No Control,FALSE,Straight-Level,Weekday,FALSE,Dark - Street Light,Single Vehicle,TRUE,Clear,Unk,No Info.,Unk,65-74,Normal,Unk,Male,One,1990 and Before,No Violations,15-24,Inattentive/Distracted,Complaint,Female
12PM-6PM,No Control,FALSE,Straight-Level,Weekday,TRUE,Daylight,Unk,TRUE,Abnormal,Over 10000,Four,Very Wide,35-44,Unk,Unk,Female,Two,2001-2010,Unk,Unk,Inattentive/Distracted,Complaint,Male
12PM-6PM,No Control,FALSE,Straight-Level,Weekday,TRUE,Daylight,Unk,TRUE,Abnormal,Over 10000,Four,Very Wide,35-44,Unk,Unk,Female,Two,2001-2010,Unk,15-24,Inattentive/Distracted,Moderate,Female
12PM-6PM,No Control,FALSE,Straight-Level,Weekday,FALSE,Daylight,Unk,FALSE,Abnormal,Unk,No Info.,Unk,25-34,Normal,Not Distracted,Male,Three,1991-2000,No Violations,25-34,Normal,Severe,Female
12PM-6PM,No Control,FALSE,Straight-Level,Weekday,FALSE,Daylight,Unk,FALSE,Abnormal,Unk,No Info.,Unk,25-34,Normal,Not Distracted,Female,One,1991-2000,No Violations,25-34,Unk,Severe,Female
6PM-12AM,No Control,FALSE,Straight-Level,Weekday,FALSE,Dark - Street Light,Single Vehicle,TRUE,Abnormal,Unk,No Info.,Unk,45-54,Normal,Unk,Male,One,1991-2000,No Violations,Unk,Inattentive/Distracted,Moderate,Male
6AM-12PM,No Control,TRUE,Straight-Level,Weekday,FALSE,Daylight,Single Vehicle,FALSE,Clear,Over 10000,Four,Very Wide,55-64,Unk,Unk,Female,One,1991-2000,Unk,25-34,Impaired,Complaint,Male
12PM-6PM,No Control,FALSE,On Grade,Weekday,TRUE,Daylight,Right Angle,TRUE,Abnormal,Unk,No Info.,Unk,Unk,Unk,Unk,Unk,One,1991-2000,Unk,Unk,Unk,No Injury,Unk
6AM-12PM,No Control,FALSE,Straight-Level,Weekday,FALSE,Daylight,Single Vehicle,TRUE,Clear,Over 10000,Four,Very Wide,35-44,Normal,Not Distracted,Male,Two,2001-2010,No Violations,Unk,Inattentive/Distracted,Moderate,Male
12PM-6PM,No Control,FALSE,Straight-Level,Weekday,FALSE,Daylight,Unk,FALSE,Clear,Unk,No Info.,Unk,45-54,Normal,Not Distracted,Female,Two,2001-2010,Exceeding Stated Speed Limit,Unk,Normal,No Injury,Male
6PM-12AM,No Control,FALSE,Straight-Level,Weekday,FALSE,Dark - Street Light,Unk,FALSE,Clear,Unk,No Info.,Unk,25-34,Normal,Not Distracted,Male,Two,2001-2010,No Violations,Unk,Normal,Moderate,Male
6AM-12PM,No Control,FALSE,Straight-Level,Weekday,FALSE,Daylight,Right Angle,TRUE,Abnormal,Unk,No Info.,Unk,45-54,Normal,Not Distracted,Male,Two,1990 and Before,No Violations,Unk,Inattentive/Distracted,Complaint,Male
12PM-6PM,No Control,FALSE,Straight-Level,Weekend,TRUE,Daylight,Unk,FALSE,Clear,Unk,No Info.,Unk,Unk,Unk,Unk,Unk,One,Unk ,Unk,Unk,Unk,Complaint,Male
6AM-12PM,Partial Control,FALSE,Straight-Level,Weekday,FALSE,Daylight,Unk,TRUE,Abnormal,Unk,No Info.,Unk,25-34,Normal,Not Distracted,Female,One,1991-2000,No Violations,15-24,Inattentive/Distracted,Complaint,Female
6PM-12AM,No Control,FALSE,Straight-Level,Weekend,FALSE,Daylight,Unk,FALSE,Clear,Unk,No Info.,Unk,65-74,Normal,Unk,Male,One,2001-2010,No Violations,Unk,Normal,Complaint,Female
6PM-12AM,No Control,FALSE,Straight-Level,Weekday,FALSE,Dark - No Street Lights,Rear End,FALSE,Clear,Unk,No Info.,Unk,55-64,Impaired,Unk,Male,One,1991-2000,Careless Operation,35-44,Unk,Moderate,Female
6PM-12AM,No Control,TRUE,Straight-Level,Weekday,TRUE,Daylight,Unk,FALSE,Abnormal,Unk,No Info.,Unk,25-34,Inattentive/Distracted,Unk,Male,One,1991-2000,Unk,15-24,Unk,Moderate,Female
12AM-6AM,No Control,FALSE,Straight-Level,Weekend,FALSE,Dark - No Street Lights,Unk,TRUE,Clear,Unk,No Info.,Unk,65-74,Inattentive/Distracted,Unk,Female,One,1991-2000,Unk,Unk,Unk,Complaint,Male
6PM-12AM,No Control,FALSE,Straight-Level,Weekday,FALSE,Dark - Street Light,Single Vehicle,FALSE,Abnormal,Over 10000,Four,Very Wide,25-34,Inattentive/Distracted,Not Distracted,Female,Two,2001-2010,Careless Operation,55-64,Unk,Severe,Male
6AM-12PM,No Control,FALSE,Straight-Level,Weekend,FALSE,Daylight,Right Angle,TRUE,Abnormal,Unk,No Info.,Unk,75-Inf,Inattentive/Distracted,Unk,Male,One,2001-2010,Failure To Yield,35-44,Normal,Complaint,Female
12PM-6PM,No Control,FALSE,Straight-Level,Weekend,FALSE,Daylight,Unk,FALSE,Clear,Unk,No Info.,Unk,45-54,Normal,Not Distracted,Male,One,2001-2010,No Violations,Unk,Inattentive/Distracted,Moderate,Male
6AM-12PM,Full Control,FALSE,Straight-Level,Weekend,FALSE,Daylight,Rear End,FALSE,Abnormal,Over 10000,Six,Very Wide,25-34,"Sleep, Fatigue",Not Distracted,Male,One,1991-2000,Driver Condition,45-54,Normal,Moderate,Female
6PM-12AM,No Control,TRUE,Straight-Level,Weekend,TRUE,"Dusk, Dawn",Single Vehicle,TRUE,Abnormal,Unk,No Info.,Unk,65-74,Impaired,Unk,Male,One,2001-2010,Driver Condition,Unk,Normal,Moderate,Female
12PM-6PM,No Control,TRUE,Straight-Level,Weekend,FALSE,Daylight,Unk,FALSE,Abnormal,Unk,No Info.,Unk,35-44,Impaired,Unk,Male,One,1991-2000,Unk,75-Inf,Impaired,Complaint,Male
6PM-12AM,No Control,FALSE,Straight-Level,Weekend,FALSE,Dark - No Street Lights,Single Vehicle,TRUE,Clear,Unk,No Info.,Unk,25-34,Inattentive/Distracted,Not Distracted,Female,Three,1991-2000,Unk,15-24,Inattentive/Distracted,Complaint,Male
12AM-6AM,No Control,FALSE,Straight-Level,Weekend,FALSE,Dark - Street Light,Unk,FALSE,Clear,Unk,No Info.,Unk,15-24,Normal,Not Distracted,Male,One,2001-2010,No Violations,15-24,Inattentive/Distracted,Moderate,Male
6PM-12AM,Partial Control,FALSE,Straight-Level,Weekend,FALSE,Dark - Street Light,Unk,TRUE,Clear,Unk,No Info.,Unk,35-44,Normal,Not Distracted,Male,One,1991-2000,No Violations,35-44,Inattentive/Distracted,Complaint,Female
6PM-12AM,No Control,FALSE,Straight-Level,Weekday,FALSE,Dark - Street Light,Single Vehicle,FALSE,Clear,Over 10000,Four,Very Wide,45-54,Unk,Not Distracted,Female,One,2001-2010,No Violations,Unk,Unk,Fatal,Male
12PM-6PM,No Control,FALSE,Straight-Level,Weekday,FALSE,Daylight,Unk,TRUE,Clear,Unk,No Info.,Unk,45-54,Normal,Not Distracted,Female,Three,1991-2000,No Violations,15-24,Inattentive/Distracted,Complaint,Female
12PM-6PM,No Control,FALSE,Straight-Level,Weekend,TRUE,Daylight,Rear End,FALSE,Abnormal,Unk,No Info.,Unk,15-24,Unk,Unk,Male,One,Unk ,Unk,15-24,Normal,Complaint,Female
12PM-6PM,No Control,FALSE,Straight-Level,Weekday,TRUE,Daylight,Single Vehicle,FALSE,Clear,Over 10000,Two,Wide,25-34,Normal,Not Distracted,Male,One,1991-2000,No Violations,15-24,Unk,Moderate,Male
6AM-12PM,No Control,FALSE,Straight-Level,Weekday,FALSE,Daylight,Unk,TRUE,Clear,5001-10000,Two,Narrow,25-34,Normal,Not Distracted,Male,One,1991-2000,No Violations,Unk,Inattentive/Distracted,Fatal,Female
12PM-6PM,No Control,FALSE,Straight-Level,Weekday,FALSE,Daylight,Unk,TRUE,Clear,Unk,No Info.,Unk,15-24,Inattentive/Distracted,Unk,Female,Two,1991-2000,Careless Operation,15-24,Normal,Complaint,Male
12PM-6PM,No Control,FALSE,Straight-Level,Weekend,FALSE,Daylight,Single Vehicle,TRUE,Abnormal,Unk,No Info.,Unk,15-24,Normal,Not Distracted,Male,One,2001-2010,No Violations,15-24,Unk,Moderate,Male
6PM-12AM,No Control,FALSE,Straight-Level,Weekday,FALSE,Dark - Street Light,Unk,FALSE,Abnormal,Unk,No Info.,Unk,55-64,Normal,Not Distracted,Male,One,1991-2000,No Violations,45-54,Normal,Moderate,Female
12PM-6PM,No Control,TRUE,Straight-Level,Weekday,FALSE,Dark - Street Light,Right Angle,FALSE,Abnormal,Unk,No Info.,Unk,45-54,Normal,Not Distracted,Female,One,1991-2000,No Violations,35-44,Impaired,Moderate,Male
12AM-6AM,No Control,TRUE,Straight-Level,Weekend,FALSE,Dark - Street Light,Right Angle,FALSE,Clear,Over 10000,Two,Wide,Unk,Other,Not Distracted,Unk,One,2001-2010,Vehicle Condition,Unk,Unk,Complaint,Female
12AM-6AM,No Control,TRUE,Straight-Level,Weekday,FALSE,Dark - Street Light,Unk,TRUE,Clear,Unk,No Info.,Unk,15-24,Normal,Not Distracted,Female,One,1991-2000,No Violations,55-64,Unk,Moderate,Male
6AM-12PM,No Control,FALSE,Straight-Level,Weekday,FALSE,Daylight,Unk,TRUE,Clear,Unk,No Info.,Unk,55-64,Normal,Not Distracted,Male,One,1991-2000,No Violations,45-54,Normal,Complaint,Female
12AM-6AM,No Control,FALSE,Straight-Level,Weekday,FALSE,Dark - Street Light,Single Vehicle,FALSE,Clear,Unk,No Info.,Unk,35-44,Normal,Not Distracted,Male,One,2001-2010,No Violations,35-44,Unk,Severe,Male
12PM-6PM,No Control,FALSE,Straight-Level,Weekday,FALSE,Daylight,Unk,FALSE,Abnormal,Unk,No Info.,Unk,25-34,Normal,Not Distracted,Female,One,1991-2000,No Violations,25-34,Unk,Severe,Female
12PM-6PM,No Control,FALSE,Straight-Level,Weekend,FALSE,Daylight,Right Angle,FALSE,Clear,Unk,No Info.,Unk,25-34,Normal,Not Distracted,Male,Two,1990 and Before,No Violations,Unk,Normal,Moderate,Female
6PM-12AM,No Control,FALSE,Straight-Level,Weekend,TRUE,Dark - Street Light,Sideswipe,TRUE,Clear,Unk,No Info.,Unk,Unk,Unk,Unk,Unk,One,Unk ,Failure To Yield,25-34,Unk,Complaint,Female
12PM-6PM,Partial Control,FALSE,Straight-Level,Weekday,FALSE,Daylight,Unk,FALSE,Clear,Unk,No Info.,Unk,45-54,Normal,Not Distracted,Male,One,1991-2000,Unk,25-34,Normal,Complaint,Female
12PM-6PM,Partial Control,FALSE,Straight-Level,Weekday,FALSE,Daylight,Unk,TRUE,Clear,Unk,No Info.,Unk,55-64,Normal,Not Distracted,Male,One,2001-2010,No Violations,55-64,Unk,Moderate,Female
6PM-12AM,No Control,FALSE,Straight-Level,Weekday,FALSE,Daylight,Unk,FALSE,Clear,Unk,No Info.,Unk,15-24,Normal,Unk,Male,One,2001-2010,Exceeding Stated Speed Limit,65-74,Normal,Severe,Female
6PM-12AM,Partial Control,FALSE,Straight-Level,Weekend,FALSE,Dark - Street Light,Unk,TRUE,Clear,Unk,No Info.,Unk,Unk,Normal,Not Distracted,Male,One,1990 and Before,No Violations,Unk,Normal,Complaint,Male
6AM-12PM,No Control,FALSE,Straight-Level,Weekday,FALSE,Daylight,Left Turn,TRUE,Clear,Over 10000,Six,Very Wide,35-44,Normal,Not Distracted,Female,One,2001-2010,No Violations,55-64,Inattentive/Distracted,Moderate,Male
6PM-12AM,No Control,FALSE,Straight-Level,Weekend,FALSE,Dark - No Street Lights,Single Vehicle,FALSE,Clear,Unk,No Info.,Unk,15-24,Inattentive/Distracted,Outside Vehicle,Male,One,1991-2000,Careless Operation,15-24,Normal,Complaint,Female
6PM-12AM,No Control,FALSE,Straight-Level,Weekday,FALSE,Dark - Street Light,Single Vehicle,FALSE,Clear,Unk,No Info.,Unk,35-44,Unk,Not Distracted,Male,One,1991-2000,No Violations,Unk,Unk,Complaint,Male
12PM-6PM,No Control,FALSE,Straight-Level,Weekend,FALSE,Daylight,Unk,FALSE,Clear,2001-5000,Two,Very Wide,35-44,Normal,Not Distracted,Male,Three,1991-2000,No Violations,Unk,Unk,Complaint,Male
6PM-12AM,No Control,FALSE,Straight-Level,Weekday,FALSE,Daylight,Single Vehicle,FALSE,Clear,Unk,No Info.,Unk,25-34,Inattentive/Distracted,Unk,Male,One,2001-2010,"Cutting In, Improper Passing",45-54,Normal,Moderate,Male
6AM-12PM,No Control,FALSE,Straight-Level,Weekday,FALSE,Daylight,Single Vehicle,FALSE,Clear,Unk,No Info.,Unk,15-24,Normal,Not Distracted,Male,One,2001-2010,No Violations,65-74,Inattentive/Distracted,Moderate,Male
12PM-6PM,No Control,FALSE,Straight-Level,Weekend,TRUE,Daylight,Unk,FALSE,Clear,Unk,No Info.,Unk,25-34,Normal,Not Distracted,Male,Two,1991-2000,Unk,Unk,Inattentive/Distracted,Moderate,Male
6PM-12AM,No Control,FALSE,Straight-Level,Weekday,FALSE,Dark - Street Light,Unk,FALSE,Abnormal,Unk,No Info.,Unk,25-34,Unk,Unk,Male,One,2001-2010,No Violations,35-44,Normal,Complaint,Female
6AM-12PM,No Control,FALSE,Straight-Level,Weekend,FALSE,Daylight,Single Vehicle,TRUE,Abnormal,Over 10000,Four,Very Wide,35-44,Normal,Not Distracted,Female,One,1991-2000,No Violations,45-54,Inattentive/Distracted,Moderate,Female
6PM-12AM,Partial Control,TRUE,Straight-Level,Weekday,FALSE,Dark - Street Light,Unk,FALSE,Abnormal,Over 10000,Four,Very Wide,35-44,Normal,Unk,Female,Four,1991-2000,No Violations,25-34,Impaired,Moderate,Female
6PM-12AM,No Control,FALSE,Straight-Level,Weekend,FALSE,Dark - No Street Lights,Single Vehicle,FALSE,Clear,Over 10000,Four,Very Wide,45-54,Normal,Not Distracted,Male,One,2001-2010,No Violations,45-54,Inattentive/Distracted,Moderate,Male
6PM-12AM,No Control,FALSE,Straight-Level,Weekend,FALSE,Dark - Street Light,Single Vehicle,FALSE,Clear,Over 10000,Four,Very Wide,55-64,Inattentive/Distracted,Unk,Female,One,2001-2010,Failure To Yield,Unk,Normal,Complaint,Male
6PM-12AM,No Control,FALSE,Straight-Level,Weekend,FALSE,Dark - Street Light,Single Vehicle,FALSE,Clear,Over 10000,Four,Very Wide,55-64,Inattentive/Distracted,Unk,Female,One,2001-2010,Failure To Yield,Unk,Unk,Complaint,Female
6AM-12PM,No Control,FALSE,Straight-Level,Weekday,FALSE,Daylight,Unk,TRUE,Abnormal,Over 10000,Four,Very Wide,25-34,Normal,Not Distracted,Male,Two,1991-2000,No Violations,55-64,Unk,Moderate,Male
12PM-6PM,No Control,FALSE,Straight-Level,Weekday,FALSE,Daylight,Right Angle,TRUE,Clear,Unk,No Info.,Unk,45-54,Normal,Not Distracted,Male,One,1991-2000,No Violations,Unk,Inattentive/Distracted,Moderate,Male
6PM-12AM,No Control,FALSE,Straight-Level,Weekday,FALSE,"Dusk, Dawn",Single Vehicle,TRUE,Abnormal,Over 10000,Four,Very Wide,25-34,Normal,Not Distracted,Male,One,1991-2000,No Violations,15-24,Inattentive/Distracted,Moderate,Male
6PM-12AM,No Control,FALSE,Straight-Level,Weekend,FALSE,Dark - No Street Lights,Unk,FALSE,Clear,Over 10000,Four,Very Wide,55-64,Normal,Not Distracted,Male,One,1990 and Before,No Violations,25-34,Unk,Fatal,Male
12PM-6PM,No Control,FALSE,Straight-Level,Weekday,FALSE,Daylight,Unk,TRUE,Clear,Over 10000,Four,Very Wide,15-24,Normal,Not Distracted,Female,Two,1990 and Before,No Violations,25-34,Normal,Complaint,Male
6PM-12AM,No Control,FALSE,Straight-Level,Weekend,FALSE,Dark - Street Light,Single Vehicle,TRUE,Abnormal,Unk,No Info.,Unk,45-54,Normal,Unk,Male,One,2001-2010,Unk,Unk,Normal,Moderate,Male
6PM-12AM,Full Control,FALSE,Straight-Level,Weekday,FALSE,"Dusk, Dawn",Single Vehicle,FALSE,Clear,Unk,No Info.,Unk,25-34,Normal,Not Distracted,Male,One,2001-2010,No Violations,Unk,Inattentive/Distracted,Complaint,Male
6PM-12AM,No Control,FALSE,Straight-Level,Weekend,FALSE,Dark - Street Light,Head-On,FALSE,Abnormal,Unk,No Info.,Unk,15-24,Normal,Not Distracted,Male,Two,1990 and Before,No Violations,Unk,Unk,Moderate,Male
12AM-6AM,No Control,TRUE,Straight-Level,Weekend,TRUE,Dark - No Street Lights,Single Vehicle,FALSE,Clear,2001-5000,Two,Narrow,Unk,Unk,Unk,Unk,One,Unk ,Unk,45-54,Impaired,Moderate,Male
6PM-12AM,No Control,FALSE,Straight-Level,Weekend,TRUE,Dark - No Street Lights,Single Vehicle,FALSE,Abnormal,Over 10000,Two,Wide,Unk,Unk,Unk,Unk,One,Unk ,Careless Operation,15-24,Normal,Complaint,Male
6AM-12PM,No Control,FALSE,Straight-Level,Weekday,FALSE,Daylight,Single Vehicle,TRUE,Clear,Unk,No Info.,Unk,65-74,Normal,Not Distracted,Male,One,1991-2000,No Violations,65-74,Inattentive/Distracted,Moderate,Male
12PM-6PM,No Control,FALSE,Straight-Level,Weekday,FALSE,Daylight,Unk,TRUE,Clear,Over 10000,Two,Wide,35-44,Normal,Not Distracted,Male,One,1991-2000,No Violations,45-54,Inattentive/Distracted,Moderate,Male
6PM-12AM,No Control,FALSE,Straight-Level,Weekday,TRUE,Dark - No Street Lights,Unk,FALSE,Abnormal,Over 10000,Four,Very Wide,Unk,Unk,Unk,Female,One,Unk ,Unk,35-44,Unk,Complaint,Male
6PM-12AM,No Control,FALSE,Straight-Level,Weekday,TRUE,Dark - No Street Lights,Unk,FALSE,Abnormal,Over 10000,Four,Very Wide,Unk,Unk,Unk,Female,One,Unk ,Unk,Unk,Unk,Moderate,Male
6PM-12AM,No Control,TRUE,Straight-Level,Weekend,FALSE,Dark - No Street Lights,Single Vehicle,TRUE,Clear,Over 10000,Four,Very Wide,15-24,Normal,Not Distracted,Female,Three,2001-2010,No Violations,Unk,Impaired,Complaint,Male
12PM-6PM,No Control,FALSE,Straight-Level,Weekday,FALSE,Daylight,Single Vehicle,TRUE,Clear,Unk,No Info.,Unk,15-24,Normal,Not Distracted,Male,One,2001-2010,No Violations,55-64,Unk,Moderate,Male
6AM-12PM,No Control,FALSE,Straight-Level,Weekday,TRUE,Daylight,Rear End,FALSE,Clear,Unk,No Info.,Unk,15-24,Unk,Unk,Male,One,2001-2010,Unk,15-24,Normal,Moderate,Male
6AM-12PM,No Control,FALSE,Straight-Level,Weekday,TRUE,Dark - No Street Lights,Single Vehicle,TRUE,Abnormal,Unk,No Info.,Unk,Unk,Unk,Unk,Unk,One,Unk ,Unk,15-24,Unk,Moderate,Male
6PM-12AM,No Control,FALSE,Straight-Level,Weekend,TRUE,Dark - No Street Lights,Sideswipe,TRUE,Clear,Unk,No Info.,Unk,Unk,Unk,Unk,Unk,One,Unk ,Unk,15-24,Normal,Complaint,Female
6PM-12AM,No Control,FALSE,Straight-Level,Weekday,FALSE,Dark - Street Light,Unk,FALSE,Clear,Unk,No Info.,Unk,25-34,Normal,Not Distracted,Female,Two,2001-2010,No Violations,Unk,Unk,Moderate,Female
12PM-6PM,No Control,FALSE,Straight-Level,Weekend,FALSE,Daylight,Single Vehicle,FALSE,Clear,Unk,No Info.,Unk,15-24,Inattentive/Distracted,Not Distracted,Male,One,1991-2000,Careless Operation,15-24,Unk,Moderate,Female
12PM-6PM,No Control,FALSE,Straight-Level,Weekend,TRUE,Daylight,Unk,FALSE,Clear,Unk,No Info.,Unk,25-34,Inattentive/Distracted,Not Distracted,Female,One,2001-2010,Careless Operation,Unk,Unk,Severe,Female
12PM-6PM,No Control,FALSE,Straight-Level,Weekend,TRUE,"Dusk, Dawn",Single Vehicle,TRUE,Clear,Over 10000,Four,Very Wide,Unk,Unk,Unk,Male,One,2001-2010,Careless Operation,35-44,Normal,Moderate,Female
6AM-12PM,No Control,FALSE,Straight-Level,Weekday,FALSE,Daylight,Single Vehicle,FALSE,Clear,Over 10000,Four,Very Wide,35-44,Normal,Not Distracted,Female,One,2001-2010,No Violations,Unk,Unk,Complaint,Male
6AM-12PM,No Control,FALSE,Straight-Level,Weekend,TRUE,Daylight,Single Vehicle,FALSE,Clear,Unk,No Info.,Unk,Unk,Unk,Unk,Unk,One,Unk ,Unk,15-24,Unk,Moderate,Male
12PM-6PM,No Control,FALSE,Straight-Level,Weekday,FALSE,Daylight,Unk,TRUE,Clear,Over 10000,Four,Very Wide,55-64,Normal,Not Distracted,Male,One,1990 and Before,No Violations,Unk,Inattentive/Distracted,Complaint,Male
6PM-12AM,No Control,TRUE,Straight-Level,Weekday,TRUE,Dark - Street Light,Right Angle,TRUE,Unk,Unk,No Info.,Unk,Unk,Unk,Unk,Unk,One,Unk ,Unk,45-54,Impaired,Moderate,Male
6PM-12AM,No Control,FALSE,Straight-Level,Weekday,FALSE,Dark - No Street Lights,Single Vehicle,FALSE,Clear,Over 10000,Four,Very Wide,55-64,Normal,Not Distracted,Male,One,1991-2000,No Violations,45-54,Unk,Severe,Male
6PM-12AM,No Control,FALSE,Straight-Level,Weekday,FALSE,Dark - Street Light,Unk,FALSE,Abnormal,Over 10000,Two,Wide,35-44,Normal,Not Distracted,Female,One,2001-2010,No Violations,45-54,Normal,Complaint,Male
12PM-6PM,No Control,FALSE,Straight-Level,Weekday,FALSE,Daylight,Single Vehicle,TRUE,Clear,Over 10000,Four,Very Wide,45-54,Normal,Not Distracted,Female,One,2001-2010,No Violations,45-54,Normal,Moderate,Female
6PM-12AM,No Control,FALSE,Straight-Level,Weekend,FALSE,Daylight,Unk,TRUE,Clear,5001-10000,Two,Wide,35-44,Normal,Not Distracted,Male,Two,1991-2000,No Violations,Unk,Inattentive/Distracted,Moderate,Female
6PM-12AM,No Control,TRUE,Straight-Level,Weekday,FALSE,Dark - No Street Lights,Unk,TRUE,Clear,5001-10000,Six,Very Wide,55-64,Normal,Not Distracted,Male,One,2001-2010,No Violations,15-24,Inattentive/Distracted,Moderate,Male
12AM-6AM,No Control,FALSE,Straight-Level,Weekend,FALSE,Unk,Unk,TRUE,Unk,Unk,No Info.,Unk,25-34,Other,Outside Vehicle,Female,Two,1991-2000,Unk,35-44,Unk,No Injury,Female
12AM-6AM,No Control,FALSE,Straight-Level,Weekend,FALSE,Unk,Unk,TRUE,Unk,Unk,No Info.,Unk,25-34,Other,Outside Vehicle,Female,Two,1991-2000,Unk,Unk,Unk,No Injury,Male
12AM-6AM,No Control,FALSE,Straight-Level,Weekend,FALSE,Unk,Unk,TRUE,Unk,Unk,No Info.,Unk,25-34,Other,Outside Vehicle,Female,Two,1991-2000,Unk,15-24,Unk,Moderate,Female
12AM-6AM,Unk,TRUE,Straight-Level,Weekend,TRUE,Dark - Street Light,Unk,FALSE,Clear,Unk,No Info.,Unk,Unk,Unk,Unk,Unk,One,Unk ,Unk,45-54,Impaired,Moderate,Male
12PM-6PM,No Control,FALSE,Straight-Level,Weekday,FALSE,Daylight,Single Vehicle,FALSE,Abnormal,Unk,No Info.,Unk,25-34,Normal,Not Distracted,Female,One,1991-2000,No Violations,75-Inf,Impaired,Moderate,Male
12PM-6PM,No Control,FALSE,Straight-Level,Weekday,FALSE,Daylight,Unk,TRUE,Abnormal,Unk,No Info.,Unk,65-74,Normal,Not Distracted,Male,One,2001-2010,No Violations,Unk,Normal,Complaint,Male
6PM-12AM,No Control,FALSE,Straight-Level,Weekday,FALSE,Daylight,Single Vehicle,TRUE,Clear,Unk,No Info.,Unk,15-24,Inattentive/Distracted,Unk,Male,Three,2001-2010,Careless Operation,Unk,Inattentive/Distracted,Complaint,Male