Hour,Access,Alcohol,Align,Day,Hit,Light,Collision,Interection,Weather,ADT,Num Lanes,Pav Width,Dr Age,Dr Cond.,Dr Distract,Dr Gender,Num Occ,Veh Year,Violations,Ped Age,Ped Cond.,Ped Inj.,Ped Gender
12PM-6PM,No Control,TRUE,Straight-Level,Weekday,TRUE,Daylight,Single Vehicle,FALSE,Clear,Over 10000,Four,Very Wide,Unk,Unk,Unk,Unk,One,Unk ,Unk,35-44,Impaired,Complaint,Male
12AM-6AM,No Control,TRUE,On Grade,Weekend,FALSE,Dark - No Street Lights,Rear End,FALSE,Abnormal,0-1000,Two,Narrow,15-24,Inattentive/Distracted,Inside Vehi.,Male,Two,2001-2010,Careless Operation,25-34,Normal,Complaint,Female
12AM-6AM,No Control,TRUE,On Grade,Weekend,FALSE,Dark - No Street Lights,Rear End,FALSE,Abnormal,0-1000,Two,Narrow,15-24,Inattentive/Distracted,Inside Vehi.,Male,Two,2001-2010,Careless Operation,25-34,Normal,Complaint,Male
12AM-6AM,No Control,TRUE,On Grade,Weekend,FALSE,Dark - No Street Lights,Rear End,FALSE,Abnormal,0-1000,Two,Narrow,15-24,Inattentive/Distracted,Inside Vehi.,Male,Two,2001-2010,Careless Operation,15-24,Normal,Complaint,Male
12AM-6AM,No Control,TRUE,On Grade,Weekend,FALSE,Dark - No Street Lights,Rear End,FALSE,Abnormal,0-1000,Two,Narrow,15-24,Inattentive/Distracted,Inside Vehi.,Male,Two,2001-2010,Careless Operation,15-24,Normal,Complaint,Male
12AM-6AM,No Control,TRUE,Straight-Level,Weekend,FALSE,Dark - Street Light,Sideswipe,FALSE,Clear,2001-5000,Four,Very Wide,25-34,Impaired,Inside Vehi.,Male,One,1991-2000,Careless Operation,15-24,Normal,Complaint,Male
6PM-12AM,No Control,FALSE,Straight-Level,Weekend,FALSE,Dark - No Street Lights,Unk,FALSE,Abnormal,Over 10000,Two,Wide,45-54,Normal,Not Distracted,Male,One,2001-2010,No Violations,65-74,Inattentive/Distracted,Fatal,Female
12AM-6AM,No Control,TRUE,Straight-Level,Weekend,FALSE,Dark - No Street Lights,Head-On,FALSE,Clear,Over 10000,Four,Very Wide,35-44,Impaired,Not Distracted,Male,Two,1991-2000,Careless Operation,15-24,Normal,Fatal,Female
6PM-12AM,No Control,TRUE,Curve-Level,Weekday,FALSE,Dark - No Street Lights,Single Vehicle,FALSE,Clear,Over 10000,Four,Very Wide,15-24,Impaired,Not Distracted,Female,Two,2001-2010,Driver Condition,35-44,Impaired,Fatal,Female
6AM-12PM,No Control,FALSE,On Grade,Weekday,FALSE,Daylight,Left Turn,TRUE,Clear,2001-5000,Two,Wide,25-34,Inattentive/Distracted,Not Distracted,Male,One,1991-2000,Failure To Yield,45-54,Normal,Complaint,Female
12AM-6AM,No Control,TRUE,Straight-Level,Weekend,FALSE,Dark - No Street Lights,Single Vehicle,FALSE,Clear,2001-5000,Two,Narrow,25-34,Impaired,Outside Vehicle,Male,Two,2001-2010,Driver Condition,35-44,Unk,Fatal,Male
12AM-6AM,No Control,FALSE,Straight-Level,Weekday,FALSE,"Dusk, Dawn",Unk,FALSE,Clear,2001-5000,Two,Wide,35-44,Inattentive/Distracted,Not Distracted,Male,One,1991-2000,"Cutting In, Improper Passing",15-24,Inattentive/Distracted,Complaint,Female
6PM-12AM,No Control,FALSE,Straight-Level,Weekday,FALSE,Dark - Street Light,Unk,FALSE,Clear,Over 10000,Four,Very Wide,15-24,Normal,Not Distracted,Male,One,2001-2010,No Violations,25-34,Unk,Moderate,Male
12AM-6AM,No Control,FALSE,Straight-Level,Weekend,FALSE,Dark - No Street Lights,Single Vehicle,FALSE,Clear,2001-5000,Two,Narrow,55-64,Normal,Not Distracted,Male,One,1991-2000,No Violations,75-Inf,Unk,No Injury,Female
6PM-12AM,No Control,FALSE,Straight-Level,Weekday,FALSE,Dark - No Street Lights,Single Vehicle,FALSE,Clear,Unk,No Info.,Unk,45-54,Normal,Not Distracted,Female,Three,1990 and Before,No Violations,45-54,Normal,Complaint,Female
6PM-12AM,No Control,TRUE,Straight-Level,Weekday,FALSE,Dark - No Street Lights,Single Vehicle,FALSE,Clear,Over 10000,Two,Wide,15-24,Normal,Not Distracted,Male,Two,2001-2010,No Violations,35-44,Impaired,Complaint,Male
6PM-12AM,No Control,TRUE,Straight-Level,Weekend,FALSE,Dark - No Street Lights,Unk,FALSE,Clear,2001-5000,Two,Wide,55-64,Impaired,Not Distracted,Male,One,1990 and Before,No Violations,65-74,Normal,Moderate,Male
6PM-12AM,No Control,FALSE,Curve-Level,Weekday,FALSE,Daylight,Single Vehicle,FALSE,Clear,5001-10000,Two,Wide,55-64,Normal,Not Distracted,Male,One,1991-2000,No Violations,25-34,Unk,Fatal,Male
6PM-12AM,No Control,TRUE,Straight-Level,Weekend,FALSE,Dark - No Street Lights,Single Vehicle,FALSE,Clear,Over 10000,Two,Wide,25-34,Normal,Not Distracted,Female,One,2001-2010,No Violations,45-54,Impaired,Moderate,Female
12AM-6AM,No Control,FALSE,Straight-Level,Weekday,FALSE,Dark - No Street Lights,Unk,FALSE,Clear,2001-5000,Two,Narrow,35-44,Normal,Not Distracted,Male,One,1991-2000,No Violations,15-24,Inattentive/Distracted,Moderate,Male
6PM-12AM,No Control,TRUE,Curve-Level,Weekday,TRUE,Dark - No Street Lights,Single Vehicle,FALSE,Clear,5001-10000,Two,Wide,25-34,Impaired,Not Distracted,Male,One,1990 and Before,Driver Condition,15-24,Normal,Moderate,Male
6PM-12AM,Full Control,FALSE,Straight-Level,Weekend,FALSE,Dark - No Street Lights,Unk,FALSE,Clear,Over 10000,Four,Very Wide,15-24,Normal,Not Distracted,Male,One,1991-2000,No Violations,55-64,Unk,Fatal,Male
12PM-6PM,No Control,FALSE,Straight-Level,Weekday,FALSE,Daylight,Rear End,FALSE,Abnormal,2001-5000,Two,Wide,15-24,Inattentive/Distracted,Not Distracted,Male,One,1991-2000,Careless Operation,35-44,Normal,Moderate,Male
12PM-6PM,No Control,FALSE,Straight-Level,Weekday,FALSE,Daylight,Rear End,FALSE,Abnormal,2001-5000,Two,Wide,15-24,Inattentive/Distracted,Not Distracted,Male,One,1991-2000,Careless Operation,45-54,Normal,Moderate,Male
12AM-6AM,No Control,FALSE,Straight-Level,Weekend,FALSE,Dark - No Street Lights,Unk,FALSE,Clear,5001-10000,Two,Wide,75-Inf,Normal,Unk,Male,Two,1991-2000,No Violations,15-24,Unk,Moderate,Male
6PM-12AM,No Control,FALSE,Straight-Level,Weekend,FALSE,Dark - No Street Lights,Single Vehicle,FALSE,Abnormal,5001-10000,Two,Wide,55-64,Normal,Not Distracted,Male,One,1991-2000,No Violations,Unk,Inattentive/Distracted,Complaint,Male
6PM-12AM,No Control,FALSE,Straight-Level,Weekend,FALSE,Daylight,Single Vehicle,FALSE,Clear,5001-10000,Two,Wide,25-34,Normal,Not Distracted,Female,One,2001-2010,No Violations,45-54,Impaired,Fatal,Female
12AM-6AM,No Control,FALSE,Straight-Level,Weekend,TRUE,Dark - Street Light,Single Vehicle,FALSE,Clear,Over 10000,Four,Very Wide,45-54,Unk,Not Distracted,Male,One,1991-2000,Unk,25-34,Unk,Fatal,Male
12AM-6AM,No Control,TRUE,Straight-Level,Weekday,FALSE,Dark - Street Light,Single Vehicle,FALSE,Abnormal,Over 10000,Two,Wide,35-44,Normal,Not Distracted,Male,Two,1991-2000,No Violations,25-34,Impaired,Complaint,Male
6PM-12AM,No Control,FALSE,Straight-Level,Weekend,FALSE,Dark - No Street Lights,Single Vehicle,FALSE,Clear,5001-10000,Two,Narrow,25-34,Normal,Not Distracted,Female,Three,1991-2000,No Violations,25-34,Inattentive/Distracted,Complaint,Female
6PM-12AM,No Control,FALSE,Straight-Level,Weekday,FALSE,Dark - No Street Lights,Single Vehicle,FALSE,Clear,Over 10000,Four,Very Wide,15-24,Normal,Not Distracted,Female,One,1991-2000,No Violations,45-54,Unk,Fatal,Male
6PM-12AM,No Control,TRUE,Curve-Level,Weekend,FALSE,"Dusk, Dawn",Single Vehicle,FALSE,Clear,5001-10000,Two,Wide,25-34,Impaired,Outside Vehicle,Male,One,2001-2010,Driver Condition,25-34,Impaired,Moderate,Male
6PM-12AM,No Control,FALSE,Straight-Level,Weekday,FALSE,Dark - No Street Lights,Single Vehicle,FALSE,Clear,Unk,No Info.,Unk,15-24,Normal,Not Distracted,Male,One,1991-2000,No Violations,15-24,Inattentive/Distracted,Fatal,Female
12PM-6PM,No Control,FALSE,Straight-Level,Weekday,FALSE,Daylight,Single Vehicle,TRUE,Clear,5001-10000,Four,Very Wide,15-24,Normal,Not Distracted,Female,One,2001-2010,No Violations,15-24,Inattentive/Distracted,Complaint,Male
12PM-6PM,No Control,FALSE,Straight-Level,Weekday,FALSE,Daylight,Single Vehicle,FALSE,Clear,5001-10000,Two,Wide,35-44,Unk,Not Distracted,Male,Two,1991-2000,Disregarded Traffic Control,15-24,Normal,Complaint,Male
6AM-12PM,Full Control,FALSE,Straight-Level,Weekday,FALSE,Daylight,Head-On,FALSE,Clear,Over 10000,Four,Very Wide,75-Inf,Inattentive/Distracted,Not Distracted,Female,One,1991-2000,Careless Operation,35-44,Normal,Complaint,Male
12PM-6PM,No Control,TRUE,Straight-Level,Weekday,FALSE,Daylight,Single Vehicle,FALSE,Abnormal,Over 10000,Two,Wide,25-34,Normal,Not Distracted,Female,One,2001-2010,No Violations,55-64,Impaired,Complaint,Female
12PM-6PM,No Control,FALSE,Straight-Level,Weekday,FALSE,Daylight,Rear End,FALSE,Abnormal,Over 10000,Four,Very Wide,45-54,Normal,Not Distracted,Male,One,2001-2010,No Violations,55-64,Inattentive/Distracted,No Injury,Male
12PM-6PM,Full Control,FALSE,Straight-Level,Weekday,FALSE,Dark - No Street Lights,Single Vehicle,FALSE,Abnormal,Over 10000,Four,Very Wide,65-74,Inattentive/Distracted,Outside Vehicle,Male,One,2001-2010,Careless Operation,25-34,Normal,Complaint,Male
6PM-12AM,No Control,FALSE,Straight-Level,Weekend,FALSE,Dark - No Street Lights,Single Vehicle,FALSE,Clear,5001-10000,Two,Wide,45-54,Normal,Not Distracted,Male,Two,2001-2010,No Violations,15-24,Inattentive/Distracted,Complaint,Male
12AM-6AM,No Control,TRUE,Straight-Level,Weekend,FALSE,Dark - No Street Lights,Single Vehicle,FALSE,Abnormal,Over 10000,Two,Wide,15-24,Normal,Not Distracted,Male,One,1991-2000,No Violations,25-34,Impaired,Fatal,Male
12PM-6PM,No Control,FALSE,Straight-Level,Weekday,TRUE,Daylight,Single Vehicle,FALSE,Clear,Over 10000,Six,Very Wide,Unk,Unk,Unk,Unk,One,Unk ,Careless Operation,65-74,Normal,Complaint,Male
6PM-12AM,No Control,FALSE,Straight-Level,Weekday,FALSE,Dark - No Street Lights,Single Vehicle,FALSE,Clear,Over 10000,Four,Very Wide,25-34,Normal,Not Distracted,Male,One,1991-2000,No Violations,35-44,Unk,Fatal,Male
6PM-12AM,No Control,FALSE,Straight-Level,Weekend,FALSE,Dark - No Street Lights,Unk,FALSE,Clear,Over 10000,Four,Very Wide,25-34,Normal,Not Distracted,Male,Three,1991-2000,No Violations,Unk,Inattentive/Distracted,Fatal,Female
6PM-12AM,No Control,FALSE,Straight-Level,Weekend,TRUE,Dark - No Street Lights,Single Vehicle,FALSE,Abnormal,0-1000,Two,Narrow,Unk,Unk,Unk,Unk,One,Unk ,Unk,35-44,Impaired,Fatal,Male
12AM-6AM,No Control,FALSE,Straight-Level,Weekday,TRUE,Dark - No Street Lights,Single Vehicle,FALSE,Clear,2001-5000,Two,Wide,Unk,Unk,Unk,Unk,One,Unk ,Unk,55-64,Unk,Moderate,Male
12AM-6AM,No Control,FALSE,Straight-Level,Weekend,TRUE,Dark - Street Light,Single Vehicle,FALSE,Clear,Over 10000,Four,Very Wide,Unk,Unk,Unk,Male,One,Unk ,Careless Operation,35-44,Normal,Severe,Male
6PM-12AM,No Control,FALSE,Straight-Level,Weekend,FALSE,"Dusk, Dawn",Single Vehicle,FALSE,Clear,5001-10000,Two,Wide,55-64,Inattentive/Distracted,Not Distracted,Male,One,1990 and Before,Failure To Yield,25-34,Normal,Moderate,Male
6PM-12AM,No Control,TRUE,Straight-Level,Weekend,FALSE,Dark - No Street Lights,Single Vehicle,FALSE,Clear,Over 10000,Four,Very Wide,25-34,Normal,Not Distracted,Male,Two,2001-2010,No Violations,45-54,Impaired,Fatal,Male
6AM-12PM,No Control,FALSE,Straight-Level,Weekday,FALSE,Daylight,Rear End,FALSE,Clear,2001-5000,Two,Narrow,75-Inf,Inattentive/Distracted,Unk,Male,One,2001-2010,Careless Operation,65-74,Normal,Complaint,Male
12AM-6AM,No Control,FALSE,Straight-Level,Weekend,TRUE,Dark - No Street Lights,Single Vehicle,FALSE,Clear,Over 10000,Four,Very Wide,Unk,Unk,Unk,Unk,One,Unk ,Unk,35-44,Inattentive/Distracted,Moderate,Male
12AM-6AM,No Control,TRUE,Straight-Level,Weekday,TRUE,Dark - No Street Lights,Single Vehicle,FALSE,Abnormal,2001-5000,Two,Narrow,Unk,Unk,Unk,Unk,One,Unk ,Unk,35-44,Impaired,Complaint,Male
6PM-12AM,No Control,FALSE,Straight-Level,Weekday,FALSE,Dark - Street Light,Head-On,TRUE,Clear,Over 10000,Four,Very Wide,25-34,Inattentive/Distracted,Inside Vehi.,Male,One,1991-2000,Careless Operation,35-44,Unk,Moderate,Male
12PM-6PM,No Control,FALSE,Straight-Level,Weekday,FALSE,Daylight,Single Vehicle,FALSE,Clear,Over 10000,Two,Narrow,25-34,Inattentive/Distracted,Not Distracted,Male,One,2001-2010,Following Too Closely,15-24,Normal,Complaint,Male
12AM-6AM,No Control,FALSE,Straight-Level,Weekend,FALSE,Dark - No Street Lights,Single Vehicle,FALSE,Clear,5001-10000,Two,Wide,35-44,Normal,Not Distracted,Female,One,2001-2010,No Violations,25-34,Normal,Complaint,Female
6AM-12PM,No Control,FALSE,Straight-Level,Weekday,FALSE,Daylight,Single Vehicle,FALSE,Clear,Over 10000,Two,Wide,35-44,Inattentive/Distracted,Not Distracted,Female,One,1991-2000,Careless Operation,45-54,Normal,Complaint,Male
12AM-6AM,No Control,FALSE,Straight-Level,Weekday,FALSE,Dark - No Street Lights,Single Vehicle,FALSE,Clear,Over 10000,Two,Wide,25-34,Normal,Not Distracted,Male,One,1991-2000,No Violations,25-34,Normal,No Injury,Male
12AM-6AM,No Control,FALSE,Straight-Level,Weekday,FALSE,Dark - No Street Lights,Single Vehicle,FALSE,Clear,Over 10000,Two,Wide,25-34,Normal,Not Distracted,Male,One,1991-2000,No Violations,25-34,Unk,No Injury,Male
6PM-12AM,No Control,FALSE,Straight-Level,Weekday,FALSE,Daylight,Single Vehicle,FALSE,Clear,Over 10000,Six,Very Wide,15-24,Normal,Not Distracted,Male,One,1991-2000,Exceeding Stated Speed Limit,45-54,Unk,Fatal,Male
6PM-12AM,Full Control,FALSE,Straight-Level,Weekend,FALSE,Dark - No Street Lights,Single Vehicle,FALSE,Clear,Over 10000,Four,Very Wide,25-34,Normal,Not Distracted,Male,One,1991-2000,No Violations,55-64,Unk,Fatal,Female
6PM-12AM,No Control,FALSE,Straight-Level,Weekend,FALSE,Dark - No Street Lights,Single Vehicle,FALSE,Clear,2001-5000,Two,Narrow,75-Inf,Inattentive/Distracted,Outside Vehicle,Male,One,1991-2000,No Violations,15-24,Normal,Moderate,Female
12PM-6PM,No Control,FALSE,Straight-Level,Weekend,FALSE,Daylight,Single Vehicle,FALSE,Clear,Unk,No Info.,Unk,45-54,Normal,Not Distracted,Female,One,2001-2010,No Violations,Unk,Inattentive/Distracted,Complaint,Male
6PM-12AM,No Control,FALSE,Straight-Level,Weekend,TRUE,Dark - Street Light,Single Vehicle,FALSE,Clear,5001-10000,Two,Narrow,Unk,Unk,Unk,Unk,One,Unk ,Careless Operation,45-54,Normal,Moderate,Male
6PM-12AM,No Control,TRUE,Straight-Level,Weekday,FALSE,Dark - Street Light,Unk,FALSE,Abnormal,5001-10000,Two,Wide,45-54,Impaired,Not Distracted,Female,One,2001-2010,Driver Condition,35-44,Unk,Fatal,Male
6AM-12PM,No Control,FALSE,Straight-Level,Weekday,FALSE,Daylight,Single Vehicle,FALSE,Clear,2001-5000,Two,Wide,15-24,Inattentive/Distracted,Unk,Male,One,1991-2000,Unk,Unk,Normal,Moderate,Male
12AM-6AM,No Control,FALSE,Straight-Level,Weekend,FALSE,Dark - Street Light,Single Vehicle,TRUE,Clear,Over 10000,Six,Very Wide,45-54,Normal,Not Distracted,Male,One,1991-2000,Disregarded Traffic Control,65-74,Normal,Moderate,Male
6PM-12AM,No Control,FALSE,Straight-Level,Weekday,FALSE,Dark - No Street Lights,Single Vehicle,FALSE,Clear,Unk,No Info.,Unk,15-24,Inattentive/Distracted,Not Distracted,Male,One,1991-2000,Driver Condition,Unk,Inattentive/Distracted,Complaint,Male
12PM-6PM,No Control,FALSE,Straight-Level,Weekday,FALSE,Daylight,Single Vehicle,TRUE,Clear,Over 10000,Two,Wide,45-54,Inattentive/Distracted,Not Distracted,Male,One,1991-2000,Disregarded Traffic Control,55-64,Normal,Complaint,Male
12AM-6AM,No Control,TRUE,Straight-Level,Weekend,FALSE,Dark - Street Light,Single Vehicle,FALSE,Clear,Unk,No Info.,Unk,35-44,Normal,Not Distracted,Male,Two,1991-2000,No Violations,35-44,Impaired,Complaint,Male
12AM-6AM,No Control,TRUE,Curve-Level,Weekend,TRUE,Dark - No Street Lights,Unk,FALSE,Clear,5001-10000,Four,Very Wide,25-34,Impaired,Not Distracted,Male,Two,2001-2010,Driver Condition,15-24,Unk,Fatal,Female
12PM-6PM,No Control,FALSE,Straight-Level,Weekday,FALSE,Daylight,Unk,FALSE,Clear,0-1000,Two,Narrow,15-24,Normal,Not Distracted,Female,One,1991-2000,No Violations,65-74,Inattentive/Distracted,Complaint,Female
12PM-6PM,No Control,FALSE,Straight-Level,Weekday,FALSE,Daylight,Single Vehicle,FALSE,Clear,Over 10000,Two,Wide,45-54,Inattentive/Distracted,Not Distracted,Female,One,1991-2000,"Cutting In, Improper Passing",35-44,Normal,Moderate,Male
6PM-12AM,No Control,FALSE,Straight-Level,Weekend,FALSE,Dark - No Street Lights,Single Vehicle,FALSE,Clear,2001-5000,Two,Wide,35-44,Normal,Not Distracted,Male,One,2001-2010,No Violations,Unk,Inattentive/Distracted,Complaint,Female
12AM-6AM,No Control,TRUE,Straight-Level,Weekend,TRUE,Dark - No Street Lights,Single Vehicle,TRUE,Clear,5001-10000,Two,Narrow,Unk,Unk,Unk,Unk,One,Unk ,Unk,15-24,Impaired,Complaint,Male
6AM-12PM,Full Control,FALSE,Curve-Level,Weekday,FALSE,Daylight,Single Vehicle,FALSE,Clear,Over 10000,Four,Very Wide,35-44,Normal,Not Distracted,Male,One,2001-2010,No Violations,35-44,Inattentive/Distracted,Moderate,Male
12PM-6PM,No Control,FALSE,Straight-Level,Weekday,FALSE,Daylight,Single Vehicle,FALSE,Abnormal,Over 10000,Four,Very Wide,35-44,Normal,Not Distracted,Male,One,1991-2000,No Violations,45-54,Normal,Complaint,Male
6PM-12AM,No Control,FALSE,Straight-Level,Weekend,FALSE,Dark - Street Light,Single Vehicle,FALSE,Clear,Unk,No Info.,Unk,15-24,Normal,Not Distracted,Male,One,2001-2010,No Violations,75-Inf,Unk,No Injury,Male
6PM-12AM,No Control,FALSE,Hillcrest,Weekend,FALSE,Dark - No Street Lights,Right Angle,FALSE,Clear,5001-10000,Two,Wide,55-64,Inattentive/Distracted,Not Distracted,Male,One,2001-2010,No Violations,25-34,Impaired,Moderate,Male
6PM-12AM,No Control,FALSE,Hillcrest,Weekend,FALSE,Dark - No Street Lights,Right Angle,FALSE,Clear,5001-10000,Two,Wide,55-64,Inattentive/Distracted,Not Distracted,Male,One,2001-2010,No Violations,25-34,Normal,Moderate,Male
6PM-12AM,No Control,FALSE,Straight-Level,Weekday,FALSE,Dark - No Street Lights,Single Vehicle,FALSE,Clear,0-1000,Two,Narrow,35-44,Normal,Not Distracted,Male,One,1991-2000,Exceeding Stated Speed Limit,15-24,Unk,Fatal,Female
6PM-12AM,No Control,FALSE,Straight-Level,Weekday,FALSE,Dark - No Street Lights,Single Vehicle,FALSE,Clear,0-1000,Two,Narrow,35-44,Normal,Not Distracted,Male,One,1991-2000,Exceeding Stated Speed Limit,45-54,Unk,Severe,Female
6PM-12AM,No Control,TRUE,Straight-Level,Weekday,FALSE,Dark - No Street Lights,Right Angle,FALSE,Abnormal,2001-5000,Two,Wide,15-24,Inattentive/Distracted,Not Distracted,Male,Two,1991-2000,Failure To Yield,75-Inf,Unk,Complaint,Male
6PM-12AM,No Control,TRUE,Straight-Level,Weekday,FALSE,Dark - No Street Lights,Right Angle,FALSE,Abnormal,2001-5000,Two,Wide,15-24,Inattentive/Distracted,Not Distracted,Male,Two,1991-2000,Failure To Yield,65-74,Unk,Moderate,Male
12PM-6PM,No Control,TRUE,Straight-Level,Weekend,TRUE,Daylight,Single Vehicle,FALSE,Abnormal,2001-5000,Two,Wide,Unk,Unk,Unk,Unk,One,1990 and Before,Unk,35-44,Impaired,Moderate,Male
6PM-12AM,No Control,TRUE,Straight-Level,Weekday,FALSE,Dark - Street Light,Right Angle,FALSE,Abnormal,Over 10000,Four,Very Wide,35-44,Impaired,Not Distracted,Male,Four,1991-2000,Unk,25-34,Unk,Fatal,Female
6PM-12AM,No Control,FALSE,Curve-Level,Weekend,TRUE,Dark - Street Light,Single Vehicle,FALSE,Clear,5001-10000,Two,Wide,Unk,Unk,Unk,Unk,One,Unk ,Unk,25-34,Unk,Moderate,Male
6PM-12AM,Full Control,TRUE,Straight-Level,Weekend,FALSE,Dark - No Street Lights,Rear End,FALSE,Abnormal,Over 10000,Four,Very Wide,35-44,Impaired,Not Distracted,Female,One,2001-2010,Careless Operation,15-24,Normal,Moderate,Male
12PM-6PM,No Control,TRUE,Straight-Level,Weekend,FALSE,Daylight,Rear End,TRUE,Clear,Over 10000,Four,Very Wide,65-74,Impaired,Not Distracted,Male,One,2001-2010,Careless Operation,35-44,Inattentive/Distracted,Moderate,Male
6AM-12PM,No Control,FALSE,Straight-Level,Weekday,FALSE,Daylight,Single Vehicle,TRUE,Clear,5001-10000,Two,Narrow,55-64,Normal,Not Distracted,Female,Two,1990 and Before,No Violations,25-34,Inattentive/Distracted,Complaint,Female
6PM-12AM,No Control,TRUE,Curve-Level,Weekend,FALSE,Dark - No Street Lights,Single Vehicle,FALSE,Clear,5001-10000,Two,Narrow,45-54,Normal,Unk,Male,Two,1990 and Before,No Violations,25-34,Impaired,Fatal,Male
6PM-12AM,No Control,FALSE,Straight-Level,Weekday,TRUE,Dark - Street Light,Single Vehicle,TRUE,Clear,Over 10000,Four,Very Wide,Unk,Unk,Unk,Unk,One,Unk ,Failure To Yield,35-44,Normal,Complaint,Female
12PM-6PM,No Control,FALSE,Straight-Level,Weekday,FALSE,Daylight,Rear End,FALSE,Clear,2001-5000,Two,Wide,15-24,Normal,Not Distracted,Female,One,2001-2010,Disregarded Traffic Control,Unk,Normal,Complaint,Female
12PM-6PM,No Control,FALSE,Curve-Level,Weekday,FALSE,Daylight,Single Vehicle,FALSE,Clear,5001-10000,Two,Wide,35-44,Normal,Not Distracted,Male,One,1991-2000,No Violations,55-64,Inattentive/Distracted,Complaint,Male
6PM-12AM,No Control,TRUE,Straight-Level,Weekend,FALSE,Dark - No Street Lights,Single Vehicle,FALSE,Clear,5001-10000,Two,Wide,65-74,Impaired,Not Distracted,Male,One,2001-2010,Driver Condition,25-34,Unk,Fatal,Male
12PM-6PM,No Control,FALSE,Straight-Level,Weekday,FALSE,"Dusk, Dawn",Single Vehicle,FALSE,Abnormal,Over 10000,Six,Very Wide,55-64,Normal,Not Distracted,Female,One,1991-2000,No Violations,55-64,Inattentive/Distracted,Moderate,Male
6PM-12AM,No Control,FALSE,Straight-Level,Weekday,FALSE,Dark - No Street Lights,Single Vehicle,FALSE,Clear,Over 10000,Four,Very Wide,15-24,Normal,Not Distracted,Male,Two,1991-2000,No Violations,45-54,Inattentive/Distracted,Moderate,Male
6PM-12AM,No Control,TRUE,Straight-Level,Weekend,FALSE,Dark - No Street Lights,Rear End,FALSE,Clear,2001-5000,Two,Narrow,Unk,Unk,Not Distracted,Unk,One,1990 and Before,Unk,25-34,Normal,Complaint,Male
6PM-12AM,No Control,TRUE,Straight-Level,Weekend,FALSE,Dark - No Street Lights,Rear End,FALSE,Clear,2001-5000,Two,Narrow,Unk,Unk,Not Distracted,Unk,One,1990 and Before,Unk,35-44,Normal,Complaint,Male
6PM-12AM,No Control,TRUE,Straight-Level,Weekend,FALSE,Dark - No Street Lights,Rear End,FALSE,Clear,2001-5000,Two,Narrow,Unk,Unk,Not Distracted,Unk,One,1990 and Before,Unk,25-34,Impaired,Complaint,Male
12PM-6PM,No Control,FALSE,Straight-Level,Weekend,FALSE,Dark - Street Light,Single Vehicle,FALSE,Clear,5001-10000,Two,Wide,35-44,Normal,Not Distracted,Female,One,1991-2000,No Violations,45-54,Unk,Complaint,Male
12PM-6PM,No Control,FALSE,Straight-Level,Weekend,FALSE,Dark - Street Light,Single Vehicle,FALSE,Clear,5001-10000,Two,Wide,35-44,Normal,Not Distracted,Female,One,1991-2000,No Violations,55-64,Unk,Fatal,Female
6PM-12AM,No Control,FALSE,Straight-Level,Weekend,FALSE,Daylight,Single Vehicle,FALSE,Clear,5001-10000,Two,Wide,55-64,Unk,Unk,Male,Five or more,2001-2010,No Violations,35-44,Unk,Complaint,Male
6PM-12AM,No Control,FALSE,Straight-Level,Weekday,FALSE,Dark - Street Light,Single Vehicle,TRUE,Clear,Over 10000,Six,Very Wide,75-Inf,Normal,Not Distracted,Male,Two,2001-2010,No Violations,65-74,Unk,Fatal,Male
6PM-12AM,No Control,TRUE,Straight-Level,Weekday,TRUE,Dark - Street Light,Right Turn,FALSE,Clear,Over 10000,Four,Very Wide,25-34,Impaired,Not Distracted,Male,One,2001-2010,Careless Operation,45-54,Unk,Fatal,Male
6PM-12AM,No Control,FALSE,Curve-Level,Weekend,FALSE,Dark - No Street Lights,Single Vehicle,TRUE,Abnormal,Over 10000,Four,Very Wide,45-54,Normal,Not Distracted,Male,Five or more,1991-2000,No Violations,25-34,Unk,Fatal,Male
6PM-12AM,No Control,FALSE,Straight-Level,Weekday,FALSE,Dark - No Street Lights,Rear End,TRUE,Clear,2001-5000,Two,Narrow,Unk,Unk,Not Distracted,Unk,One,1990 and Before,Improper Parking,35-44,Normal,Moderate,Male
12AM-6AM,No Control,TRUE,Straight-Level,Weekday,FALSE,Dark - No Street Lights,Single Vehicle,FALSE,Clear,5001-10000,Two,Wide,25-34,Normal,Not Distracted,Female,Two,2001-2010,Unk,25-34,Impaired,Severe,Male
6PM-12AM,Partial Control,FALSE,Straight-Level,Weekday,FALSE,Dark - No Street Lights,Single Vehicle,FALSE,Clear,2001-5000,Two,Wide,55-64,Normal,Not Distracted,Male,One,1991-2000,No Violations,35-44,Inattentive/Distracted,Complaint,Male