Hour,Access,Alcohol,Align,Day,Hit,Light,Collision,Interection,Weather,ADT,Num Lanes,Pav Width,Dr Age,Dr Cond.,Dr Distract,Dr Gender,Num Occ,Veh Year,Violations,Ped Age,Ped Cond.,Ped Inj.,Ped Gender
6PM-12AM,No Control,FALSE,Straight-Level,Weekend,FALSE,Dark - Street Light,Single Vehicle,FALSE,Clear,Over 10000,Two,Narrow,25-34,Normal,Not Distracted,Male,Four,1991-2000,No Violations,45-54,Inattentive/Distracted,Moderate,Male
6PM-12AM,No Control,FALSE,Straight-Level,Weekday,FALSE,Dark - No Street Lights,Single Vehicle,FALSE,Abnormal,2001-5000,Two,Narrow,55-64,Normal,Not Distracted,Male,Three,2001-2010,No Violations,25-34,Inattentive/Distracted,Complaint,Male
6PM-12AM,No Control,TRUE,Straight-Level,Weekend,FALSE,Dark - Street Light,Single Vehicle,FALSE,Abnormal,2001-5000,Two,Wide,25-34,Normal,Not Distracted,Male,One,1991-2000,No Violations,45-54,Impaired,Fatal,Male
12PM-6PM,No Control,FALSE,Straight-Level,Weekday,FALSE,Dark - Street Light,Single Vehicle,FALSE,Abnormal,Over 10000,Six,Very Wide,75-Inf,Normal,Not Distracted,Female,Two,1991-2000,No Violations,15-24,Inattentive/Distracted,Moderate,Female
6PM-12AM,Full Control,FALSE,Curve-Level,Weekday,FALSE,Dark - No Street Lights,Unk,TRUE,Clear,Over 10000,Two,Wide,45-54,Normal,Not Distracted,Male,One,1991-2000,No Violations,35-44,Unk,Moderate,Male
6PM-12AM,No Control,TRUE,Straight-Level,Weekday,FALSE,Dark - No Street Lights,Single Vehicle,FALSE,Clear,5001-10000,Two,Wide,35-44,Normal,Not Distracted,Male,One,1990 and Before,No Violations,65-74,Impaired,Fatal,Male
6PM-12AM,No Control,TRUE,Straight-Level,Weekend,FALSE,Dark - Street Light,Single Vehicle,FALSE,Clear,Over 10000,Six,Very Wide,45-54,Impaired,Not Distracted,Male,Two,1991-2000,Driver Condition,45-54,Inattentive/Distracted,Moderate,Male
12AM-6AM,No Control,FALSE,Straight-Level,Weekday,FALSE,Dark - No Street Lights,Single Vehicle,FALSE,Abnormal,2001-5000,Two,Wide,Unk,Other,Not Distracted,Unk,One,2001-2010,Unk,75-Inf,Unk,Complaint,Male
12PM-6PM,No Control,FALSE,Straight-Level,Weekday,FALSE,Daylight,Single Vehicle,TRUE,Clear,Over 10000,Four,Very Wide,15-24,Normal,Not Distracted,Female,One,1991-2000,No Violations,45-54,Inattentive/Distracted,Complaint,Male
12PM-6PM,No Control,FALSE,Straight-Level,Weekday,FALSE,Daylight,Unk,FALSE,Abnormal,Over 10000,Two,Wide,15-24,Normal,Not Distracted,Male,Three,1991-2000,No Violations,15-24,Inattentive/Distracted,Complaint,Female
12PM-6PM,No Control,FALSE,Straight-Level,Weekday,FALSE,Daylight,Unk,FALSE,Abnormal,Over 10000,Two,Wide,15-24,Normal,Not Distracted,Male,Three,1991-2000,No Violations,15-24,Inattentive/Distracted,Complaint,Female
6PM-12AM,No Control,FALSE,Straight-Level,Weekday,FALSE,Dark - No Street Lights,Single Vehicle,FALSE,Clear,Unk,No Info.,Unk,15-24,Normal,Not Distracted,Female,One,2001-2010,No Violations,55-64,Unk,Fatal,Male
6PM-12AM,Full Control,FALSE,On Grade,Weekday,FALSE,Dark - No Street Lights,Single Vehicle,FALSE,Clear,Over 10000,Four,Very Wide,35-44,Normal,Not Distracted,Female,One,2001-2010,No Violations,25-34,Unk,Fatal,Male
6PM-12AM,No Control,FALSE,Straight-Level,Weekend,TRUE,Dark - Street Light,Single Vehicle,FALSE,Clear,5001-10000,Two,Narrow,Unk,Unk,Unk,Unk,One,Unk ,Driving Left Of Center,15-24,Normal,Complaint,Male
12AM-6AM,Full Control,FALSE,Straight-Level,Weekday,FALSE,Dark - Street Light,Single Vehicle,FALSE,Clear,Over 10000,Four,Very Wide,15-24,Normal,Not Distracted,Female,Three,1991-2000,No Violations,15-24,Unk,Moderate,Male
6AM-12PM,No Control,FALSE,Straight-Level,Weekday,FALSE,Daylight,Single Vehicle,FALSE,Clear,Over 10000,Four,Very Wide,65-74,Inattentive/Distracted,Unk,Male,One,2001-2010,Disregarded Traffic Control,15-24,Normal,Complaint,Female
6PM-12AM,No Control,TRUE,Straight-Level,Weekend,FALSE,Dark - No Street Lights,Single Vehicle,FALSE,Clear,2001-5000,Two,Narrow,45-54,Unk,Not Distracted,Male,Two,1990 and Before,Unk,15-24,Unk,Fatal,Male
6PM-12AM,No Control,TRUE,Straight-Level,Weekday,FALSE,Dark - No Street Lights,Unk,FALSE,Clear,Over 10000,Four,Very Wide,55-64,Impaired,Not Distracted,Female,One,1991-2000,No Violations,45-54,Unk,Fatal,Male
12PM-6PM,No Control,FALSE,Straight-Level,Weekday,FALSE,Daylight,Single Vehicle,FALSE,Abnormal,Unk,No Info.,Unk,45-54,Inattentive/Distracted,Unk,Female,Five or more,1991-2000,Improper Starting,Unk,Normal,Fatal,Male
6PM-12AM,No Control,TRUE,Straight-Level,Weekend,TRUE,Dark - Street Light,Right Angle,FALSE,Clear,Over 10000,Two,Narrow,Unk,Unk,Unk,Unk,One,Unk ,Unk,55-64,Impaired,Moderate,Male
6PM-12AM,No Control,FALSE,Straight-Level,Weekend,TRUE,Dark - Street Light,Single Vehicle,FALSE,Clear,2001-5000,Two,Wide,Unk,Unk,Unk,Unk,One,Unk ,Unk,15-24,Normal,Complaint,Male
6PM-12AM,No Control,TRUE,Straight-Level,Weekend,FALSE,Dark - Street Light,Single Vehicle,FALSE,Clear,5001-10000,Two,Wide,35-44,Impaired,Unk,Female,One,2001-2010,No Violations,45-54,Impaired,Moderate,Male
12AM-6AM,Full Control,FALSE,Straight-Level,Weekday,FALSE,Dark - No Street Lights,Single Vehicle,FALSE,Clear,Over 10000,Four,Very Wide,15-24,Normal,Not Distracted,Male,One,1991-2000,Unk,15-24,Unk,Fatal,Male
12AM-6AM,No Control,TRUE,Straight-Level,Weekday,FALSE,Dark - No Street Lights,Single Vehicle,FALSE,Clear,2001-5000,Two,Narrow,15-24,Impaired,Not Distracted,Male,Three,2001-2010,No Violations,25-34,Inattentive/Distracted,Fatal,Female
12PM-6PM,No Control,FALSE,Straight-Level,Weekend,FALSE,Daylight,Single Vehicle,FALSE,Abnormal,Unk,No Info.,Unk,15-24,Inattentive/Distracted,Cell Phone,Female,Two,1991-2000,Driver Condition,15-24,Normal,Complaint,Female
12AM-6AM,No Control,FALSE,Straight-Level,Weekend,FALSE,Dark - No Street Lights,Single Vehicle,FALSE,Clear,2001-5000,Two,Wide,Unk,Unk,Unk,Unk,Four,1991-2000,Unk,45-54,Unk,Moderate,Male
12AM-6AM,No Control,TRUE,Straight-Level,Weekend,FALSE,Dark - No Street Lights,Single Vehicle,FALSE,Abnormal,0-1000,Two,Narrow,65-74,Normal,Not Distracted,Male,One,2001-2010,No Violations,25-34,Impaired,Fatal,Male
6PM-12AM,No Control,FALSE,Straight-Level,Weekday,FALSE,Dark - No Street Lights,Single Vehicle,FALSE,Abnormal,5001-10000,Four,Very Wide,35-44,Normal,Not Distracted,Male,One,1991-2000,No Violations,15-24,Unk,Fatal,Male
6PM-12AM,No Control,TRUE,Straight-Level,Weekend,FALSE,Dark - Street Light,Right Angle,FALSE,Clear,Over 10000,Two,Wide,25-34,Normal,Outside Vehicle,Male,One,1991-2000,No Violations,15-24,Impaired,No Injury,Male
6PM-12AM,No Control,FALSE,On Grade,Weekend,FALSE,Dark - No Street Lights,Single Vehicle,FALSE,Clear,Over 10000,Four,Very Wide,25-34,Normal,Not Distracted,Male,One,1991-2000,No Violations,75-Inf,Illness,Moderate,Male
6PM-12AM,Full Control,TRUE,Straight-Level,Weekend,FALSE,Dark - No Street Lights,Single Vehicle,FALSE,Clear,Over 10000,Six,Very Wide,35-44,Normal,Not Distracted,Female,Five or more,2001-2010,No Violations,15-24,Impaired,Moderate,Female
12PM-6PM,No Control,FALSE,Straight-Level,Weekend,FALSE,Daylight,Unk,TRUE,Clear,5001-10000,Two,Wide,45-54,Inattentive/Distracted,Not Distracted,Male,One,2001-2010,Improper Backing,25-34,Normal,Complaint,Male
6AM-12PM,No Control,FALSE,Straight-Level,Weekend,FALSE,Daylight,Single Vehicle,TRUE,Clear,2001-5000,Two,Narrow,35-44,Inattentive/Distracted,Not Distracted,Male,Two,2001-2010,Disregarded Traffic Control,25-34,Normal,Moderate,Male
6PM-12AM,No Control,FALSE,Straight-Level,Weekend,FALSE,Dark - No Street Lights,Rear End,FALSE,Clear,Over 10000,Four,Very Wide,55-64,Unk,Not Distracted,Female,Two,2001-2010,No Violations,35-44,Inattentive/Distracted,No Injury,Male
12PM-6PM,No Control,FALSE,Straight-Level,Weekday,FALSE,Daylight,Single Vehicle,FALSE,Abnormal,5001-10000,Two,Wide,15-24,Normal,Not Distracted,Female,Five or more,1991-2000,No Violations,Unk,Inattentive/Distracted,Moderate,Male
12AM-6AM,No Control,FALSE,Straight-Level,Weekday,TRUE,Dark - Street Light,Single Vehicle,FALSE,Abnormal,Over 10000,Four,Very Wide,Unk,Unk,Unk,Unk,Two,Unk ,Unk,15-24,Inattentive/Distracted,Complaint,Female
6PM-12AM,No Control,TRUE,Straight-Level,Weekday,FALSE,"Dusk, Dawn",Single Vehicle,FALSE,Clear,Over 10000,Two,Wide,35-44,Normal,Not Distracted,Female,Two,1991-2000,No Violations,55-64,Impaired,Severe,Male
6PM-12AM,No Control,FALSE,Straight-Level,Weekend,FALSE,Dark - Street Light,Single Vehicle,FALSE,Clear,5001-10000,Two,Wide,25-34,Normal,Not Distracted,Male,Two,1991-2000,No Violations,25-34,Unk,Moderate,Male
6PM-12AM,No Control,TRUE,Curve-Level,Weekday,FALSE,Dark - No Street Lights,Single Vehicle,FALSE,Abnormal,0-1000,Two,Narrow,65-74,Normal,Not Distracted,Male,Two,1991-2000,No Violations,35-44,Impaired,Complaint,Male
6PM-12AM,No Control,TRUE,Straight-Level,Weekday,FALSE,Dark - No Street Lights,Single Vehicle,FALSE,Clear,2001-5000,Two,Narrow,35-44,Normal,Not Distracted,Male,One,1990 and Before,No Violations,45-54,Impaired,Moderate,Male
6AM-12PM,No Control,FALSE,Straight-Level,Weekday,FALSE,Daylight,Single Vehicle,FALSE,Abnormal,Over 10000,Six,Very Wide,45-54,Inattentive/Distracted,Not Distracted,Female,One,1991-2000,Failure To Yield,55-64,Normal,Complaint,Male
12AM-6AM,No Control,TRUE,Straight-Level,Weekend,FALSE,Dark - No Street Lights,Sideswipe,FALSE,Clear,Over 10000,Four,Very Wide,Unk,Unk,Not Distracted,Unk,One,1991-2000,No Violations,15-24,Unk,Complaint,Male
6AM-12PM,Full Control,FALSE,Straight-Level,Weekday,TRUE,Daylight,Unk,FALSE,Clear,Over 10000,Six,Very Wide,45-54,Inattentive/Distracted,Not Distracted,Male,One,2001-2010,Unk,35-44,Normal,Complaint,Male
12PM-6PM,No Control,FALSE,Straight-Level,Weekend,FALSE,Daylight,Single Vehicle,FALSE,Clear,5001-10000,Two,Narrow,45-54,Normal,Not Distracted,Female,One,1991-2000,No Violations,Unk,Inattentive/Distracted,Complaint,Male
12AM-6AM,Full Control,TRUE,Straight-Level,Weekend,TRUE,Dark - No Street Lights,Single Vehicle,FALSE,Clear,Over 10000,Four,Very Wide,Unk,Unk,Unk,Unk,One,Unk ,Unk,15-24,Impaired,Moderate,Male
12AM-6AM,No Control,FALSE,Straight-Level,Weekday,FALSE,Dark - No Street Lights,Sideswipe,FALSE,Clear,2001-5000,Two,Narrow,35-44,Unk,Not Distracted,Unk,One,1991-2000,Unk,35-44,Inattentive/Distracted,Complaint,Female
12AM-6AM,No Control,FALSE,Straight-Level,Weekday,FALSE,Dark - No Street Lights,Sideswipe,FALSE,Clear,2001-5000,Two,Narrow,35-44,Unk,Not Distracted,Unk,One,1991-2000,Unk,35-44,Inattentive/Distracted,Complaint,Male
6PM-12AM,No Control,TRUE,Straight-Level,Weekend,FALSE,Dark - Street Light,Single Vehicle,TRUE,Clear,Over 10000,Four,Very Wide,15-24,Normal,Not Distracted,Female,One,2001-2010,No Violations,35-44,Impaired,Fatal,Male
6AM-12PM,No Control,TRUE,Straight-Level,Weekend,FALSE,Dark - No Street Lights,Single Vehicle,FALSE,Abnormal,2001-5000,Two,Wide,25-34,Normal,Not Distracted,Male,One,2001-2010,No Violations,25-34,Inattentive/Distracted,Complaint,Male
6PM-12AM,No Control,FALSE,Straight-Level,Weekday,FALSE,Dark - No Street Lights,Single Vehicle,FALSE,Abnormal,5001-10000,Two,Wide,25-34,Normal,Not Distracted,Female,One,1991-2000,No Violations,55-64,Unk,Moderate,Male
12PM-6PM,No Control,FALSE,Straight-Level,Weekend,FALSE,Daylight,Right Angle,FALSE,Clear,2001-5000,Two,Narrow,15-24,Normal,Not Distracted,Female,Three,1991-2000,No Violations,15-24,Inattentive/Distracted,Complaint,Male
6PM-12AM,No Control,TRUE,Straight-Level,Weekend,FALSE,Dark - Street Light,Single Vehicle,FALSE,Clear,Over 10000,Four,Very Wide,65-74,Normal,Not Distracted,Male,One,1991-2000,No Violations,35-44,Unk,Fatal,Male
6PM-12AM,No Control,FALSE,Straight-Level,Weekday,FALSE,Dark - No Street Lights,Single Vehicle,FALSE,Clear,Over 10000,Four,Very Wide,25-34,Normal,Not Distracted,Male,One,1991-2000,No Violations,25-34,Inattentive/Distracted,Moderate,Male
6AM-12PM,No Control,FALSE,Straight-Level,Weekend,FALSE,Daylight,Single Vehicle,TRUE,Clear,Over 10000,Six,Very Wide,35-44,Normal,Not Distracted,Male,One,2001-2010,No Violations,55-64,Inattentive/Distracted,Moderate,Female
12AM-6AM,Full Control,TRUE,Straight-Level,Weekend,FALSE,Dark - Street Light,Unk,FALSE,Clear,Over 10000,Six,Very Wide,25-34,Normal,Not Distracted,Male,One,1991-2000,No Violations,15-24,Inattentive/Distracted,Severe,Male
12AM-6AM,Full Control,TRUE,Straight-Level,Weekend,TRUE,Dark - No Street Lights,Single Vehicle,FALSE,Clear,Over 10000,Four,Very Wide,Unk,Unk,Unk,Unk,One,Unk ,Unk,25-34,Unk,Fatal,Male
6PM-12AM,No Control,FALSE,Straight-Level,Weekday,TRUE,Dark - No Street Lights,Single Vehicle,FALSE,Clear,2001-5000,Two,Narrow,Unk,Unk,Not Distracted,Unk,One,Unk ,Unk,15-24,Normal,Moderate,Male
6AM-12PM,No Control,FALSE,Straight-Level,Weekend,FALSE,Dark - No Street Lights,Single Vehicle,FALSE,Clear,Over 10000,Four,Very Wide,Unk,Unk,Not Distracted,Unk,One,1990 and Before,No Violations,15-24,Normal,Moderate,Male
6PM-12AM,Full Control,FALSE,Straight-Level,Weekday,FALSE,Daylight,Single Vehicle,FALSE,Clear,2001-5000,Two,Wide,45-54,Normal,Not Distracted,Female,One,2001-2010,No Violations,25-34,Unk,Moderate,Male
12AM-6AM,No Control,TRUE,Straight-Level,Weekend,FALSE,Dark - Street Light,Sideswipe,FALSE,Clear,Unk,No Info.,Unk,55-64,Impaired,Not Distracted,Male,One,1991-2000,Careless Operation,45-54,Normal,No Injury,Male
12AM-6AM,No Control,TRUE,Straight-Level,Weekend,FALSE,Dark - Street Light,Sideswipe,FALSE,Clear,Unk,No Info.,Unk,55-64,Impaired,Not Distracted,Male,One,1991-2000,Careless Operation,25-34,Normal,Complaint,Male
12PM-6PM,No Control,FALSE,Straight-Level,Weekend,FALSE,Daylight,Single Vehicle,FALSE,Clear,Unk,No Info.,Unk,35-44,Inattentive/Distracted,Not Distracted,Female,One,2001-2010,No Violations,25-34,Inattentive/Distracted,Moderate,Female
12PM-6PM,No Control,FALSE,Straight-Level,Weekday,FALSE,Daylight,Unk,FALSE,Abnormal,Over 10000,Four,Very Wide,35-44,Normal,Not Distracted,Male,Two,2001-2010,No Violations,15-24,Inattentive/Distracted,Complaint,Male
12AM-6AM,No Control,TRUE,Curve-Level,Weekday,FALSE,Dark - No Street Lights,Single Vehicle,FALSE,Clear,2001-5000,Two,Wide,15-24,Impaired,Not Distracted,Male,One,1991-2000,Careless Operation,25-34,Normal,Complaint,Male
12AM-6AM,No Control,TRUE,Curve-Level,Weekday,FALSE,Dark - No Street Lights,Single Vehicle,FALSE,Clear,2001-5000,Two,Wide,15-24,Impaired,Not Distracted,Male,One,1991-2000,Careless Operation,35-44,Normal,No Injury,Male
12AM-6AM,No Control,TRUE,Curve-Level,Weekday,FALSE,Dark - No Street Lights,Single Vehicle,FALSE,Clear,2001-5000,Two,Wide,15-24,Impaired,Not Distracted,Male,One,1991-2000,Careless Operation,15-24,Normal,Complaint,Female
6AM-12PM,No Control,FALSE,Straight-Level,Weekday,FALSE,Daylight,Right Turn,TRUE,Clear,Over 10000,Six,Very Wide,45-54,Inattentive/Distracted,Outside Vehicle,Male,One,1991-2000,Careless Operation,65-74,Normal,Severe,Male
12PM-6PM,No Control,FALSE,Straight-Level,Weekday,FALSE,Daylight,Single Vehicle,FALSE,Clear,Over 10000,Four,Very Wide,25-34,Normal,Not Distracted,Female,One,2001-2010,No Violations,Unk,Inattentive/Distracted,Complaint,Male
12AM-6AM,No Control,FALSE,Straight-Level,Weekend,FALSE,Dark - Street Light,Sideswipe,FALSE,Clear,2001-5000,Two,Narrow,15-24,Inattentive/Distracted,Unk,Male,One,1991-2000,Careless Operation,15-24,Normal,Complaint,Male
12PM-6PM,No Control,TRUE,Straight-Level,Weekend,FALSE,Daylight,Single Vehicle,FALSE,Clear,Over 10000,Four,Very Wide,25-34,Normal,Not Distracted,Male,One,2001-2010,No Violations,55-64,Impaired,Complaint,Male
6AM-12PM,No Control,FALSE,Straight-Level,Weekday,FALSE,Daylight,Unk,FALSE,Clear,Over 10000,Two,Wide,25-34,Normal,Not Distracted,Male,Two,2001-2010,No Violations,35-44,Normal,Moderate,Male
12AM-6AM,No Control,FALSE,Straight-Level,Weekend,FALSE,Dark - No Street Lights,Single Vehicle,FALSE,Clear,2001-5000,Two,Wide,15-24,Normal,Not Distracted,Male,One,2001-2010,No Violations,25-34,Inattentive/Distracted,Complaint,Male
12PM-6PM,No Control,FALSE,Straight-Level,Weekend,FALSE,Daylight,Single Vehicle,FALSE,Abnormal,Over 10000,Four,Very Wide,45-54,Normal,Unk,Male,Two,1991-2000,Unk,15-24,Normal,Moderate,Male
6AM-12PM,No Control,FALSE,Straight-Level,Weekend,FALSE,Daylight,Single Vehicle,FALSE,Clear,5001-10000,Two,Narrow,15-24,Normal,Not Distracted,Female,One,2001-2010,No Violations,55-64,Inattentive/Distracted,Fatal,Male
12PM-6PM,No Control,TRUE,Straight-Level,Weekend,FALSE,Daylight,Single Vehicle,FALSE,Abnormal,2001-5000,Two,Narrow,25-34,Impaired,Not Distracted,Female,One,1991-2000,No Violations,Unk,Inattentive/Distracted,Severe,Male
12AM-6AM,No Control,TRUE,Straight-Level,Weekend,FALSE,Dark - Street Light,Single Vehicle,FALSE,Clear,5001-10000,Two,Wide,55-64,Normal,Not Distracted,Male,One,2001-2010,No Violations,15-24,Impaired,Moderate,Male
6PM-12AM,No Control,TRUE,Straight-Level,Weekend,FALSE,Dark - No Street Lights,Single Vehicle,FALSE,Clear,2001-5000,Two,Narrow,15-24,Normal,Not Distracted,Male,Two,2001-2010,No Violations,25-34,Impaired,Fatal,Male
12PM-6PM,No Control,FALSE,Straight-Level,Weekday,FALSE,Daylight,Single Vehicle,FALSE,Clear,2001-5000,Two,Narrow,15-24,Normal,Not Distracted,Male,One,2001-2010,Unk,15-24,Inattentive/Distracted,Complaint,Female
6PM-12AM,No Control,FALSE,Curve-Level,Weekend,TRUE,Dark - Street Light,Single Vehicle,FALSE,Clear,Unk,No Info.,Unk,15-24,Other,Not Distracted,Male,One,2001-2010,Driving Left Of Center,45-54,Unk,Fatal,Male
6PM-12AM,No Control,FALSE,Straight-Level,Weekday,TRUE,Dark - No Street Lights,Single Vehicle,FALSE,Clear,5001-10000,Two,Wide,Unk,Unk,Unk,Unk,One,Unk ,Unk,35-44,Normal,Moderate,Female
6PM-12AM,No Control,TRUE,Straight-Level,Weekday,FALSE,Dark - Street Light,Single Vehicle,FALSE,Clear,Over 10000,Two,Wide,25-34,Normal,Not Distracted,Male,One,2001-2010,No Violations,25-34,Unk,Fatal,Male
12PM-6PM,No Control,FALSE,Straight-Level,Weekend,TRUE,Daylight,Single Vehicle,FALSE,Clear,Over 10000,Four,Very Wide,15-24,Impaired,Not Distracted,Female,One,2001-2010,Unk,55-64,Unk,Fatal,Male
12PM-6PM,No Control,FALSE,Straight-Level,Weekday,FALSE,Daylight,Single Vehicle,FALSE,Clear,5001-10000,Two,Wide,55-64,Normal,Not Distracted,Male,One,1990 and Before,No Violations,Unk,Unk,Fatal,Female
12AM-6AM,Full Control,FALSE,Straight-Level,Weekend,FALSE,Dark - Street Light,Rear End,FALSE,Abnormal,Over 10000,Six,Very Wide,Unk,Inattentive/Distracted,Unk,Unk,One,1991-2000,Improper Parking,Unk,Inattentive/Distracted,Fatal,Male
6PM-12AM,No Control,FALSE,Straight-Level,Weekend,TRUE,Dark - No Street Lights,Single Vehicle,FALSE,Clear,Over 10000,Two,Wide,Unk,Unk,Unk,Unk,One,Unk ,Unk,35-44,Illness,Complaint,Male
6PM-12AM,No Control,TRUE,Curve-Level,Weekday,FALSE,Dark - No Street Lights,Unk,FALSE,Clear,2001-5000,Two,Narrow,55-64,Impaired,Not Distracted,Male,One,1991-2000,Unk,45-54,Unk,Fatal,Male
6PM-12AM,No Control,FALSE,Straight-Level,Weekday,FALSE,Dark - No Street Lights,Sideswipe,FALSE,Clear,5001-10000,Two,Wide,Unk,Unk,Not Distracted,Unk,One,2001-2010,Improper Parking,15-24,Normal,No Injury,Male
6PM-12AM,No Control,FALSE,Straight-Level,Weekday,FALSE,Dark - No Street Lights,Sideswipe,FALSE,Clear,5001-10000,Two,Wide,Unk,Unk,Not Distracted,Unk,One,2001-2010,Improper Parking,25-34,Normal,No Injury,Female
12PM-6PM,No Control,FALSE,Straight-Level,Weekend,FALSE,Daylight,Single Vehicle,TRUE,Clear,Over 10000,Two,Very Wide,45-54,Inattentive/Distracted,Not Distracted,Male,One,1991-2000,Disregarded Traffic Control,25-34,Normal,Complaint,Male
12PM-6PM,No Control,FALSE,Straight-Level,Weekday,FALSE,Daylight,Single Vehicle,FALSE,Clear,Unk,No Info.,Unk,35-44,Normal,Not Distracted,Male,Two,1991-2000,No Violations,15-24,Unk,Moderate,Male
6AM-12PM,No Control,FALSE,Straight-Level,Weekday,FALSE,Daylight,Single Vehicle,FALSE,Abnormal,Over 10000,Four,Very Wide,45-54,Normal,Not Distracted,Female,One,1991-2000,No Violations,45-54,Inattentive/Distracted,Complaint,Male
12PM-6PM,Full Control,FALSE,Straight-Level,Weekday,FALSE,Daylight,Right Angle,TRUE,Clear,Over 10000,Four,Very Wide,25-34,Normal,Not Distracted,Male,Two,1991-2000,No Violations,45-54,Inattentive/Distracted,Moderate,Female
12AM-6AM,No Control,TRUE,Straight-Level,Weekday,FALSE,Dark - No Street Lights,Single Vehicle,FALSE,Clear,Over 10000,Four,Very Wide,15-24,Impaired,Not Distracted,Male,One,1991-2000,Driver Condition,45-54,Unk,Fatal,Female
6AM-12PM,No Control,TRUE,Straight-Level,Weekday,FALSE,Daylight,Single Vehicle,FALSE,Clear,Over 10000,Four,Very Wide,15-24,Normal,Not Distracted,Female,One,2001-2010,No Violations,45-54,Impaired,Complaint,Male
6AM-12PM,No Control,FALSE,Straight-Level,Weekend,FALSE,Daylight,Single Vehicle,FALSE,Clear,Unk,No Info.,Unk,65-74,Normal,Not Distracted,Male,One,1991-2000,No Violations,35-44,Normal,Complaint,Female
6PM-12AM,Full Control,FALSE,Straight-Level,Weekday,FALSE,Dark - No Street Lights,Single Vehicle,FALSE,Clear,Over 10000,Four,Very Wide,45-54,Normal,Not Distracted,Male,One,1991-2000,No Violations,75-Inf,Unk,Fatal,Male
6PM-12AM,Full Control,FALSE,On Grade,Weekday,FALSE,Dark - No Street Lights,Rear End,FALSE,Clear,Over 10000,Four,Very Wide,15-24,Inattentive/Distracted,Not Distracted,Female,One,1991-2000,Careless Operation,55-64,Unk,Fatal,Male
6PM-12AM,No Control,FALSE,Straight-Level,Weekday,FALSE,Dark - No Street Lights,Single Vehicle,FALSE,Clear,Unk,No Info.,Unk,35-44,Normal,Not Distracted,Male,One,1991-2000,No Violations,Unk,Normal,Complaint,Female
6PM-12AM,No Control,FALSE,Straight-Level,Weekday,FALSE,Dark - No Street Lights,Single Vehicle,FALSE,Clear,Unk,No Info.,Unk,35-44,Normal,Not Distracted,Male,One,1991-2000,No Violations,55-64,Inattentive/Distracted,Moderate,Male
6AM-12PM,No Control,FALSE,On Grade,Weekday,FALSE,Daylight,Head-On,FALSE,Clear,2001-5000,Two,Wide,45-54,Inattentive/Distracted,Not Distracted,Female,Five or more,2001-2010,Careless Operation,45-54,Inattentive/Distracted,Severe,Male
12PM-6PM,No Control,FALSE,Straight-Level,Weekend,FALSE,Daylight,Single Vehicle,FALSE,Clear,Unk,No Info.,Unk,Unk,Unk,Not Distracted,Unk,One,1990 and Before,Improper Parking,45-54,Inattentive/Distracted,Complaint,Male
12PM-6PM,No Control,FALSE,Straight-Level,Weekend,FALSE,Daylight,Single Vehicle,FALSE,Clear,Over 10000,Two,Wide,45-54,Inattentive/Distracted,Not Distracted,Female,One,1990 and Before,Careless Operation,55-64,Normal,Complaint,Male
12PM-6PM,No Control,FALSE,Straight-Level,Weekend,FALSE,Daylight,Single Vehicle,FALSE,Clear,Over 10000,Two,Wide,45-54,Inattentive/Distracted,Not Distracted,Female,One,1990 and Before,Careless Operation,25-34,Normal,Moderate,Male
6PM-12AM,No Control,TRUE,On Grade,Weekday,FALSE,Dark - No Street Lights,Single Vehicle,FALSE,Clear,Unk,No Info.,Unk,25-34,Normal,Not Distracted,Male,Two,1991-2000,No Violations,45-54,Unk,Moderate,Female
6PM-12AM,No Control,TRUE,Straight-Level,Weekend,TRUE,Dark - No Street Lights,Single Vehicle,FALSE,Clear,Over 10000,Two,Narrow,Unk,Unk,Unk,Unk,One,Unk ,Unk,35-44,Impaired,Moderate,Male
6PM-12AM,No Control,FALSE,Straight-Level,Weekday,FALSE,Dark - Street Light,Single Vehicle,FALSE,Clear,Over 10000,Six,Very Wide,25-34,Inattentive/Distracted,Not Distracted,Male,One,2001-2010,Unk,25-34,Normal,Complaint,Female
12AM-6AM,No Control,TRUE,Straight-Level,Weekday,TRUE,Dark - Street Light,Single Vehicle,FALSE,Clear,2001-5000,Two,Narrow,35-44,Normal,Not Distracted,Female,Two,1991-2000,No Violations,35-44,Impaired,Complaint,Female
6PM-12AM,No Control,TRUE,Straight-Level,Weekend,TRUE,"Dusk, Dawn",Single Vehicle,FALSE,Clear,Over 10000,Four,Very Wide,Unk,Unk,Unk,Unk,One,Unk ,Careless Operation,15-24,Impaired,Complaint,Male
6PM-12AM,No Control,FALSE,Straight-Level,Weekday,FALSE,Dark - No Street Lights,Single Vehicle,FALSE,Abnormal,Over 10000,Four,Very Wide,35-44,Normal,Not Distracted,Male,One,1991-2000,No Violations,15-24,Unk,No Injury,Male