Hour,Access,Alcohol,Align,Day,Hit,Light,Collision,Interection,Weather,ADT,Num Lanes,Pav Width,Dr Age,Dr Cond.,Dr Distract,Dr Gender,Num Occ,Veh Year,Violations,Ped Age,Ped Cond.,Ped Inj.,Ped Gender
6PM-12AM,No Control,TRUE,Straight-Level,Weekday,FALSE,Dark - Street Light,Single Vehicle,FALSE,Clear,Over 10000,Four,Very Wide,25-34,Normal,Not Distracted,Male,One,2001-2010,No Violations,15-24,Impaired,Severe,Male
12PM-6PM,No Control,TRUE,Straight-Level,Weekend,FALSE,Daylight,Single Vehicle,TRUE,Clear,Over 10000,Four,Very Wide,45-54,Inattentive/Distracted,Outside Vehicle,Female,One,2001-2010,No Violations,45-54,Impaired,Complaint,Male
6PM-12AM,No Control,TRUE,Straight-Level,Weekday,FALSE,Dark - Street Light,Single Vehicle,FALSE,Abnormal,Over 10000,Four,Very Wide,45-54,Normal,Unk,Male,One,2001-2010,No Violations,35-44,Impaired,Moderate,Male
6AM-12PM,No Control,FALSE,Straight-Level,Weekend,FALSE,Daylight,Unk,FALSE,Clear,Unk,No Info.,Unk,55-64,Normal,Not Distracted,Male,One,1991-2000,Improper Backing,25-34,Unk,No Injury,Male
12AM-6AM,No Control,TRUE,Straight-Level,Weekend,FALSE,Dark - Street Light,Unk,FALSE,Clear,Over 10000,Four,Very Wide,55-64,Normal,Not Distracted,Male,One,2001-2010,No Violations,15-24,Impaired,Complaint,Male
12PM-6PM,No Control,FALSE,Straight-Level,Weekend,FALSE,Daylight,Unk,TRUE,Abnormal,Unk,No Info.,Unk,45-54,Normal,Not Distracted,Female,One,2001-2010,No Violations,75-Inf,Inattentive/Distracted,No Injury,Male
6AM-12PM,No Control,FALSE,Straight-Level,Weekend,FALSE,Daylight,Unk,FALSE,Abnormal,Unk,No Info.,Unk,35-44,Inattentive/Distracted,Outside Vehicle,Female,One,1991-2000,Careless Operation,65-74,Unk,Moderate,Female
6PM-12AM,Partial Control,FALSE,Straight-Level,Weekend,FALSE,Dark - Street Light,Single Vehicle,FALSE,Abnormal,Unk,No Info.,Unk,25-34,Normal,Not Distracted,Female,Two,2001-2010,No Violations,Unk,Inattentive/Distracted,Complaint,Male
6AM-12PM,No Control,FALSE,Straight-Level,Weekday,FALSE,Daylight,Unk,FALSE,Clear,Over 10000,Four,Very Wide,55-64,Inattentive/Distracted,Not Distracted,Male,One,2001-2010,Careless Operation,35-44,Unk,Moderate,Male
6AM-12PM,No Control,FALSE,Straight-Level,Weekend,FALSE,Dark - Street Light,Single Vehicle,FALSE,Abnormal,Unk,No Info.,Unk,15-24,Normal,Not Distracted,Male,One,1991-2000,No Violations,25-34,Inattentive/Distracted,Moderate,Female
6PM-12AM,No Control,FALSE,Straight-Level,Weekend,FALSE,Dark - Street Light,Single Vehicle,FALSE,Clear,Over 10000,Two,Wide,15-24,Normal,Not Distracted,Male,One,1990 and Before,No Violations,45-54,Normal,Moderate,Male
12PM-6PM,No Control,FALSE,Straight-Level,Weekend,FALSE,Daylight,Right Angle,TRUE,Abnormal,Over 10000,Two,Wide,25-34,Normal,Not Distracted,Male,One,2001-2010,No Violations,75-Inf,Inattentive/Distracted,Moderate,Male
6PM-12AM,Partial Control,TRUE,Straight-Level,Weekend,FALSE,Daylight,Unk,FALSE,Clear,Unk,No Info.,Unk,25-34,Impaired,Not Distracted,Male,One,1991-2000,Careless Operation,Unk,Normal,Severe,Male
12PM-6PM,No Control,FALSE,Straight-Level,Weekday,FALSE,Daylight,Single Vehicle,TRUE,Clear,Unk,No Info.,Unk,35-44,Normal,Not Distracted,Male,One,2001-2010,No Violations,Unk,Unk,No Injury,Unk
12PM-6PM,No Control,FALSE,Straight-Level,Weekday,FALSE,Daylight,Single Vehicle,TRUE,Clear,Unk,No Info.,Unk,35-44,Normal,Not Distracted,Male,One,2001-2010,No Violations,Unk,Inattentive/Distracted,Moderate,Female
12PM-6PM,No Control,FALSE,Straight-Level,Weekday,TRUE,Daylight,Unk,TRUE,Clear,Unk,No Info.,Unk,Unk,Unk,Unk,Unk,One,Unk ,Unk,45-54,Normal,No Injury,Male
6PM-12AM,No Control,FALSE,Straight-Level,Weekday,FALSE,Dark - Street Light,Single Vehicle,FALSE,Clear,Unk,No Info.,Unk,15-24,Unk,Unk,Male,Three,1990 and Before,Unk,55-64,Normal,Complaint,Male
12PM-6PM,No Control,FALSE,Straight-Level,Weekday,FALSE,Daylight,Unk,FALSE,Clear,Unk,No Info.,Unk,Unk,Unk,Unk,Unk,One,1991-2000,Improper Parking,15-24,Normal,Complaint,Female
6AM-12PM,No Control,FALSE,Straight-Level,Weekday,FALSE,Daylight,Single Vehicle,FALSE,Clear,Over 10000,Four,Very Wide,75-Inf,Normal,Not Distracted,Male,One,2001-2010,No Violations,15-24,Inattentive/Distracted,Moderate,Female
12AM-6AM,No Control,FALSE,Curve-Level,Weekday,FALSE,Dark - Street Light,Single Vehicle,FALSE,Clear,Unk,No Info.,Unk,25-34,Inattentive/Distracted,Outside Vehicle,Male,One,1991-2000,No Violations,45-54,Impaired,Severe,Male
6PM-12AM,No Control,FALSE,Straight-Level,Weekend,FALSE,Dark - Street Light,Single Vehicle,FALSE,Clear,Over 10000,Four,Very Wide,15-24,Inattentive/Distracted,Not Distracted,Female,Two,1991-2000,Careless Operation,35-44,Normal,Complaint,Male
6AM-12PM,No Control,FALSE,Straight-Level,Weekend,TRUE,Daylight,Single Vehicle,TRUE,Clear,Unk,No Info.,Unk,Unk,Unk,Unk,Unk,One,Unk ,Unk,25-34,Normal,Moderate,Male
6AM-12PM,No Control,TRUE,Straight-Level,Weekend,FALSE,Daylight,Unk,FALSE,Clear,Unk,No Info.,Unk,25-34,Impaired,Not Distracted,Female,One,1991-2000,Careless Operation,65-74,Normal,Complaint,Male
6PM-12AM,No Control,FALSE,Straight-Level,Weekday,TRUE,Dark - No Street Lights,Sideswipe,FALSE,Clear,5001-10000,Two,Wide,Unk,Unk,Unk,Unk,One,Unk ,Unk,25-34,Normal,Complaint,Male
12AM-6AM,No Control,TRUE,Straight-Level,Weekend,FALSE,Dark - Street Light,Unk,FALSE,Clear,Unk,No Info.,Unk,25-34,Normal,Not Distracted,Male,One,1991-2000,Unk,25-34,Impaired,Moderate,Male
6AM-12PM,No Control,FALSE,Straight-Level,Weekend,FALSE,Daylight,Single Vehicle,FALSE,Clear,Unk,No Info.,Unk,45-54,Inattentive/Distracted,Unk,Female,One,2001-2010,Careless Operation,35-44,Normal,Complaint,Male
12PM-6PM,No Control,FALSE,Straight-Level,Weekend,FALSE,Daylight,Sideswipe,FALSE,Clear,Unk,No Info.,Unk,15-24,Normal,Not Distracted,Male,Two,1991-2000,Unk,15-24,Unk,Complaint,Male
6PM-12AM,No Control,FALSE,Straight-Level,Weekday,FALSE,"Dusk, Dawn",Single Vehicle,FALSE,Clear,Over 10000,Two,Very Wide,25-34,Normal,Not Distracted,Female,One,2001-2010,No Violations,25-34,Inattentive/Distracted,Complaint,Female
12PM-6PM,No Control,FALSE,Straight-Level,Weekday,FALSE,Daylight,Unk,FALSE,Clear,Unk,No Info.,Unk,35-44,Normal,Not Distracted,Female,One,2001-2010,No Violations,Unk,Inattentive/Distracted,Complaint,Male
12PM-6PM,No Control,FALSE,Straight-Level,Weekday,FALSE,Daylight,Unk,FALSE,Clear,Unk,No Info.,Unk,75-Inf,Unk,Unk,Male,One,1990 and Before,Unk,25-34,Unk,Complaint,Female
6AM-12PM,No Control,FALSE,On Grade,Weekend,FALSE,Dark - No Street Lights,Head-On,FALSE,Clear,Unk,No Info.,Unk,35-44,Normal,Not Distracted,Male,One,2001-2010,No Violations,35-44,Normal,Severe,Male
12PM-6PM,Partial Control,FALSE,Straight-Level,Weekend,FALSE,Daylight,Unk,FALSE,Abnormal,Over 10000,Four,Very Wide,75-Inf,Inattentive/Distracted,Unk,Male,Two,2001-2010,Careless Operation,45-54,Normal,Moderate,Female
6AM-12PM,No Control,FALSE,Straight-Level,Weekend,FALSE,Daylight,Unk,FALSE,Clear,Over 10000,Four,Very Wide,45-54,Normal,Unk,Male,One,1991-2000,Unk,45-54,Normal,Moderate,Male
12PM-6PM,No Control,FALSE,Straight-Level,Weekend,FALSE,Daylight,Single Vehicle,FALSE,Clear,Unk,No Info.,Unk,55-64,Normal,Not Distracted,Female,One,2001-2010,No Violations,45-54,Inattentive/Distracted,Severe,Male
12PM-6PM,No Control,FALSE,Straight-Level,Weekend,FALSE,Daylight,Right Angle,FALSE,Abnormal,Unk,No Info.,Unk,25-34,Normal,Not Distracted,Female,One,2001-2010,Unk,Unk,Inattentive/Distracted,Complaint,Male
6PM-12AM,No Control,FALSE,Straight-Level,Weekend,FALSE,Dark - Street Light,Single Vehicle,FALSE,Clear,Unk,No Info.,Unk,55-64,Normal,Not Distracted,Male,Two,2001-2010,No Violations,15-24,Normal,Moderate,Male
12PM-6PM,No Control,FALSE,Straight-Level,Weekday,TRUE,Daylight,Sideswipe,TRUE,Clear,Unk,No Info.,Unk,Unk,Unk,Unk,Unk,One,Unk ,Careless Operation,25-34,Normal,Complaint,Male
12AM-6AM,No Control,TRUE,Straight-Level,Weekend,FALSE,Dark - Street Light,Unk,FALSE,Clear,Unk,No Info.,Unk,15-24,Normal,Not Distracted,Male,Three,2001-2010,No Violations,55-64,Impaired,Complaint,Male
6PM-12AM,No Control,FALSE,Curve-Level,Weekday,FALSE,"Dusk, Dawn",Single Vehicle,FALSE,Clear,Unk,No Info.,Unk,15-24,Normal,Not Distracted,Male,One,2001-2010,Unk,Unk,Inattentive/Distracted,Complaint,Male
6PM-12AM,No Control,FALSE,Straight-Level,Weekday,TRUE,Dark - Street Light,Sideswipe,FALSE,Clear,Over 10000,Four,Very Wide,Unk,Unk,Unk,Male,One,Unk ,Unk,25-34,Unk,Complaint,Male
6AM-12PM,No Control,FALSE,On Grade,Weekday,FALSE,Daylight,Single Vehicle,FALSE,Clear,5001-10000,Two,Narrow,15-24,"Sleep, Fatigue",Not Distracted,Male,One,2001-2010,Careless Operation,15-24,Normal,Fatal,Male
6AM-12PM,No Control,FALSE,Straight-Level,Weekend,FALSE,Daylight,Single Vehicle,TRUE,Clear,Over 10000,Four,Very Wide,35-44,Normal,Not Distracted,Male,One,2001-2010,No Violations,15-24,Normal,Complaint,Male
6PM-12AM,No Control,FALSE,Straight-Level,Weekend,FALSE,Dark - Street Light,Unk,TRUE,Clear,Unk,No Info.,Unk,25-34,Normal,Not Distracted,Male,Five or more,1991-2000,No Violations,45-54,Inattentive/Distracted,Complaint,Male
12PM-6PM,No Control,FALSE,Straight-Level,Weekend,FALSE,Daylight,Unk,FALSE,Clear,2001-5000,Two,Wide,55-64,Normal,Not Distracted,Female,One,2001-2010,No Violations,Unk,Normal,Complaint,Male
6PM-12AM,No Control,FALSE,Straight-Level,Weekend,FALSE,Dark - Street Light,Single Vehicle,FALSE,Clear,Unk,No Info.,Unk,45-54,Normal,Not Distracted,Male,One,2001-2010,No Violations,Unk,Normal,Moderate,Female
6PM-12AM,No Control,FALSE,Straight-Level,Weekend,TRUE,Dark - Street Light,Single Vehicle,TRUE,Clear,Unk,No Info.,Unk,Unk,Unk,Unk,Unk,One,Unk ,Unk,35-44,Normal,Complaint,Male
6PM-12AM,No Control,FALSE,Straight-Level,Weekday,FALSE,Daylight,Unk,FALSE,Clear,Unk,No Info.,Unk,55-64,Other,Not Distracted,Male,One,2001-2010,No Violations,15-24,Inattentive/Distracted,Complaint,Female
6PM-12AM,No Control,FALSE,Straight-Level,Weekday,FALSE,Dark - No Street Lights,Unk,TRUE,Clear,Unk,No Info.,Unk,15-24,Normal,Not Distracted,Male,One,1991-2000,Cut Corner On Left Turn,Unk,Unk,Complaint,Male
6PM-12AM,No Control,FALSE,Straight-Level,Weekday,FALSE,Dark - No Street Lights,Unk,TRUE,Clear,Unk,No Info.,Unk,15-24,Normal,Not Distracted,Male,One,1991-2000,Cut Corner On Left Turn,Unk,Inattentive/Distracted,Moderate,Male
12PM-6PM,No Control,FALSE,Straight-Level,Weekend,FALSE,Daylight,Unk,TRUE,Clear,Unk,No Info.,Unk,45-54,Normal,Not Distracted,Male,One,1991-2000,Careless Operation,Unk,Unk,Moderate,Male
6AM-12PM,No Control,FALSE,Straight-Level,Weekday,TRUE,"Dusk, Dawn",Unk,TRUE,Clear,Unk,No Info.,Unk,Unk,Unk,Unk,Unk,One,Unk ,Unk,Unk,Unk,Complaint,Female
6AM-12PM,No Control,FALSE,Straight-Level,Weekday,FALSE,Daylight,Single Vehicle,FALSE,Clear,Unk,No Info.,Unk,15-24,Inattentive/Distracted,Not Distracted,Female,One,2001-2010,Unk,25-34,Normal,Moderate,Male
12PM-6PM,No Control,FALSE,Straight-Level,Weekday,FALSE,Daylight,Unk,TRUE,Clear,Unk,No Info.,Unk,65-74,Normal,Not Distracted,Female,One,2001-2010,No Violations,15-24,Normal,Complaint,Female
12PM-6PM,No Control,FALSE,Straight-Level,Weekday,FALSE,Daylight,Unk,TRUE,Clear,Unk,No Info.,Unk,65-74,Normal,Not Distracted,Female,One,2001-2010,No Violations,15-24,Normal,Complaint,Female
12PM-6PM,No Control,FALSE,Straight-Level,Weekday,FALSE,Daylight,Single Vehicle,FALSE,Clear,Unk,No Info.,Unk,65-74,Inattentive/Distracted,Not Distracted,Female,One,2001-2010,Careless Operation,45-54,Normal,Complaint,Male
6PM-12AM,No Control,FALSE,Straight-Level,Weekday,TRUE,Dark - Street Light,Unk,TRUE,Clear,Over 10000,Two,Wide,Unk,Unk,Unk,Unk,One,Unk ,Unk,15-24,Normal,Complaint,Male
12PM-6PM,No Control,FALSE,Straight-Level,Weekend,FALSE,Daylight,Unk,FALSE,Clear,Unk,No Info.,Unk,15-24,Normal,Not Distracted,Female,Four,2001-2010,No Violations,Unk,Inattentive/Distracted,Complaint,Male
6PM-12AM,No Control,FALSE,Straight-Level,Weekend,TRUE,Dark - Street Light,Single Vehicle,TRUE,Clear,Unk,No Info.,Unk,25-34,Unk,Unk,Male,One,1990 and Before,Other Improper Turning,55-64,Unk,Complaint,Male
6AM-12PM,No Control,FALSE,Straight-Level,Weekday,FALSE,Daylight,Right Angle,TRUE,Clear,Unk,No Info.,Unk,15-24,Inattentive/Distracted,Unk,Male,One,2001-2010,Exceeding Stated Speed Limit,65-74,Unk,Moderate,Male
12PM-6PM,No Control,FALSE,Straight-Level,Weekend,FALSE,Daylight,Single Vehicle,TRUE,Clear,Unk,No Info.,Unk,45-54,Normal,Unk,Female,One,1991-2000,No Violations,35-44,Normal,No Injury,Female
12PM-6PM,No Control,FALSE,Curve-Level,Weekend,FALSE,Daylight,Unk,FALSE,Clear,Unk,No Info.,Unk,25-34,Normal,Not Distracted,Male,One,1991-2000,No Violations,45-54,Unk,Moderate,Male
12PM-6PM,Partial Control,FALSE,Straight-Level,Weekend,FALSE,Daylight,Unk,FALSE,Clear,Unk,No Info.,Unk,65-74,Unk,Unk,Male,Two,1991-2000,Improper Backing,35-44,Unk,Complaint,Female
6PM-12AM,No Control,TRUE,Straight-Level,Weekend,FALSE,Dark - No Street Lights,Single Vehicle,TRUE,Clear,Unk,No Info.,Unk,25-34,Normal,Not Distracted,Male,One,2001-2010,No Violations,25-34,Impaired,Complaint,Female
6AM-12PM,No Control,FALSE,Straight-Level,Weekday,FALSE,Daylight,Single Vehicle,TRUE,Clear,5001-10000,Two,Wide,15-24,Inattentive/Distracted,Outside Vehicle,Male,Two,1991-2000,Careless Operation,15-24,Normal,Complaint,Female
6AM-12PM,No Control,FALSE,Straight-Level,Weekend,FALSE,Daylight,Single Vehicle,FALSE,Clear,Unk,No Info.,Unk,55-64,Normal,Not Distracted,Male,One,1991-2000,No Violations,15-24,Unk,Complaint,Female
12PM-6PM,No Control,FALSE,Straight-Level,Weekend,FALSE,Daylight,Unk,FALSE,Clear,Unk,No Info.,Unk,35-44,Normal,Not Distracted,Female,One,2001-2010,No Violations,Unk,Unk,Moderate,Male
12AM-6AM,No Control,FALSE,Straight-Level,Weekend,TRUE,Dark - Street Light,Unk,FALSE,Clear,Unk,No Info.,Unk,Unk,Unk,Unk,Male,One,Unk ,Unk,35-44,Unk,Complaint,Female
6AM-12PM,No Control,FALSE,Straight-Level,Weekday,FALSE,Daylight,Single Vehicle,FALSE,Clear,Unk,No Info.,Unk,25-34,Normal,Not Distracted,Female,Five or more,1991-2000,No Violations,Unk,Inattentive/Distracted,Fatal,Female
6AM-12PM,Partial Control,FALSE,Curve-Level,Weekend,FALSE,Daylight,Single Vehicle,FALSE,Clear,Unk,No Info.,Unk,55-64,Normal,Not Distracted,Female,One,2001-2010,No Violations,75-Inf,Normal,Moderate,Female
6AM-12PM,No Control,FALSE,Straight-Level,Weekday,FALSE,Daylight,Unk,TRUE,Clear,Over 10000,Two,Wide,35-44,Normal,Not Distracted,Male,One,2001-2010,No Violations,Unk,Impaired,Severe,Male
6PM-12AM,No Control,FALSE,Straight-Level,Weekday,FALSE,Daylight,Single Vehicle,FALSE,Clear,Unk,No Info.,Unk,35-44,Normal,Not Distracted,Male,One,2001-2010,No Violations,Unk,Unk,Fatal,Male
12PM-6PM,No Control,FALSE,Straight-Level,Weekend,FALSE,Daylight,Unk,FALSE,Clear,Unk,No Info.,Unk,15-24,Inattentive/Distracted,Outside Vehicle,Female,Three,2001-2010,Careless Operation,15-24,Inattentive/Distracted,Moderate,Male
6PM-12AM,No Control,FALSE,Straight-Level,Weekday,TRUE,"Dusk, Dawn",Single Vehicle,FALSE,Abnormal,Unk,No Info.,Unk,45-54,Unk,Not Distracted,Male,One,1991-2000,Careless Operation,45-54,Normal,Moderate,Male
12PM-6PM,No Control,FALSE,Straight-Level,Weekday,FALSE,Daylight,Right Turn,FALSE,Clear,Unk,No Info.,Unk,35-44,Normal,Not Distracted,Female,One,2001-2010,Failure To Yield,45-54,Normal,Complaint,Male
12PM-6PM,No Control,FALSE,Straight-Level,Weekday,FALSE,Daylight,Single Vehicle,FALSE,Clear,Over 10000,Four,Very Wide,55-64,Normal,Not Distracted,Male,One,2001-2010,No Violations,Unk,Unk,Complaint,Female
12PM-6PM,No Control,FALSE,Straight-Level,Weekday,FALSE,Daylight,Unk,TRUE,Clear,Unk,No Info.,Unk,45-54,Normal,Not Distracted,Male,One,1991-2000,Cut Corner On Left Turn,35-44,Unk,No Injury,Male
12PM-6PM,No Control,FALSE,Straight-Level,Weekend,FALSE,Daylight,Unk,FALSE,Clear,Unk,No Info.,Unk,45-54,Normal,Not Distracted,Female,Two,2001-2010,No Violations,Unk,Unk,Complaint,Female
6PM-12AM,No Control,FALSE,Straight-Level,Weekend,FALSE,Dark - Street Light,Single Vehicle,FALSE,Clear,Unk,No Info.,Unk,15-24,Normal,Not Distracted,Male,Two,1990 and Before,No Violations,Unk,Inattentive/Distracted,Moderate,Female
12PM-6PM,No Control,FALSE,Straight-Level,Weekend,FALSE,Daylight,Unk,FALSE,Clear,Unk,No Info.,Unk,45-54,Normal,Not Distracted,Female,One,2001-2010,No Violations,Unk,Unk,Moderate,Male
12PM-6PM,Partial Control,FALSE,Straight-Level,Weekday,FALSE,Daylight,Single Vehicle,TRUE,Clear,Unk,No Info.,Unk,45-54,Inattentive/Distracted,Not Distracted,Female,One,2001-2010,Careless Operation,15-24,Normal,Moderate,Female
12PM-6PM,Partial Control,FALSE,Straight-Level,Weekday,FALSE,Daylight,Unk,FALSE,Clear,Unk,No Info.,Unk,55-64,Normal,Not Distracted,Male,One,2001-2010,No Violations,Unk,Inattentive/Distracted,Moderate,Female
6AM-12PM,No Control,FALSE,Straight-Level,Weekday,FALSE,"Dusk, Dawn",Single Vehicle,TRUE,Clear,Unk,No Info.,Unk,25-34,Normal,Not Distracted,Male,One,2001-2010,Failure To Yield,45-54,Normal,Complaint,Male
6AM-12PM,No Control,FALSE,Straight-Level,Weekday,FALSE,Daylight,Single Vehicle,FALSE,Clear,Unk,No Info.,Unk,45-54,Inattentive/Distracted,Not Distracted,Male,One,1991-2000,Failure To Yield,Unk,Normal,Moderate,Female
6AM-12PM,No Control,FALSE,Straight-Level,Weekday,FALSE,Daylight,Single Vehicle,FALSE,Clear,Unk,No Info.,Unk,45-54,Inattentive/Distracted,Not Distracted,Male,One,1991-2000,Failure To Yield,15-24,Normal,Moderate,Female
6AM-12PM,No Control,FALSE,Straight-Level,Weekday,FALSE,Daylight,Single Vehicle,FALSE,Clear,Unk,No Info.,Unk,45-54,Inattentive/Distracted,Not Distracted,Male,One,1991-2000,Failure To Yield,Unk,Normal,Moderate,Male
12PM-6PM,No Control,FALSE,Straight-Level,Weekday,FALSE,Daylight,Unk,FALSE,Clear,Unk,No Info.,Unk,Unk,Other,Not Distracted,Unk,Two,1990 and Before,Unk,55-64,Normal,Moderate,Female
12PM-6PM,No Control,FALSE,Straight-Level,Weekday,FALSE,"Dusk, Dawn",Single Vehicle,FALSE,Clear,Unk,No Info.,Unk,25-34,Normal,Not Distracted,Female,Two,1991-2000,No Violations,Unk,Inattentive/Distracted,Moderate,Male
6PM-12AM,No Control,FALSE,Straight-Level,Weekday,TRUE,Dark - Street Light,Unk,FALSE,Clear,Unk,No Info.,Unk,Unk,Unk,Unk,Unk,One,Unk ,Unk,45-54,Unk,Severe,Female
6PM-12AM,No Control,FALSE,Straight-Level,Weekday,FALSE,Dark - Street Light,Single Vehicle,FALSE,Clear,Over 10000,Four,Very Wide,55-64,Normal,Not Distracted,Male,One,2001-2010,No Violations,45-54,Normal,Moderate,Male
12AM-6AM,No Control,FALSE,Straight-Level,Weekday,TRUE,Dark - Street Light,Unk,TRUE,Clear,Unk,No Info.,Unk,Unk,Unk,Unk,Unk,One,Unk ,Careless Operation,15-24,Unk,Moderate,Female
6PM-12AM,No Control,FALSE,Straight-Level,Weekend,TRUE,Dark - Street Light,Unk,FALSE,Clear,Over 10000,Two,Wide,Unk,Unk,Unk,Unk,One,Unk ,Unk,15-24,Normal,Complaint,Male
12PM-6PM,No Control,FALSE,Straight-Level,Weekend,FALSE,Daylight,Unk,TRUE,Clear,Over 10000,Six,Very Wide,45-54,Other,Not Distracted,Male,One,1991-2000,No Violations,35-44,Normal,Moderate,Male
6AM-12PM,No Control,FALSE,Straight-Level,Weekday,FALSE,Daylight,Left Turn,TRUE,Abnormal,Unk,No Info.,Unk,65-74,Normal,Not Distracted,Male,Three,1991-2000,No Violations,Unk,Inattentive/Distracted,Moderate,Male
12PM-6PM,No Control,FALSE,Straight-Level,Weekday,FALSE,Dark - No Street Lights,Unk,FALSE,Abnormal,Unk,No Info.,Unk,35-44,Normal,Not Distracted,Female,One,2001-2010,No Violations,Unk,Inattentive/Distracted,Moderate,Male
6PM-12AM,No Control,FALSE,Straight-Level,Weekend,FALSE,Dark - No Street Lights,Single Vehicle,FALSE,Clear,5001-10000,Two,Narrow,25-34,Normal,Not Distracted,Female,One,1991-2000,No Violations,45-54,Inattentive/Distracted,Severe,Female
6PM-12AM,No Control,FALSE,Straight-Level,Weekend,FALSE,Daylight,Unk,TRUE,Clear,Unk,No Info.,Unk,35-44,Normal,Not Distracted,Male,One,1991-2000,No Violations,15-24,Inattentive/Distracted,Complaint,Female
6PM-12AM,No Control,FALSE,Straight-Level,Weekend,FALSE,Daylight,Unk,TRUE,Clear,Unk,No Info.,Unk,35-44,Normal,Not Distracted,Male,One,1991-2000,No Violations,15-24,Inattentive/Distracted,Complaint,Female
6AM-12PM,No Control,FALSE,Straight-Level,Weekend,FALSE,Daylight,Unk,FALSE,Clear,Unk,No Info.,Unk,35-44,Normal,Not Distracted,Male,One,1991-2000,No Violations,15-24,Normal,Moderate,Female
6PM-12AM,No Control,FALSE,Straight-Level,Weekend,FALSE,Dark - Street Light,Single Vehicle,FALSE,Clear,Unk,No Info.,Unk,15-24,Normal,Not Distracted,Female,One,1991-2000,No Violations,15-24,Inattentive/Distracted,Moderate,Male
6PM-12AM,No Control,FALSE,Straight-Level,Weekday,FALSE,Dark - Street Light,Single Vehicle,FALSE,Clear,Over 10000,Four,Very Wide,55-64,Normal,Not Distracted,Male,One,2001-2010,No Violations,45-54,Inattentive/Distracted,Complaint,Female
6AM-12PM,No Control,FALSE,Straight-Level,Weekday,TRUE,Daylight,Unk,FALSE,Clear,Unk,No Info.,Unk,Unk,Unk,Unk,Unk,One,Unk ,Unk,25-34,Normal,Complaint,Male
12PM-6PM,No Control,FALSE,Straight-Level,Weekday,FALSE,Dark - No Street Lights,Single Vehicle,FALSE,Clear,Unk,No Info.,Unk,45-54,Inattentive/Distracted,Not Distracted,Male,One,1990 and Before,Unk,15-24,Inattentive/Distracted,Moderate,Male
12PM-6PM,No Control,FALSE,Straight-Level,Weekday,FALSE,Dark - No Street Lights,Single Vehicle,FALSE,Clear,Unk,No Info.,Unk,45-54,Inattentive/Distracted,Not Distracted,Male,One,1990 and Before,Unk,15-24,Inattentive/Distracted,Moderate,Female
6AM-12PM,No Control,FALSE,Straight-Level,Weekday,FALSE,Daylight,Head-On,FALSE,Clear,Over 10000,Four,Very Wide,25-34,Normal,Unk,Male,One,2001-2010,No Violations,15-24,Inattentive/Distracted,Severe,Female
12PM-6PM,Unk,FALSE,Straight-Level,Weekend,TRUE,Daylight,Unk,FALSE,Abnormal,Unk,No Info.,Unk,25-34,Unk,Unk,Male,One,2001-2010,Unk,35-44,Normal,Severe,Male
12PM-6PM,No Control,FALSE,Straight-Level,Weekday,FALSE,Daylight,Single Vehicle,FALSE,Clear,Over 10000,Four,Very Wide,55-64,Normal,Not Distracted,Male,One,2001-2010,No Violations,25-34,Unk,Complaint,Male
6PM-12AM,No Control,FALSE,Straight-Level,Weekday,FALSE,Dark - No Street Lights,Unk,FALSE,Clear,Over 10000,Four,Very Wide,45-54,Unk,Unk,Male,One,2001-2010,Unk,15-24,Unk,Moderate,Male
12PM-6PM,No Control,FALSE,Straight-Level,Weekend,FALSE,Daylight,Unk,FALSE,Clear,Unk,No Info.,Unk,25-34,Normal,Not Distracted,Female,One,2001-2010,Failure To Yield,45-54,Normal,No Injury,Male
12PM-6PM,No Control,FALSE,Straight-Level,Weekend,FALSE,Daylight,Single Vehicle,TRUE,Clear,Over 10000,Four,Very Wide,25-34,Normal,Not Distracted,Female,One,1991-2000,Failure To Yield,35-44,Inattentive/Distracted,Complaint,Male
12PM-6PM,No Control,FALSE,Straight-Level,Weekend,FALSE,Dark - Street Light,Single Vehicle,FALSE,Clear,Unk,No Info.,Unk,55-64,Inattentive/Distracted,Not Distracted,Male,One,2001-2010,Careless Operation,15-24,Normal,Moderate,Female
12PM-6PM,No Control,FALSE,Straight-Level,Weekend,FALSE,Daylight,Head-On,FALSE,Clear,Unk,No Info.,Unk,15-24,Normal,Unk,Female,Three,1991-2000,No Violations,Unk,Inattentive/Distracted,Moderate,Male
12PM-6PM,No Control,FALSE,Straight-Level,Weekday,FALSE,Daylight,Right Angle,TRUE,Clear,Unk,No Info.,Unk,45-54,Normal,Not Distracted,Female,One,2001-2010,No Violations,Unk,Inattentive/Distracted,Moderate,Male
6PM-12AM,No Control,TRUE,Straight-Level,Weekend,FALSE,Dark - No Street Lights,Single Vehicle,TRUE,Clear,Unk,No Info.,Unk,15-24,Normal,Not Distracted,Female,One,1991-2000,No Violations,35-44,Impaired,Fatal,Male
12PM-6PM,No Control,FALSE,Straight-Level,Weekend,TRUE,Daylight,Single Vehicle,FALSE,Clear,Unk,No Info.,Unk,Unk,Unk,Unk,Unk,One,Unk ,Unk,Unk,Inattentive/Distracted,Moderate,Female
6PM-12AM,No Control,FALSE,Straight-Level,Weekend,TRUE,Dark - Street Light,Single Vehicle,FALSE,Clear,Unk,No Info.,Unk,Unk,Unk,Unk,Unk,One,Unk ,Unk,35-44,Inattentive/Distracted,Complaint,Male