Hour,Access,Alcohol,Align,Day,Hit,Light,Collision,Interection,Weather,ADT,Num Lanes,Pav Width,Dr Age,Dr Cond.,Dr Distract,Dr Gender,Num Occ,Veh Year,Violations,Ped Age,Ped Cond.,Ped Inj.,Ped Gender
6PM-12AM,No Control,FALSE,Straight-Level,Weekend,FALSE,Dark - No Street Lights,Right Angle,TRUE,Clear,Over 10000,Four,Very Wide,35-44,Normal,Not Distracted,Female,Three,2001-2010,Driver Condition,55-64,Inattentive/Distracted,Fatal,Male
12PM-6PM,No Control,FALSE,Straight-Level,Weekend,FALSE,Dark - No Street Lights,Single Vehicle,FALSE,Clear,2001-5000,Two,Wide,55-64,Normal,Not Distracted,Male,Three,1991-2000,No Violations,15-24,Unk,No Injury,Male
6AM-12PM,No Control,FALSE,Straight-Level,Weekday,FALSE,Daylight,Single Vehicle,TRUE,Abnormal,5001-10000,Two,Wide,35-44,Normal,Not Distracted,Male,One,2001-2010,No Violations,Unk,Inattentive/Distracted,Severe,Female
12PM-6PM,No Control,FALSE,Straight-Level,Weekday,FALSE,Daylight,Single Vehicle,FALSE,Clear,2001-5000,Two,Narrow,25-34,Inattentive/Distracted,Not Distracted,Male,One,1991-2000,Disregarded Traffic Control,Unk,Normal,Complaint,Female
12PM-6PM,No Control,TRUE,Straight-Level,Weekday,FALSE,Daylight,Single Vehicle,FALSE,Clear,Over 10000,Four,Very Wide,25-34,Impaired,Unk,Male,Two,2001-2010,Unk,Unk,Unk,Complaint,Male
6AM-12PM,Full Control,FALSE,Straight-Level,Weekday,FALSE,Daylight,Left Turn,TRUE,Clear,Unk,No Info.,Unk,25-34,Normal,Not Distracted,Female,One,2001-2010,No Violations,45-54,Normal,Complaint,Female
12AM-6AM,No Control,TRUE,Curve-Level,Weekend,TRUE,Dark - Street Light,Single Vehicle,FALSE,Clear,Over 10000,Two,Wide,35-44,Impaired,Not Distracted,Male,Two,1991-2000,Driver Condition,55-64,Unk,Fatal,Male
6PM-12AM,No Control,FALSE,Straight-Level,Weekend,TRUE,Dark - No Street Lights,Unk,FALSE,Clear,2001-5000,Two,Narrow,Unk,Unk,Unk,Unk,One,Unk ,Unk,15-24,Normal,Moderate,Male
6AM-12PM,No Control,FALSE,Curve-Level,Weekday,FALSE,Daylight,Single Vehicle,FALSE,Clear,5001-10000,Two,Wide,35-44,Normal,Not Distracted,Male,Three,1991-2000,No Violations,55-64,Impaired,Fatal,Male
12PM-6PM,No Control,TRUE,On Grade,Weekend,FALSE,Daylight,Single Vehicle,FALSE,Abnormal,Unk,No Info.,Unk,15-24,Impaired,Not Distracted,Male,Five or more,2001-2010,Careless Operation,15-24,Unk,Fatal,Male
12AM-6AM,No Control,TRUE,Straight-Level,Weekend,FALSE,Dark - No Street Lights,Single Vehicle,FALSE,Abnormal,2001-5000,Two,Wide,15-24,Normal,Not Distracted,Female,One,2001-2010,No Violations,15-24,Impaired,Complaint,Male
12PM-6PM,No Control,FALSE,Straight-Level,Weekend,FALSE,Daylight,Single Vehicle,FALSE,Clear,Over 10000,Four,Very Wide,45-54,Impaired,Not Distracted,Female,Three,2001-2010,Driver Condition,15-24,Inattentive/Distracted,Complaint,Female
12AM-6AM,No Control,TRUE,Straight-Level,Weekend,FALSE,Dark - No Street Lights,Single Vehicle,FALSE,Clear,5001-10000,Two,Wide,55-64,Normal,Not Distracted,Male,One,1991-2000,No Violations,35-44,Impaired,Complaint,Male
6AM-12PM,No Control,FALSE,Straight-Level,Weekend,FALSE,Daylight,Single Vehicle,FALSE,Abnormal,2001-5000,Two,Narrow,45-54,Normal,Not Distracted,Male,One,1991-2000,No Violations,55-64,Inattentive/Distracted,Moderate,Male
6AM-12PM,Full Control,FALSE,Straight-Level,Weekday,FALSE,Daylight,Single Vehicle,FALSE,Clear,Over 10000,Four,Very Wide,65-74,Normal,Not Distracted,Male,One,2001-2010,Exceeding Stated Speed Limit,25-34,Normal,Complaint,Male
12PM-6PM,No Control,TRUE,Straight-Level,Weekday,TRUE,Daylight,Single Vehicle,FALSE,Clear,Over 10000,Two,Very Wide,Unk,Unk,Unk,Unk,One,Unk ,Unk,45-54,Impaired,Moderate,Male
12PM-6PM,No Control,TRUE,Straight-Level,Weekday,FALSE,Daylight,Unk,FALSE,Clear,2001-5000,Two,Wide,55-64,Normal,Not Distracted,Male,Two,1991-2000,No Violations,15-24,Impaired,Moderate,Male
6PM-12AM,No Control,FALSE,Straight-Level,Weekend,FALSE,Dark - No Street Lights,Single Vehicle,FALSE,Clear,2001-5000,Two,Wide,55-64,Normal,Not Distracted,Male,One,2001-2010,No Violations,15-24,Normal,No Injury,Female
6AM-12PM,Full Control,FALSE,Straight-Level,Weekday,FALSE,Daylight,Rear End,FALSE,Abnormal,Over 10000,Six,Very Wide,45-54,Impaired,Not Distracted,Male,One,1991-2000,Driver Condition,45-54,Impaired,Complaint,Female
6PM-12AM,No Control,TRUE,Straight-Level,Weekend,FALSE,Dark - No Street Lights,Single Vehicle,TRUE,Clear,Over 10000,Two,Wide,25-34,Normal,Not Distracted,Male,One,2001-2010,No Violations,35-44,Impaired,Moderate,Male
6PM-12AM,No Control,FALSE,Straight-Level,Weekend,TRUE,Dark - No Street Lights,Single Vehicle,FALSE,Clear,2001-5000,Two,Narrow,Unk,Unk,Unk,Unk,Two,Unk ,Unk,35-44,Unk,Moderate,Male
12PM-6PM,No Control,FALSE,Straight-Level,Weekend,FALSE,Daylight,Single Vehicle,FALSE,Clear,5001-10000,Two,Narrow,45-54,Inattentive/Distracted,Not Distracted,Male,Two,2001-2010,Careless Operation,15-24,Normal,Complaint,Female
12AM-6AM,No Control,FALSE,Straight-Level,Weekend,FALSE,Dark - Street Light,Single Vehicle,FALSE,Clear,Over 10000,Six,Very Wide,35-44,Normal,Not Distracted,Male,One,1991-2000,No Violations,45-54,Unk,Moderate,Male
12PM-6PM,No Control,FALSE,Straight-Level,Weekend,FALSE,Daylight,Single Vehicle,TRUE,Clear,Over 10000,Four,Very Wide,25-34,Inattentive/Distracted,Not Distracted,Male,One,1991-2000,Careless Operation,55-64,Normal,Complaint,Female
6AM-12PM,No Control,TRUE,Straight-Level,Weekend,FALSE,Daylight,Single Vehicle,FALSE,Abnormal,5001-10000,Two,Wide,35-44,Normal,Not Distracted,Female,One,2001-2010,No Violations,15-24,Impaired,Moderate,Male
12AM-6AM,No Control,TRUE,Straight-Level,Weekday,TRUE,Dark - Street Light,Single Vehicle,FALSE,Clear,Over 10000,Two,Narrow,25-34,Unk,Not Distracted,Male,One,2001-2010,Careless Operation,55-64,Inattentive/Distracted,Moderate,Male
12PM-6PM,No Control,FALSE,Straight-Level,Weekday,FALSE,Daylight,Single Vehicle,FALSE,Clear,5001-10000,Two,Wide,35-44,Normal,Not Distracted,Female,One,2001-2010,No Violations,15-24,Inattentive/Distracted,Moderate,Female
6AM-12PM,No Control,FALSE,Straight-Level,Weekday,FALSE,Dark - Street Light,Single Vehicle,FALSE,Clear,Over 10000,Six,Very Wide,55-64,Normal,Not Distracted,Male,One,2001-2010,No Violations,55-64,Unk,Complaint,Male
6PM-12AM,No Control,TRUE,Straight-Level,Weekday,TRUE,Dark - Street Light,Single Vehicle,FALSE,Abnormal,Over 10000,Four,Very Wide,25-34,Unk,Unk,Male,One,1990 and Before,Unk,25-34,Impaired,Fatal,Female
12AM-6AM,No Control,TRUE,Straight-Level,Weekend,TRUE,Dark - No Street Lights,Single Vehicle,FALSE,Abnormal,Over 10000,Four,Very Wide,55-64,Normal,Not Distracted,Male,One,1991-2000,No Violations,55-64,Impaired,Fatal,Male
6PM-12AM,No Control,FALSE,Straight-Level,Weekend,FALSE,Dark - Street Light,Single Vehicle,FALSE,Clear,Unk,No Info.,Unk,15-24,Inattentive/Distracted,Not Distracted,Male,Two,1991-2000,Unk,15-24,Normal,Complaint,Female
6PM-12AM,No Control,FALSE,Straight-Level,Weekend,FALSE,Dark - Street Light,Single Vehicle,FALSE,Clear,Unk,No Info.,Unk,15-24,Inattentive/Distracted,Not Distracted,Male,Two,1991-2000,Unk,55-64,Normal,Complaint,Female
6PM-12AM,No Control,FALSE,Straight-Level,Weekend,FALSE,Dark - Street Light,Single Vehicle,FALSE,Clear,Unk,No Info.,Unk,15-24,Inattentive/Distracted,Not Distracted,Male,Two,1991-2000,Unk,25-34,Normal,Complaint,Female
6PM-12AM,No Control,TRUE,Straight-Level,Weekday,FALSE,Dark - No Street Lights,Single Vehicle,FALSE,Abnormal,Over 10000,Four,Very Wide,25-34,Normal,Not Distracted,Female,Two,2001-2010,No Violations,25-34,Impaired,Complaint,Female
12AM-6AM,No Control,TRUE,Straight-Level,Weekend,FALSE,Dark - Street Light,Single Vehicle,FALSE,Abnormal,Over 10000,Four,Very Wide,25-34,Impaired,Not Distracted,Male,One,2001-2010,Driver Condition,Unk,Normal,Severe,Male
6PM-12AM,Full Control,FALSE,Curve-Level,Weekday,FALSE,Dark - No Street Lights,Single Vehicle,FALSE,Clear,Over 10000,Six,Very Wide,45-54,Normal,Not Distracted,Male,One,2001-2010,No Violations,65-74,Unk,Fatal,Male
6AM-12PM,Full Control,FALSE,Straight-Level,Weekday,FALSE,"Dusk, Dawn",Rear End,FALSE,Clear,Over 10000,Six,Very Wide,25-34,Inattentive/Distracted,Cell Phone,Male,One,2001-2010,Careless Operation,15-24,Normal,Moderate,Male
6PM-12AM,No Control,TRUE,Straight-Level,Weekend,FALSE,Dark - Street Light,Single Vehicle,FALSE,Abnormal,Over 10000,Four,Very Wide,45-54,Normal,Not Distracted,Male,One,2001-2010,No Violations,15-24,Inattentive/Distracted,Complaint,Female
12PM-6PM,No Control,FALSE,Straight-Level,Weekday,FALSE,Daylight,Single Vehicle,FALSE,Clear,5001-10000,Two,Wide,15-24,Normal,Not Distracted,Female,One,1991-2000,No Violations,45-54,Inattentive/Distracted,Moderate,Male
6AM-12PM,No Control,FALSE,Straight-Level,Weekday,FALSE,Daylight,Single Vehicle,FALSE,Clear,Over 10000,Four,Very Wide,25-34,Normal,Not Distracted,Female,Two,2001-2010,No Violations,35-44,Unk,Severe,Male
12AM-6AM,Full Control,FALSE,Straight-Level,Weekday,FALSE,Dark - No Street Lights,Rear End,FALSE,Abnormal,Over 10000,Four,Very Wide,Unk,Unk,Not Distracted,Unk,One,2001-2010,Improper Parking,15-24,Normal,Complaint,Male
12AM-6AM,Full Control,FALSE,Straight-Level,Weekday,FALSE,Dark - No Street Lights,Rear End,FALSE,Abnormal,Over 10000,Four,Very Wide,Unk,Unk,Not Distracted,Unk,One,2001-2010,Improper Parking,55-64,Inattentive/Distracted,Moderate,Male
6PM-12AM,No Control,FALSE,Straight-Level,Weekend,TRUE,Dark - Street Light,Single Vehicle,FALSE,Abnormal,Over 10000,Four,Very Wide,65-74,Inattentive/Distracted,Unk,Male,One,2001-2010,Failure To Yield,35-44,Inattentive/Distracted,Fatal,Male
12PM-6PM,No Control,FALSE,Straight-Level,Weekend,FALSE,Daylight,Single Vehicle,FALSE,Clear,Over 10000,Four,Very Wide,65-74,Normal,Not Distracted,Male,One,1991-2000,No Violations,35-44,Inattentive/Distracted,Complaint,Male
6PM-12AM,No Control,TRUE,Curve-Level,Weekday,FALSE,Dark - No Street Lights,Single Vehicle,FALSE,Clear,2001-5000,Two,Wide,25-34,Impaired,Inside Vehi.,Female,One,2001-2010,Careless Operation,65-74,Normal,No Injury,Male
6PM-12AM,No Control,TRUE,Curve-Level,Weekday,FALSE,Dark - No Street Lights,Single Vehicle,FALSE,Clear,2001-5000,Two,Wide,25-34,Impaired,Inside Vehi.,Female,One,2001-2010,Careless Operation,45-54,Normal,Moderate,Female
6PM-12AM,No Control,TRUE,Curve-Level,Weekday,FALSE,Dark - No Street Lights,Single Vehicle,FALSE,Clear,2001-5000,Two,Wide,25-34,Impaired,Inside Vehi.,Female,One,2001-2010,Careless Operation,65-74,Normal,No Injury,Female
6PM-12AM,No Control,FALSE,Straight-Level,Weekday,FALSE,Dark - No Street Lights,Single Vehicle,FALSE,Clear,Over 10000,Four,Very Wide,45-54,Normal,Not Distracted,Male,One,2001-2010,No Violations,45-54,Unk,Fatal,Male
6PM-12AM,No Control,FALSE,Straight-Level,Weekend,FALSE,Dark - No Street Lights,Single Vehicle,FALSE,Clear,2001-5000,Two,Narrow,35-44,Normal,Not Distracted,Male,One,1990 and Before,No Violations,15-24,Inattentive/Distracted,Moderate,Female
12PM-6PM,Full Control,FALSE,On Grade,Weekday,FALSE,Daylight,Rear End,FALSE,Clear,Over 10000,Four,Very Wide,55-64,Inattentive/Distracted,Not Distracted,Male,One,1991-2000,Careless Operation,45-54,Normal,Moderate,Male
6AM-12PM,Full Control,FALSE,Straight-Level,Weekend,FALSE,Daylight,Sideswipe,FALSE,Clear,Over 10000,Four,Very Wide,45-54,Inattentive/Distracted,Not Distracted,Male,One,2001-2010,"Cutting In, Improper Passing",35-44,Normal,Complaint,Male
6AM-12PM,No Control,FALSE,Curve-Level,Weekend,FALSE,Daylight,Single Vehicle,FALSE,Clear,2001-5000,Two,Wide,15-24,Normal,Not Distracted,Female,One,1991-2000,No Violations,Unk,Inattentive/Distracted,Complaint,Female
12PM-6PM,Full Control,FALSE,Straight-Level,Weekday,FALSE,Daylight,Single Vehicle,FALSE,Abnormal,Over 10000,Four,Very Wide,35-44,Normal,Not Distracted,Male,One,1991-2000,No Violations,35-44,Normal,Complaint,Male
12AM-6AM,No Control,FALSE,Straight-Level,Weekend,FALSE,Dark - No Street Lights,Single Vehicle,FALSE,Clear,Over 10000,Two,Narrow,75-Inf,Normal,Not Distracted,Male,One,2001-2010,No Violations,15-24,Normal,Moderate,Female
12AM-6AM,Full Control,FALSE,Straight-Level,Weekend,TRUE,Dark - No Street Lights,Head-On,FALSE,Abnormal,Over 10000,Six,Very Wide,35-44,Inattentive/Distracted,Not Distracted,Female,Two,2001-2010,Careless Operation,15-24,Normal,Moderate,Female
6PM-12AM,Full Control,FALSE,Straight-Level,Weekend,TRUE,Dark - No Street Lights,Single Vehicle,FALSE,Clear,Over 10000,Six,Very Wide,Unk,Unk,Unk,Unk,One,Unk ,Unk,25-34,Normal,Severe,Male
6PM-12AM,No Control,FALSE,Straight-Level,Weekday,FALSE,Dark - No Street Lights,Single Vehicle,FALSE,Clear,Unk,No Info.,Unk,15-24,Normal,Not Distracted,Male,One,1991-2000,No Violations,55-64,Inattentive/Distracted,Complaint,Male
6AM-12PM,No Control,FALSE,Straight-Level,Weekend,TRUE,Daylight,Single Vehicle,FALSE,Clear,5001-10000,Two,Wide,Unk,Unk,Unk,Unk,One,Unk ,Unk,55-64,Normal,Complaint,Male
6PM-12AM,No Control,FALSE,Straight-Level,Weekday,FALSE,Dark - No Street Lights,Single Vehicle,FALSE,Clear,5001-10000,Four,Very Wide,45-54,Normal,Not Distracted,Male,Two,2001-2010,No Violations,75-Inf,Inattentive/Distracted,Moderate,Male
6PM-12AM,Full Control,TRUE,Straight-Level,Weekend,FALSE,Dark - No Street Lights,Unk,FALSE,Clear,Over 10000,Four,Very Wide,25-34,Impaired,Not Distracted,Male,One,2001-2010,Unk,15-24,Inattentive/Distracted,Severe,Male
6PM-12AM,Full Control,TRUE,Straight-Level,Weekend,FALSE,Dark - No Street Lights,Unk,FALSE,Clear,Over 10000,Four,Very Wide,25-34,Impaired,Not Distracted,Male,One,2001-2010,Unk,25-34,Inattentive/Distracted,Fatal,Male
6PM-12AM,No Control,FALSE,Straight-Level,Weekend,FALSE,Dark - Street Light,Single Vehicle,FALSE,Clear,Over 10000,Four,Very Wide,15-24,Normal,Not Distracted,Male,Two,1991-2000,No Violations,35-44,Inattentive/Distracted,Moderate,Male
6PM-12AM,No Control,FALSE,Straight-Level,Weekday,FALSE,Dark - No Street Lights,Single Vehicle,FALSE,Clear,Over 10000,Four,Very Wide,45-54,Normal,Not Distracted,Male,Five or more,1990 and Before,No Violations,65-74,Unk,Moderate,Male
12PM-6PM,Full Control,FALSE,Straight-Level,Weekday,FALSE,Daylight,Unk,FALSE,Clear,Over 10000,Four,Very Wide,45-54,Normal,Not Distracted,Male,One,1990 and Before,No Violations,35-44,Unk,Moderate,Male
12PM-6PM,No Control,FALSE,Straight-Level,Weekday,FALSE,Daylight,Single Vehicle,TRUE,Clear,2001-5000,Two,Narrow,15-24,Normal,Not Distracted,Female,Three,2001-2010,No Violations,15-24,Inattentive/Distracted,Moderate,Male
6PM-12AM,No Control,TRUE,Straight-Level,Weekend,FALSE,"Dusk, Dawn",Single Vehicle,FALSE,Clear,Unk,No Info.,Unk,25-34,Impaired,Inside Vehi.,Male,Two,2001-2010,No Violations,35-44,Impaired,Complaint,Male
6PM-12AM,No Control,FALSE,Straight-Level,Weekday,FALSE,Dark - No Street Lights,Sideswipe,FALSE,Abnormal,5001-10000,Two,Wide,25-34,Normal,Not Distracted,Male,One,2001-2010,No Violations,45-54,Impaired,Moderate,Male
12PM-6PM,No Control,FALSE,Straight-Level,Weekday,FALSE,Daylight,Single Vehicle,FALSE,Clear,Over 10000,Two,Wide,35-44,Normal,Outside Vehicle,Male,One,1991-2000,No Violations,35-44,Inattentive/Distracted,Complaint,Male
6PM-12AM,No Control,FALSE,Straight-Level,Weekday,FALSE,Daylight,Single Vehicle,FALSE,Clear,5001-10000,Two,Wide,45-54,Normal,Not Distracted,Female,Two,2001-2010,No Violations,Unk,Inattentive/Distracted,Moderate,Female
12AM-6AM,No Control,FALSE,Straight-Level,Weekend,FALSE,Dark - No Street Lights,Single Vehicle,FALSE,Clear,5001-10000,Two,Narrow,75-Inf,Normal,Not Distracted,Female,Two,2001-2010,No Violations,25-34,Unk,Fatal,Female
6PM-12AM,No Control,TRUE,Straight-Level,Weekday,FALSE,Dark - No Street Lights,Single Vehicle,FALSE,Clear,Over 10000,Four,Very Wide,15-24,Normal,Not Distracted,Female,One,2001-2010,No Violations,35-44,Unk,Fatal,Female
6PM-12AM,No Control,TRUE,Straight-Level,Weekend,FALSE,Dark - No Street Lights,Single Vehicle,FALSE,Clear,2001-5000,Two,Narrow,25-34,Impaired,Unk,Male,One,1991-2000,Driving Left Of Center,45-54,Impaired,Moderate,Male
6AM-12PM,Full Control,FALSE,Straight-Level,Weekend,FALSE,Daylight,Sideswipe,FALSE,Clear,Over 10000,Eight,Very Wide,25-34,Inattentive/Distracted,Not Distracted,Male,One,2001-2010,Careless Operation,25-34,Normal,Moderate,Male
6PM-12AM,Full Control,FALSE,Straight-Level,Weekday,FALSE,Dark - No Street Lights,Right Angle,FALSE,Clear,Over 10000,Four,Very Wide,25-34,Normal,Outside Vehicle,Male,Two,1990 and Before,No Violations,15-24,Unk,Fatal,Female
6PM-12AM,No Control,TRUE,On Grade,Weekend,FALSE,Dark - No Street Lights,Single Vehicle,FALSE,Abnormal,5001-10000,Four,Very Wide,45-54,Normal,Not Distracted,Female,One,2001-2010,No Violations,25-34,Impaired,Fatal,Female
12PM-6PM,No Control,FALSE,Straight-Level,Weekend,TRUE,Daylight,Single Vehicle,FALSE,Clear,5001-10000,Two,Wide,Unk,Inattentive/Distracted,Unk,Unk,One,Unk ,Unk,15-24,Inattentive/Distracted,Complaint,Male
6PM-12AM,No Control,FALSE,Straight-Level,Weekday,FALSE,Dark - No Street Lights,Single Vehicle,FALSE,Abnormal,5001-10000,Two,Narrow,15-24,Inattentive/Distracted,Not Distracted,Male,One,1991-2000,Careless Operation,45-54,Normal,Complaint,Male
6PM-12AM,No Control,FALSE,Straight-Level,Weekday,FALSE,Dark - No Street Lights,Single Vehicle,FALSE,Abnormal,5001-10000,Two,Narrow,15-24,Inattentive/Distracted,Not Distracted,Male,One,1991-2000,Careless Operation,55-64,Normal,Complaint,Male
6PM-12AM,No Control,TRUE,Straight-Level,Weekend,TRUE,Dark - Street Light,Single Vehicle,FALSE,Clear,Over 10000,Two,Wide,35-44,Unk,Inside Vehi.,Male,One,1991-2000,Unk,35-44,Unk,Fatal,Female
12AM-6AM,No Control,TRUE,On Grade,Weekend,FALSE,Dark - No Street Lights,Single Vehicle,FALSE,Clear,0-1000,Two,Narrow,15-24,Normal,Not Distracted,Male,One,1991-2000,No Violations,15-24,Impaired,Moderate,Male
12AM-6AM,No Control,FALSE,Straight-Level,Weekend,TRUE,Dark - No Street Lights,Single Vehicle,FALSE,Clear,Unk,No Info.,Unk,Unk,Unk,Unk,Unk,One,Unk ,Unk,45-54,Inattentive/Distracted,Complaint,Male
6PM-12AM,No Control,FALSE,Straight-Level,Weekday,FALSE,Dark - No Street Lights,Single Vehicle,FALSE,Abnormal,2001-5000,Two,Wide,25-34,Normal,Not Distracted,Female,Two,2001-2010,No Violations,35-44,Impaired,Complaint,Male
12AM-6AM,No Control,TRUE,Straight-Level,Weekday,FALSE,Dark - No Street Lights,Single Vehicle,FALSE,Clear,5001-10000,Two,Wide,15-24,"Sleep, Fatigue",Not Distracted,Male,One,1991-2000,Unk,45-54,Impaired,Complaint,Female
12AM-6AM,No Control,TRUE,Straight-Level,Weekday,FALSE,Dark - No Street Lights,Single Vehicle,FALSE,Clear,5001-10000,Two,Wide,15-24,"Sleep, Fatigue",Not Distracted,Male,One,1991-2000,Unk,45-54,Impaired,Complaint,Male
6PM-12AM,No Control,FALSE,Straight-Level,Weekend,FALSE,Dark - No Street Lights,Single Vehicle,FALSE,Clear,2001-5000,Two,Narrow,55-64,Normal,Not Distracted,Male,One,1991-2000,No Violations,15-24,Inattentive/Distracted,Complaint,Female
6AM-12PM,Full Control,FALSE,Straight-Level,Weekday,FALSE,Daylight,Single Vehicle,FALSE,Clear,Over 10000,Six,Very Wide,15-24,Normal,Not Distracted,Female,One,2001-2010,No Violations,45-54,Inattentive/Distracted,Moderate,Female
12AM-6AM,No Control,FALSE,Straight-Level,Weekday,FALSE,Dark - No Street Lights,Sideswipe,FALSE,Clear,2001-5000,Two,Wide,Unk,Unk,Not Distracted,Unk,One,1990 and Before,Unk,15-24,Normal,No Injury,Female
12AM-6AM,No Control,FALSE,Straight-Level,Weekday,FALSE,Dark - No Street Lights,Sideswipe,FALSE,Clear,2001-5000,Two,Wide,Unk,Unk,Not Distracted,Unk,One,1990 and Before,Unk,35-44,Normal,Complaint,Male
12AM-6AM,No Control,FALSE,Straight-Level,Weekday,FALSE,Dark - No Street Lights,Sideswipe,FALSE,Clear,2001-5000,Two,Wide,Unk,Unk,Not Distracted,Unk,One,1990 and Before,Unk,15-24,Normal,No Injury,Male
6AM-12PM,No Control,FALSE,Straight-Level,Weekday,FALSE,Daylight,Right Angle,TRUE,Clear,2001-5000,Two,Wide,65-74,Inattentive/Distracted,Not Distracted,Male,One,2001-2010,Careless Operation,25-34,Normal,Complaint,Male
12AM-6AM,No Control,TRUE,Straight-Level,Weekend,FALSE,Dark - No Street Lights,Single Vehicle,FALSE,Clear,Over 10000,Four,Very Wide,15-24,Normal,Not Distracted,Male,Two,2001-2010,No Violations,15-24,Impaired,Complaint,Male
6PM-12AM,No Control,FALSE,Straight-Level,Weekend,TRUE,Dark - Street Light,Single Vehicle,FALSE,Clear,Over 10000,Six,Very Wide,Unk,Unk,Unk,Unk,One,Unk ,Careless Operation,15-24,Normal,Complaint,Female
12AM-6AM,No Control,FALSE,Straight-Level,Weekday,FALSE,Dark - Street Light,Single Vehicle,FALSE,Clear,5001-10000,Two,Wide,75-Inf,Normal,Not Distracted,Male,One,1991-2000,No Violations,15-24,Inattentive/Distracted,Severe,Male
12AM-6AM,No Control,FALSE,Straight-Level,Weekend,TRUE,Dark - No Street Lights,Unk,FALSE,Clear,5001-10000,Two,Wide,Unk,Unk,Unk,Unk,One,Unk ,Unk,15-24,Impaired,Complaint,Male
6PM-12AM,No Control,FALSE,Straight-Level,Weekend,FALSE,"Dusk, Dawn",Head-On,FALSE,Clear,2001-5000,Two,Wide,15-24,Normal,Not Distracted,Male,Three,2001-2010,No Violations,45-54,Inattentive/Distracted,No Injury,Male
12AM-6AM,No Control,TRUE,Straight-Level,Weekday,FALSE,Dark - Street Light,Single Vehicle,FALSE,Abnormal,Over 10000,Two,Wide,25-34,Normal,Not Distracted,Male,One,1991-2000,No Violations,45-54,Impaired,Complaint,Male
6PM-12AM,No Control,TRUE,Straight-Level,Weekend,TRUE,Dark - No Street Lights,Single Vehicle,FALSE,Clear,2001-5000,Four,Very Wide,Unk,Unk,Unk,Unk,One,Unk ,Unk,45-54,Impaired,Moderate,Female
6PM-12AM,No Control,FALSE,Straight-Level,Weekend,FALSE,Dark - No Street Lights,Single Vehicle,FALSE,Clear,Over 10000,Four,Very Wide,15-24,Normal,Not Distracted,Female,One,2001-2010,No Violations,55-64,Inattentive/Distracted,Moderate,Male
6PM-12AM,No Control,FALSE,Straight-Level,Weekend,FALSE,Dark - No Street Lights,Single Vehicle,FALSE,Clear,Over 10000,Four,Very Wide,25-34,Normal,Not Distracted,Male,Five or more,2001-2010,No Violations,25-34,Inattentive/Distracted,Moderate,Male
12AM-6AM,No Control,TRUE,Straight-Level,Weekend,FALSE,Dark - No Street Lights,Single Vehicle,FALSE,Abnormal,0-1000,Two,Narrow,15-24,Normal,Not Distracted,Male,One,2001-2010,Exceeding Stated Speed Limit,25-34,Impaired,Fatal,Male
6PM-12AM,No Control,FALSE,Straight-Level,Weekend,FALSE,Dark - Street Light,Rear End,FALSE,Clear,Over 10000,Four,Very Wide,25-34,Inattentive/Distracted,Not Distracted,Male,One,2001-2010,Careless Operation,15-24,Normal,Moderate,Female
6PM-12AM,No Control,FALSE,Straight-Level,Weekend,FALSE,Dark - Street Light,Rear End,FALSE,Clear,Over 10000,Four,Very Wide,25-34,Inattentive/Distracted,Not Distracted,Male,One,2001-2010,Careless Operation,15-24,Normal,Moderate,Male
12PM-6PM,No Control,FALSE,Straight-Level,Weekend,FALSE,Daylight,Single Vehicle,FALSE,Clear,Over 10000,Four,Very Wide,25-34,Unk,Not Distracted,Male,One,2001-2010,Careless Operation,75-Inf,Normal,Moderate,Male
12AM-6AM,No Control,FALSE,Straight-Level,Weekday,FALSE,Dark - Street Light,Single Vehicle,FALSE,Clear,Over 10000,Four,Very Wide,45-54,Normal,Not Distracted,Male,One,1991-2000,No Violations,55-64,Unk,Severe,Female
12AM-6AM,Full Control,TRUE,Straight-Level,Weekend,FALSE,Dark - No Street Lights,Single Vehicle,FALSE,Clear,Over 10000,Four,Very Wide,25-34,Impaired,Not Distracted,Female,Three,2001-2010,Careless Operation,35-44,Impaired,Complaint,Male
12AM-6AM,No Control,FALSE,Straight-Level,Weekday,FALSE,"Dusk, Dawn",Single Vehicle,TRUE,Clear,Over 10000,Six,Very Wide,35-44,Normal,Not Distracted,Male,Two,2001-2010,No Violations,35-44,Unk,Fatal,Male
6PM-12AM,Full Control,FALSE,Straight-Level,Weekday,FALSE,Dark - No Street Lights,Single Vehicle,FALSE,Clear,Over 10000,Four,Very Wide,15-24,Normal,Not Distracted,Female,One,2001-2010,No Violations,25-34,Inattentive/Distracted,Moderate,Male