Hour,Access,Alcohol,Align,Day,Hit,Light,Collision,Interection,Weather,ADT,Num Lanes,Pav Width,Dr Age,Dr Cond.,Dr Distract,Dr Gender,Num Occ,Veh Year,Violations,Ped Age,Ped Cond.,Ped Inj.,Ped Gender
12PM-6PM,No Control,FALSE,Straight-Level,Weekend,FALSE,Daylight,Single Vehicle,FALSE,Clear,Unk,No Info.,Unk,15-24,Unk,Unk,Male,One,1991-2000,Careless Operation,45-54,Unk,Moderate,Male
12PM-6PM,No Control,FALSE,Straight-Level,Weekend,FALSE,Daylight,Single Vehicle,FALSE,Clear,Unk,No Info.,Unk,15-24,Unk,Unk,Male,One,1991-2000,Careless Operation,25-34,Unk,Moderate,Male
12PM-6PM,Unk,FALSE,Straight-Level,Weekend,FALSE,Daylight,Single Vehicle,FALSE,Clear,Unk,No Info.,Unk,35-44,Normal,Not Distracted,Female,Three,2001-2010,Unk,Unk,Normal,No Injury,Unk
6AM-12PM,No Control,FALSE,Straight-Level,Weekday,FALSE,Daylight,Left Turn,TRUE,Clear,Unk,No Info.,Unk,35-44,Normal,Not Distracted,Female,One,2001-2010,Failure To Yield,25-34,Normal,Complaint,Female
6PM-12AM,No Control,FALSE,Straight-Level,Weekday,TRUE,Unk,Unk,TRUE,Unk,Unk,No Info.,Unk,Unk,Unk,Unk,Unk,One,Unk ,Careless Operation,25-34,Unk,Moderate,Male
12AM-6AM,Unk,FALSE,Straight-Level,Weekday,TRUE,Unk,Unk,FALSE,Clear,Unk,No Info.,Unk,Unk,Unk,Unk,Female,One,Unk ,Careless Operation,15-24,Normal,Moderate,Female
12PM-6PM,No Control,FALSE,Straight-Level,Weekday,FALSE,Daylight,Head-On,TRUE,Clear,Unk,No Info.,Unk,25-34,Normal,Not Distracted,Male,One,2001-2010,Unk,35-44,Normal,Complaint,Female
12PM-6PM,No Control,FALSE,Straight-Level,Weekday,FALSE,Daylight,Head-On,TRUE,Clear,Unk,No Info.,Unk,25-34,Normal,Not Distracted,Male,One,2001-2010,Unk,25-34,Normal,Moderate,Female
12PM-6PM,No Control,FALSE,Straight-Level,Weekend,FALSE,Daylight,Single Vehicle,FALSE,Clear,Unk,No Info.,Unk,15-24,Normal,Not Distracted,Male,Two,2001-2010,Unk,Unk,Unk,No Injury,Unk
12PM-6PM,No Control,FALSE,Straight-Level,Weekend,FALSE,Daylight,Single Vehicle,FALSE,Clear,Unk,No Info.,Unk,25-34,Normal,Not Distracted,Female,One,2001-2010,No Violations,Unk,Inattentive/Distracted,Complaint,Male
6AM-12PM,No Control,FALSE,Straight-Level,Weekday,FALSE,Daylight,Unk,FALSE,Clear,Unk,No Info.,Unk,25-34,Normal,Not Distracted,Female,One,2001-2010,Unk,15-24,Inattentive/Distracted,Complaint,Male
12PM-6PM,No Control,FALSE,Straight-Level,Weekday,TRUE,Daylight,Single Vehicle,FALSE,Clear,Unk,No Info.,Unk,Unk,Unk,Unk,Unk,One,Unk ,Unk,15-24,Normal,Moderate,Female
6PM-12AM,No Control,TRUE,Straight-Level,Weekend,TRUE,Dark - Street Light,Unk,FALSE,Clear,Unk,No Info.,Unk,65-74,Impaired,Unk,Male,Two,1991-2000,Careless Operation,65-74,Normal,No Injury,Female
12PM-6PM,No Control,FALSE,Straight-Level,Weekend,FALSE,Daylight,Right Angle,FALSE,Clear,Unk,No Info.,Unk,55-64,Normal,Not Distracted,Male,One,2001-2010,No Violations,25-34,Unk,Complaint,Male
12PM-6PM,No Control,FALSE,Straight-Level,Weekday,TRUE,Daylight,Unk,FALSE,Clear,Unk,No Info.,Unk,Unk,Unk,Unk,Unk,One,2001-2010,Failure To Yield,35-44,Unk,Complaint,Male
6AM-12PM,Partial Control,TRUE,Straight-Level,Weekend,TRUE,Daylight,Unk,TRUE,Clear,Unk,No Info.,Unk,Unk,Unk,Unk,Unk,One,Unk ,Careless Operation,25-34,Impaired,Complaint,Male
6AM-12PM,No Control,FALSE,Straight-Level,Weekend,FALSE,Dark - Street Light,Unk,TRUE,Clear,Unk,No Info.,Unk,15-24,Normal,Not Distracted,Male,One,2001-2010,Failure To Yield,45-54,Normal,Moderate,Male
12PM-6PM,Partial Control,FALSE,Straight-Level,Weekend,FALSE,Daylight,Single Vehicle,FALSE,Clear,Unk,No Info.,Unk,55-64,Normal,Not Distracted,Male,Two,2001-2010,No Violations,Unk,Unk,No Injury,Male
12PM-6PM,No Control,FALSE,Straight-Level,Weekday,FALSE,Daylight,Single Vehicle,TRUE,Clear,Unk,No Info.,Unk,25-34,Normal,Not Distracted,Male,One,2001-2010,No Violations,25-34,Normal,Moderate,Male
6PM-12AM,Partial Control,FALSE,Straight-Level,Weekday,FALSE,Daylight,Sideswipe,FALSE,Clear,Unk,No Info.,Unk,25-34,Normal,Not Distracted,Male,One,2001-2010,No Violations,Unk,Inattentive/Distracted,Moderate,Female
12AM-6AM,No Control,FALSE,Straight-Level,Weekday,FALSE,Daylight,Unk,FALSE,Abnormal,Unk,No Info.,Unk,75-Inf,Inattentive/Distracted,Not Distracted,Female,One,2001-2010,No Violations,Unk,Inattentive/Distracted,No Injury,Unk
6PM-12AM,Partial Control,FALSE,Straight-Level,Weekend,FALSE,Dark - Street Light,Right Angle,TRUE,Clear,Over 10000,Six,Very Wide,25-34,Normal,Not Distracted,Female,One,2001-2010,No Violations,Unk,Inattentive/Distracted,Moderate,Male
12PM-6PM,No Control,FALSE,Straight-Level,Weekend,FALSE,Daylight,Unk,FALSE,Clear,Unk,No Info.,Unk,15-24,Normal,Not Distracted,Male,One,2001-2010,No Violations,35-44,Impaired,Moderate,Male
6PM-12AM,Partial Control,FALSE,Straight-Level,Weekend,FALSE,Dark - No Street Lights,Unk,FALSE,Clear,Over 10000,Six,Very Wide,25-34,Normal,Unk,Male,One,2001-2010,No Violations,15-24,Unk,Severe,Male
6AM-12PM,No Control,FALSE,Straight-Level,Weekday,TRUE,Daylight,Right Angle,FALSE,Clear,Unk,No Info.,Unk,Unk,Unk,Unk,Unk,One,Unk ,Unk,15-24,Unk,Complaint,Male
12PM-6PM,No Control,FALSE,Straight-Level,Weekday,FALSE,Daylight,Unk,FALSE,Clear,Unk,No Info.,Unk,45-54,Normal,Not Distracted,Male,One,2001-2010,Failure To Yield,55-64,Normal,Moderate,Female
6AM-12PM,Partial Control,FALSE,Straight-Level,Weekday,FALSE,Daylight,Right Angle,TRUE,Clear,Unk,No Info.,Unk,35-44,Normal,Unk,Male,One,2001-2010,Failure To Yield,Unk,Normal,No Injury,Unk
12PM-6PM,No Control,FALSE,Straight-Level,Weekend,FALSE,Daylight,Right Turn,TRUE,Clear,Unk,No Info.,Unk,35-44,Inattentive/Distracted,Not Distracted,Male,Two,2001-2010,Failure To Yield,Unk,Normal,No Injury,Unk
12AM-6AM,Partial Control,FALSE,Straight-Level,Weekday,FALSE,Dark - Street Light,Unk,FALSE,Clear,Unk,No Info.,Unk,15-24,Normal,Not Distracted,Female,One,2001-2010,No Violations,25-34,Unk,Complaint,Female
12AM-6AM,Unk,FALSE,Straight-Level,Weekday,FALSE,Unk,Single Vehicle,FALSE,Clear,Unk,No Info.,Unk,25-34,Normal,Not Distracted,Male,Two,2001-2010,No Violations,55-64,Unk,Severe,Male
12AM-6AM,Unk,FALSE,Straight-Level,Weekday,FALSE,Unk,Single Vehicle,FALSE,Clear,Unk,No Info.,Unk,25-34,Normal,Not Distracted,Male,Two,2001-2010,No Violations,45-54,Unk,Severe,Female
12AM-6AM,No Control,FALSE,Straight-Level,Weekday,TRUE,Unk,Sideswipe,FALSE,Unk,Unk,No Info.,Unk,Unk,Unk,Unk,Female,One,2001-2010,Unk,25-34,Normal,Complaint,Female
12PM-6PM,Partial Control,FALSE,Straight-Level,Weekend,FALSE,Daylight,Right Angle,FALSE,Abnormal,Unk,No Info.,Unk,45-54,Normal,Not Distracted,Male,One,2001-2010,No Violations,55-64,Unk,No Injury,Male
6PM-12AM,No Control,FALSE,Straight-Level,Weekend,TRUE,Dark - Street Light,Single Vehicle,TRUE,Clear,Unk,No Info.,Unk,Unk,Unk,Unk,Female,One,Unk ,Unk,Unk,Normal,Complaint,Male
6PM-12AM,No Control,FALSE,Straight-Level,Weekend,TRUE,Dark - Street Light,Single Vehicle,TRUE,Clear,Unk,No Info.,Unk,Unk,Unk,Unk,Female,One,Unk ,Unk,35-44,Normal,Complaint,Female
6AM-12PM,No Control,FALSE,Straight-Level,Weekday,FALSE,Daylight,Unk,TRUE,Abnormal,Unk,No Info.,Unk,15-24,Normal,Unk,Female,One,2001-2010,Unk,Unk,Normal,No Injury,Unk
12PM-6PM,Partial Control,FALSE,Straight-Level,Weekday,FALSE,Daylight,Unk,TRUE,Abnormal,Unk,No Info.,Unk,65-74,Inattentive/Distracted,Not Distracted,Male,Two,2001-2010,Other Improper Turning,65-74,Normal,Complaint,Male
6AM-12PM,No Control,FALSE,Straight-Level,Weekday,FALSE,Daylight,Right Angle,TRUE,Clear,Unk,No Info.,Unk,65-74,Normal,Not Distracted,Male,One,1991-2000,No Violations,45-54,Inattentive/Distracted,Complaint,Male
12AM-6AM,Partial Control,FALSE,Straight-Level,Weekday,TRUE,Dark - Street Light,Unk,FALSE,Clear,Unk,No Info.,Unk,Unk,Unk,Unk,Unk,One,Unk ,Unk,35-44,Unk,Severe,Female
12AM-6AM,Partial Control,FALSE,Straight-Level,Weekday,TRUE,Dark - Street Light,Unk,FALSE,Clear,Unk,No Info.,Unk,Unk,Unk,Unk,Unk,One,Unk ,Unk,45-54,Unk,Severe,Male
6AM-12PM,No Control,FALSE,Straight-Level,Weekday,FALSE,Daylight,Unk,FALSE,Clear,Unk,No Info.,Unk,45-54,Normal,Not Distracted,Male,One,1991-2000,Unk,Unk,Inattentive/Distracted,Severe,Male
12AM-6AM,No Control,FALSE,Straight-Level,Weekend,FALSE,Dark - Street Light,Single Vehicle,TRUE,Abnormal,Unk,No Info.,Unk,35-44,Normal,Not Distracted,Male,Two,2001-2010,No Violations,55-64,Unk,Moderate,Female
6AM-12PM,No Control,FALSE,Straight-Level,Weekend,FALSE,Daylight,Unk,FALSE,Clear,Unk,No Info.,Unk,45-54,Normal,Not Distracted,Male,One,2001-2010,Unk,Unk,Unk,No Injury,Unk
12PM-6PM,Partial Control,FALSE,Straight-Level,Weekday,FALSE,Daylight,Right Angle,TRUE,Clear,Unk,No Info.,Unk,15-24,Normal,Not Distracted,Female,One,2001-2010,No Violations,Unk,Normal,Moderate,Female
6PM-12AM,No Control,TRUE,Straight-Level,Weekend,FALSE,Dark - Street Light,Head-On,FALSE,Clear,Unk,No Info.,Unk,45-54,Unk,Unk,Male,One,Unk ,Unk,45-54,Impaired,Moderate,Male
6AM-12PM,No Control,FALSE,Straight-Level,Weekend,FALSE,Daylight,Single Vehicle,FALSE,Clear,Unk,No Info.,Unk,55-64,Normal,Not Distracted,Female,One,2001-2010,No Violations,Unk,Unk,No Injury,Unk
12PM-6PM,No Control,FALSE,Straight-Level,Weekday,FALSE,Daylight,Sideswipe,TRUE,Abnormal,Unk,No Info.,Unk,15-24,Normal,Not Distracted,Male,One,2001-2010,No Violations,Unk,Unk,No Injury,Female
12AM-6AM,No Control,TRUE,Straight-Level,Weekday,TRUE,"Dusk, Dawn",Unk,FALSE,Clear,Unk,No Info.,Unk,Unk,Unk,Unk,Unk,One,Unk ,Unk,Unk,Impaired,No Injury,Unk
12PM-6PM,No Control,FALSE,Straight-Level,Weekend,TRUE,Daylight,Right Angle,TRUE,Clear,Unk,No Info.,Unk,Unk,Unk,Unk,Male,One,2001-2010,Unk,Unk,Unk,No Injury,Male
12AM-6AM,No Control,FALSE,Straight-Level,Weekend,TRUE,Daylight,Single Vehicle,FALSE,Clear,Unk,No Info.,Unk,Unk,Unk,Unk,Unk,One,Unk ,Unk,35-44,Unk,No Injury,Male
12AM-6AM,No Control,TRUE,Straight-Level,Weekday,FALSE,Dark - Street Light,Unk,TRUE,Clear,Unk,No Info.,Unk,45-54,Normal,Unk,Male,One,2001-2010,Unk,45-54,Unk,Complaint,Male
12PM-6PM,No Control,FALSE,Straight-Level,Weekend,FALSE,Daylight,Single Vehicle,FALSE,Clear,Unk,No Info.,Unk,55-64,Normal,Unk,Male,One,2001-2010,No Violations,35-44,Normal,Complaint,Male
6PM-12AM,No Control,FALSE,Straight-Level,Weekend,FALSE,Dark - Street Light,Single Vehicle,TRUE,Clear,Unk,No Info.,Unk,25-34,Normal,Unk,Male,One,2001-2010,Failure To Yield,Unk,Unk,No Injury,Female
6PM-12AM,No Control,FALSE,Straight-Level,Weekend,TRUE,Dark - Street Light,Single Vehicle,FALSE,Clear,Unk,No Info.,Unk,25-34,Inattentive/Distracted,Unk,Male,One,2001-2010,Careless Operation,25-34,Unk,Complaint,Female
6PM-12AM,No Control,FALSE,Straight-Level,Weekend,TRUE,Dark - Street Light,Single Vehicle,FALSE,Clear,Unk,No Info.,Unk,25-34,Inattentive/Distracted,Unk,Male,One,2001-2010,Careless Operation,35-44,Unk,Complaint,Male
6PM-12AM,No Control,FALSE,Straight-Level,Weekday,FALSE,Dark - No Street Lights,Unk,FALSE,Clear,Unk,No Info.,Unk,Unk,Unk,Unk,Unk,One,1991-2000,Unk,55-64,Normal,Complaint,Male
12PM-6PM,No Control,FALSE,Straight-Level,Weekday,FALSE,Daylight,Single Vehicle,TRUE,Clear,Unk,No Info.,Unk,55-64,Normal,Not Distracted,Male,One,2001-2010,No Violations,55-64,Unk,Moderate,Male
12PM-6PM,No Control,FALSE,Straight-Level,Weekday,FALSE,Daylight,Sideswipe,TRUE,Clear,Unk,No Info.,Unk,15-24,Normal,Not Distracted,Female,One,1991-2000,No Violations,55-64,Normal,Moderate,Male
6AM-12PM,No Control,FALSE,Straight-Level,Weekend,FALSE,Daylight,Unk,TRUE,Clear,Unk,No Info.,Unk,55-64,Normal,Not Distracted,Male,One,2001-2010,Failure To Yield,45-54,Normal,Complaint,Female
6AM-12PM,No Control,FALSE,Straight-Level,Weekday,FALSE,Daylight,Single Vehicle,FALSE,Clear,Unk,No Info.,Unk,25-34,Normal,Not Distracted,Male,One,2001-2010,No Violations,45-54,Inattentive/Distracted,Moderate,Male
12PM-6PM,Partial Control,FALSE,Curve-Level,Weekday,FALSE,Daylight,Left Turn,FALSE,Clear,Unk,No Info.,Unk,65-74,Inattentive/Distracted,Unk,Male,One,1991-2000,Failure To Yield,45-54,Inattentive/Distracted,Complaint,Male
6PM-12AM,No Control,FALSE,Straight-Level,Weekend,FALSE,Dark - Street Light,Sideswipe,TRUE,Clear,Unk,No Info.,Unk,45-54,Normal,Not Distracted,Female,One,2001-2010,Unk,45-54,Normal,Complaint,Male
12PM-6PM,No Control,FALSE,Straight-Level,Weekday,TRUE,Daylight,Single Vehicle,TRUE,Clear,Unk,No Info.,Unk,Unk,Unk,Unk,Unk,One,2001-2010,Failure To Yield,55-64,Normal,Complaint,Male
12PM-6PM,No Control,FALSE,Straight-Level,Weekday,TRUE,Daylight,Single Vehicle,FALSE,Clear,Unk,No Info.,Unk,Unk,Unk,Unk,Unk,One,Unk ,Unk,25-34,Illness,Complaint,Female
12PM-6PM,No Control,FALSE,Straight-Level,Weekday,FALSE,Daylight,Unk,FALSE,Clear,Unk,No Info.,Unk,25-34,Unk,Unk,Female,Four,2001-2010,No Violations,55-64,Normal,Complaint,Male
6AM-12PM,Partial Control,FALSE,Straight-Level,Weekday,FALSE,Daylight,Single Vehicle,TRUE,Clear,Over 10000,Four,Very Wide,35-44,Normal,Not Distracted,Female,One,2001-2010,No Violations,45-54,Unk,Complaint,Male
12PM-6PM,No Control,FALSE,Straight-Level,Weekday,FALSE,Daylight,Single Vehicle,FALSE,Clear,Unk,No Info.,Unk,25-34,Normal,Not Distracted,Female,Two,2001-2010,No Violations,Unk,Normal,Complaint,Male
6AM-12PM,No Control,FALSE,Straight-Level,Weekday,FALSE,Daylight,Head-On,FALSE,Clear,Unk,No Info.,Unk,75-Inf,Normal,Not Distracted,Female,One,1991-2000,Careless Operation,25-34,Normal,Complaint,Male
6PM-12AM,No Control,FALSE,Straight-Level,Weekend,FALSE,Daylight,Single Vehicle,FALSE,Clear,Over 10000,Four,Very Wide,55-64,Normal,Not Distracted,Male,One,1991-2000,No Violations,55-64,Impaired,Severe,Male
6PM-12AM,No Control,FALSE,Straight-Level,Weekday,FALSE,Dark - No Street Lights,Single Vehicle,FALSE,Clear,Over 10000,Four,Very Wide,15-24,Normal,Not Distracted,Female,Two,1991-2000,No Violations,45-54,Unk,Fatal,Male
12PM-6PM,Unk,FALSE,Straight-Level,Weekday,FALSE,Daylight,Unk,FALSE,Clear,Unk,No Info.,Unk,55-64,Inattentive/Distracted,Not Distracted,Male,One,1991-2000,Careless Operation,75-Inf,Normal,Moderate,Female
6AM-12PM,No Control,FALSE,Straight-Level,Weekday,FALSE,Daylight,Rear End,TRUE,Abnormal,Unk,No Info.,Unk,35-44,Normal,Not Distracted,Female,One,2001-2010,Improper Backing,Unk,Normal,No Injury,Unk
12AM-6AM,Full Control,FALSE,Hillcrest,Weekday,FALSE,Dark - No Street Lights,Single Vehicle,FALSE,Clear,Over 10000,Four,Very Wide,15-24,Inattentive/Distracted,Outside Vehicle,Male,Two,1991-2000,Improper Parking,35-44,Inattentive/Distracted,Fatal,Female
6PM-12AM,Partial Control,FALSE,Straight-Level,Weekday,FALSE,Dark - Street Light,Unk,TRUE,Clear,Unk,No Info.,Unk,25-34,Normal,Not Distracted,Female,One,2001-2010,No Violations,15-24,Unk,Moderate,Male
12PM-6PM,No Control,TRUE,Straight-Level,Weekday,FALSE,Dark - Street Light,Single Vehicle,TRUE,Clear,Unk,No Info.,Unk,45-54,Normal,Not Distracted,Male,One,2001-2010,No Violations,45-54,Unk,Fatal,Male
12PM-6PM,No Control,FALSE,Straight-Level,Weekday,FALSE,Daylight,Unk,TRUE,Clear,Unk,No Info.,Unk,25-34,Normal,Not Distracted,Female,One,2001-2010,No Violations,Unk,Unk,Moderate,Female
12PM-6PM,No Control,FALSE,Straight-Level,Weekday,FALSE,Daylight,Single Vehicle,TRUE,Clear,Unk,No Info.,Unk,45-54,Normal,Not Distracted,Male,One,2001-2010,No Violations,Unk,Inattentive/Distracted,Complaint,Male
6PM-12AM,No Control,FALSE,Straight-Level,Weekday,TRUE,Daylight,Unk,TRUE,Clear,Unk,No Info.,Unk,Unk,Unk,Unk,Unk,One,Unk ,Unk,Unk,Unk,No Injury,Unk
6PM-12AM,No Control,FALSE,Straight-Level,Weekend,TRUE,Daylight,Single Vehicle,TRUE,Clear,Unk,No Info.,Unk,Unk,Unk,Unk,Unk,One,1991-2000,Unk,35-44,Normal,Complaint,Female
12AM-6AM,No Control,FALSE,Straight-Level,Weekend,FALSE,Dark - Street Light,Single Vehicle,TRUE,Clear,Over 10000,Four,Very Wide,55-64,Normal,Not Distracted,Male,One,1991-2000,No Violations,75-Inf,Unk,Moderate,Male
12PM-6PM,No Control,FALSE,Straight-Level,Weekday,FALSE,Daylight,Unk,FALSE,Clear,Over 10000,Four,Very Wide,Unk,Unk,Unk,Unk,One,Unk ,Unk,55-64,Inattentive/Distracted,Moderate,Male
12PM-6PM,Unk,FALSE,Straight-Level,Weekday,TRUE,Unk,Unk,TRUE,Clear,Unk,No Info.,Unk,Unk,Other,Unk,Unk,One,Unk ,Unk,45-54,Unk,No Injury,Female
6PM-12AM,No Control,FALSE,Straight-Level,Weekend,FALSE,Dark - Street Light,Single Vehicle,TRUE,Clear,Unk,No Info.,Unk,25-34,Inattentive/Distracted,Unk,Male,Three,1991-2000,Driver Condition,25-34,Normal,Complaint,Male
12PM-6PM,No Control,FALSE,Straight-Level,Weekday,FALSE,Daylight,Left Turn,TRUE,Clear,Over 10000,Six,Very Wide,65-74,Normal,Unk,Male,One,1990 and Before,Failure To Yield,45-54,Normal,Complaint,Female
6AM-12PM,Unk,FALSE,Straight-Level,Weekend,TRUE,Daylight,Unk,TRUE,Abnormal,Over 10000,Four,Very Wide,Unk,Unk,Unk,Unk,One,Unk ,Failure To Yield,55-64,Unk,Complaint,Male
6PM-12AM,No Control,TRUE,Straight-Level,Weekday,FALSE,Dark - Street Light,Unk,FALSE,Abnormal,Unk,No Info.,Unk,25-34,Normal,Not Distracted,Female,One,2001-2010,No Violations,45-54,Inattentive/Distracted,No Injury,Female
12PM-6PM,No Control,FALSE,Straight-Level,Weekend,TRUE,Daylight,Sideswipe,TRUE,Clear,Unk,No Info.,Unk,65-74,Inattentive/Distracted,Unk,Male,One,1991-2000,Unk,Unk,Normal,No Injury,Unk
6PM-12AM,No Control,FALSE,Straight-Level,Weekend,FALSE,Dark - Street Light,Left Turn,TRUE,Clear,Unk,No Info.,Unk,45-54,Inattentive/Distracted,Cell Phone,Male,One,1991-2000,Failure To Yield,25-34,Normal,Complaint,Female
12PM-6PM,Partial Control,FALSE,Straight-Level,Weekday,FALSE,Daylight,Unk,TRUE,Abnormal,Unk,No Info.,Unk,25-34,Normal,Unk,Female,One,2001-2010,No Violations,Unk,Normal,Moderate,Male
12AM-6AM,No Control,FALSE,Straight-Level,Weekend,FALSE,Dark - Street Light,Single Vehicle,TRUE,Clear,Unk,No Info.,Unk,45-54,Inattentive/Distracted,Outside Vehicle,Male,One,1991-2000,No Violations,15-24,Unk,No Injury,Male
6PM-12AM,No Control,FALSE,Straight-Level,Weekend,FALSE,Unk,Sideswipe,FALSE,Clear,Unk,No Info.,Unk,15-24,Inattentive/Distracted,Outside Vehicle,Female,One,2001-2010,Careless Operation,Unk,Normal,No Injury,Unk
6AM-12PM,No Control,FALSE,On Grade,Weekday,FALSE,Dark - No Street Lights,Head-On,TRUE,Abnormal,Over 10000,Four,Very Wide,35-44,Normal,Not Distracted,Male,One,2001-2010,No Violations,15-24,Normal,Complaint,Female
12PM-6PM,No Control,FALSE,Straight-Level,Weekend,TRUE,Daylight,Single Vehicle,TRUE,Clear,Unk,No Info.,Unk,Unk,Inattentive/Distracted,Unk,Unk,One,Unk ,Failure To Yield,Unk,Normal,Moderate,Male
12PM-6PM,No Control,FALSE,Straight-Level,Weekend,FALSE,Daylight,Unk,TRUE,Clear,Unk,No Info.,Unk,25-34,Normal,Not Distracted,Female,One,1991-2000,No Violations,Unk,Unk,No Injury,Unk
12AM-6AM,No Control,FALSE,Straight-Level,Weekday,TRUE,Dark - Street Light,Unk,TRUE,Clear,Unk,No Info.,Unk,55-64,Inattentive/Distracted,Outside Vehicle,Male,One,1991-2000,Unk,Unk,Unk,No Injury,Unk
6AM-12PM,No Control,FALSE,Straight-Level,Weekday,FALSE,Daylight,Sideswipe,FALSE,Clear,Unk,No Info.,Unk,45-54,Normal,Not Distracted,Male,One,2001-2010,No Violations,15-24,Normal,Complaint,Male
12PM-6PM,No Control,FALSE,Straight-Level,Weekday,FALSE,Daylight,Unk,TRUE,Clear,Over 10000,Four,Very Wide,25-34,Normal,Not Distracted,Female,One,2001-2010,No Violations,15-24,Inattentive/Distracted,Moderate,Male
12PM-6PM,No Control,FALSE,Straight-Level,Weekend,TRUE,Daylight,Single Vehicle,FALSE,Clear,Unk,No Info.,Unk,15-24,Normal,Unk,Male,One,2001-2010,Unk,Unk,Unk,No Injury,Male
12AM-6AM,No Control,FALSE,Straight-Level,Weekend,TRUE,Dark - Street Light,Unk,TRUE,Clear,Over 10000,Four,Very Wide,Unk,Unk,Unk,Unk,One,Unk ,Unk,15-24,Unk,Moderate,Male
6PM-12AM,No Control,FALSE,Straight-Level,Weekday,FALSE,Dark - Street Light,Right Angle,FALSE,Clear,Unk,No Info.,Unk,25-34,Normal,Not Distracted,Female,One,2001-2010,Unk,Unk,Unk,Moderate,Female
12PM-6PM,No Control,FALSE,Straight-Level,Weekday,FALSE,Daylight,Single Vehicle,FALSE,Clear,Unk,No Info.,Unk,15-24,Normal,Not Distracted,Female,Four,1991-2000,No Violations,Unk,Normal,No Injury,Unk
6PM-12AM,No Control,FALSE,Straight-Level,Weekday,FALSE,Dark - Street Light,Unk,TRUE,Clear,Unk,No Info.,Unk,65-74,Normal,Not Distracted,Female,One,2001-2010,No Violations,15-24,Normal,Complaint,Female
6PM-12AM,No Control,TRUE,Straight-Level,Weekday,FALSE,Dark - Street Light,Unk,TRUE,Clear,Over 10000,Four,Very Wide,25-34,Normal,Not Distracted,Female,One,1991-2000,No Violations,55-64,Inattentive/Distracted,No Injury,Male
6PM-12AM,No Control,FALSE,Straight-Level,Weekend,FALSE,"Dusk, Dawn",Right Angle,FALSE,Clear,Unk,No Info.,Unk,55-64,Normal,Not Distracted,Female,Two,2001-2010,No Violations,Unk,Unk,Moderate,Male
12PM-6PM,No Control,FALSE,Straight-Level,Weekend,TRUE,Dark - Street Light,Unk,TRUE,Abnormal,Unk,No Info.,Unk,35-44,Inattentive/Distracted,Outside Vehicle,Female,Two,2001-2010,Unk,25-34,Unk,Complaint,Female
6PM-12AM,No Control,FALSE,Straight-Level,Weekend,FALSE,Daylight,Single Vehicle,FALSE,Clear,Unk,No Info.,Unk,35-44,Normal,Not Distracted,Female,One,2001-2010,No Violations,Unk,Unk,Moderate,Male
12PM-6PM,No Control,FALSE,Straight-Level,Weekday,TRUE,Daylight,Single Vehicle,FALSE,Clear,Unk,No Info.,Unk,Unk,Unk,Unk,Unk,One,1991-2000,Unk,25-34,Unk,No Injury,Female
6PM-12AM,No Control,FALSE,On Grade,Weekend,FALSE,Dark - Street Light,Single Vehicle,TRUE,Clear,Over 10000,Four,Very Wide,25-34,Normal,Not Distracted,Male,Two,2001-2010,No Violations,45-54,Normal,Moderate,Female
6PM-12AM,No Control,TRUE,Straight-Level,Weekday,FALSE,Dark - Street Light,Single Vehicle,FALSE,Clear,Over 10000,Four,Very Wide,45-54,Normal,Not Distracted,Female,One,2001-2010,No Violations,35-44,Impaired,Severe,Male
6PM-12AM,No Control,FALSE,Straight-Level,Weekend,FALSE,Dark - Street Light,Single Vehicle,TRUE,Abnormal,Unk,No Info.,Unk,55-64,Normal,Not Distracted,Male,Two,2001-2010,No Violations,25-34,Unk,Moderate,Female
6AM-12PM,No Control,FALSE,Straight-Level,Weekday,FALSE,Dark - Street Light,Unk,FALSE,Clear,Unk,No Info.,Unk,45-54,Normal,Not Distracted,Female,Two,1991-2000,No Violations,25-34,Illness,Moderate,Male
6PM-12AM,No Control,TRUE,Straight-Level,Weekend,TRUE,Dark - Street Light,Single Vehicle,FALSE,Clear,Unk,No Info.,Unk,Unk,Unk,Unk,Unk,One,Unk ,Unk,Unk,Impaired,No Injury,Unk
6PM-12AM,No Control,FALSE,Straight-Level,Weekend,FALSE,Dark - Street Light,Single Vehicle,FALSE,Clear,Unk,No Info.,Unk,Unk,Unk,Unk,Unk,One,Unk ,Unk,Unk,Normal,No Injury,Unk
6PM-12AM,No Control,FALSE,Straight-Level,Weekday,TRUE,Dark - Street Light,Unk,FALSE,Clear,Unk,No Info.,Unk,Unk,Unk,Unk,Unk,One,Unk ,Driver Condition,Unk,Unk,No Injury,Female
6AM-12PM,No Control,FALSE,Straight-Level,Weekday,FALSE,Daylight,Single Vehicle,TRUE,Clear,Unk,No Info.,Unk,35-44,Inattentive/Distracted,Not Distracted,Female,One,2001-2010,Failure To Yield,45-54,Unk,Moderate,Male
6PM-12AM,No Control,FALSE,Straight-Level,Weekday,FALSE,Dark - Street Light,Unk,TRUE,Clear,Unk,No Info.,Unk,15-24,Normal,Not Distracted,Female,One,2001-2010,Unk,Unk,Normal,No Injury,Unk
6PM-12AM,No Control,FALSE,Straight-Level,Weekday,FALSE,Dark - Street Light,Unk,FALSE,Abnormal,Unk,No Info.,Unk,35-44,Inattentive/Distracted,Unk,Male,One,2001-2010,Failure To Yield,Unk,Unk,No Injury,Unk
6PM-12AM,No Control,FALSE,Straight-Level,Weekday,FALSE,Dark - Street Light,Unk,FALSE,Abnormal,Unk,No Info.,Unk,35-44,Inattentive/Distracted,Unk,Male,One,2001-2010,Failure To Yield,45-54,Unk,Complaint,Male
12PM-6PM,No Control,FALSE,Straight-Level,Weekend,FALSE,Daylight,Unk,TRUE,Clear,Unk,No Info.,Unk,15-24,Normal,Not Distracted,Male,One,2001-2010,Failure To Yield,45-54,Normal,Moderate,Male
12AM-6AM,Full Control,FALSE,Straight-Level,Weekend,TRUE,Dark - Street Light,Single Vehicle,FALSE,Clear,Unk,No Info.,Unk,Unk,Unk,Unk,Unk,One,2001-2010,Improper Backing,25-34,Unk,No Injury,Male
12AM-6AM,No Control,FALSE,Straight-Level,Weekend,FALSE,Dark - Street Light,Single Vehicle,FALSE,Clear,Unk,No Info.,Unk,15-24,Normal,Not Distracted,Male,One,1991-2000,No Violations,15-24,Unk,Moderate,Male