Hour,Access,Alcohol,Align,Day,Hit,Light,Collision,Interection,Weather,ADT,Num Lanes,Pav Width,Dr Age,Dr Cond.,Dr Distract,Dr Gender,Num Occ,Veh Year,Violations,Ped Age,Ped Cond.,Ped Inj.,Ped Gender
12PM-6PM,No Control,FALSE,Straight-Level,Weekend,FALSE,Daylight,Single Vehicle,FALSE,Clear,Unk,No Info.,Unk,55-64,Normal,Not Distracted,Male,One,2001-2010,Unk,45-54,Unk,Moderate,Female
12PM-6PM,No Control,FALSE,Straight-Level,Weekend,FALSE,Daylight,Single Vehicle,FALSE,Clear,Unk,No Info.,Unk,55-64,Normal,Not Distracted,Male,One,2001-2010,Unk,45-54,Unk,Moderate,Female
12PM-6PM,No Control,FALSE,Straight-Level,Weekend,FALSE,Daylight,Single Vehicle,FALSE,Clear,Unk,No Info.,Unk,65-74,Normal,Not Distracted,Female,One,2001-2010,No Violations,Unk,Normal,No Injury,Unk
12PM-6PM,Partial Control,FALSE,Straight-Level,Weekend,FALSE,Dark - Street Light,Left Turn,FALSE,Clear,Unk,No Info.,Unk,15-24,Normal,Not Distracted,Male,Five or more,2001-2010,No Violations,45-54,Normal,Severe,Female
12PM-6PM,Partial Control,FALSE,Straight-Level,Weekend,FALSE,Dark - Street Light,Left Turn,FALSE,Clear,Unk,No Info.,Unk,15-24,Normal,Not Distracted,Male,Five or more,2001-2010,No Violations,55-64,Normal,Moderate,Male
12PM-6PM,No Control,FALSE,Straight-Level,Weekend,FALSE,Daylight,Right Angle,TRUE,Clear,Unk,No Info.,Unk,45-54,Normal,Not Distracted,Male,Three,2001-2010,No Violations,15-24,Inattentive/Distracted,Moderate,Male
6PM-12AM,Partial Control,FALSE,Straight-Level,Weekday,FALSE,Dark - No Street Lights,Unk,FALSE,Clear,Unk,No Info.,Unk,15-24,Normal,Unk,Female,One,2001-2010,Careless Operation,15-24,Unk,Severe,Female
12AM-6AM,No Control,FALSE,Straight-Level,Weekend,FALSE,Dark - Street Light,Head-On,TRUE,Clear,Unk,No Info.,Unk,45-54,Normal,Not Distracted,Male,One,1991-2000,No Violations,65-74,Unk,Severe,Male
12PM-6PM,No Control,FALSE,Straight-Level,Weekday,FALSE,Daylight,Unk,FALSE,Clear,Unk,No Info.,Unk,25-34,Normal,Not Distracted,Female,One,2001-2010,Unk,Unk,Unk,Complaint,Male
6AM-12PM,No Control,FALSE,Straight-Level,Weekday,FALSE,Daylight,Unk,TRUE,Unk,Unk,No Info.,Unk,Unk,Unk,Unk,Unk,One,Unk ,Unk,15-24,Inattentive/Distracted,Moderate,Male
12PM-6PM,No Control,FALSE,Straight-Level,Weekend,TRUE,Unk,Single Vehicle,TRUE,Unk,Unk,No Info.,Unk,55-64,Unk,Unk,Male,One,Unk ,Unk,Unk,Normal,No Injury,Unk
12PM-6PM,No Control,FALSE,Straight-Level,Weekend,FALSE,Daylight,Unk,FALSE,Clear,Unk,No Info.,Unk,25-34,Normal,Not Distracted,Male,One,2001-2010,No Violations,Unk,Inattentive/Distracted,Moderate,Male
6AM-12PM,Unk,FALSE,Straight-Level,Weekday,FALSE,Dark - No Street Lights,Right Angle,TRUE,Abnormal,Unk,No Info.,Unk,25-34,Normal,Not Distracted,Male,One,1991-2000,No Violations,15-24,Unk,Moderate,Female
12PM-6PM,No Control,FALSE,Straight-Level,Weekend,FALSE,Daylight,Single Vehicle,FALSE,Clear,Unk,No Info.,Unk,Unk,Inattentive/Distracted,Unk,Unk,One,Unk ,Exceeding Stated Speed Limit,55-64,Normal,Complaint,Male
12PM-6PM,No Control,FALSE,Straight-Level,Weekend,FALSE,Daylight,Unk,TRUE,Abnormal,Unk,No Info.,Unk,35-44,Normal,Not Distracted,Male,One,Unk ,Improper Backing,45-54,Normal,Moderate,Female
6PM-12AM,No Control,TRUE,Straight-Level,Weekend,FALSE,Dark - Street Light,Unk,TRUE,Clear,Over 10000,Four,Very Wide,55-64,Normal,Not Distracted,Female,One,2001-2010,No Violations,15-24,Unk,Moderate,Male
6PM-12AM,No Control,FALSE,Straight-Level,Weekday,TRUE,Dark - Street Light,Single Vehicle,TRUE,Clear,Unk,No Info.,Unk,Unk,Unk,Unk,Unk,One,Unk ,Careless Operation,25-34,Normal,Complaint,Male
6PM-12AM,No Control,FALSE,Straight-Level,Weekday,FALSE,Daylight,Right Angle,FALSE,Clear,Unk,No Info.,Unk,45-54,Normal,Not Distracted,Female,One,2001-2010,No Violations,15-24,Inattentive/Distracted,Complaint,Male
12PM-6PM,No Control,FALSE,Straight-Level,Weekend,FALSE,Daylight,Single Vehicle,FALSE,Clear,Unk,No Info.,Unk,25-34,Inattentive/Distracted,Unk,Female,One,2001-2010,Failure To Yield,45-54,Normal,Complaint,Female
12PM-6PM,No Control,FALSE,Straight-Level,Weekday,FALSE,Daylight,Rear End,FALSE,Clear,Over 10000,Four,Very Wide,45-54,Normal,Unk,Male,One,2001-2010,Careless Operation,35-44,Normal,No Injury,Male
6AM-12PM,No Control,FALSE,Straight-Level,Weekend,FALSE,Daylight,Right Angle,TRUE,Clear,Over 10000,Four,Very Wide,55-64,Normal,Not Distracted,Male,One,2001-2010,Failure To Yield,Unk,Normal,No Injury,Female
12AM-6AM,No Control,FALSE,Straight-Level,Weekday,FALSE,Dark - No Street Lights,Unk,TRUE,Clear,Unk,No Info.,Unk,25-34,Normal,Not Distracted,Female,Four,1991-2000,No Violations,Unk,Unk,Complaint,Female
12PM-6PM,No Control,FALSE,Straight-Level,Weekend,FALSE,Dark - Street Light,Unk,TRUE,Clear,Unk,No Info.,Unk,55-64,Normal,Not Distracted,Male,One,2001-2010,No Violations,Unk,Normal,Moderate,Female
6AM-12PM,No Control,FALSE,Straight-Level,Weekday,FALSE,Daylight,Right Angle,TRUE,Clear,Over 10000,Four,Very Wide,55-64,Inattentive/Distracted,Not Distracted,Male,One,2001-2010,Disregarded Traffic Control,25-34,Normal,Complaint,Female
6PM-12AM,No Control,FALSE,Straight-Level,Weekday,FALSE,Dark - No Street Lights,Unk,FALSE,Clear,Over 10000,Four,Very Wide,15-24,Normal,Not Distracted,Male,One,2001-2010,No Violations,15-24,Inattentive/Distracted,Complaint,Male
6PM-12AM,No Control,FALSE,Straight-Level,Weekday,FALSE,Dark - No Street Lights,Single Vehicle,FALSE,Clear,Over 10000,Four,Very Wide,35-44,Normal,Unk,Male,Two,2001-2010,No Violations,Unk,Unk,No Injury,Female
6AM-12PM,No Control,FALSE,Straight-Level,Weekday,FALSE,Daylight,Unk,FALSE,Clear,Unk,No Info.,Unk,55-64,Inattentive/Distracted,Not Distracted,Male,One,1991-2000,Careless Operation,75-Inf,Normal,Moderate,Female
12PM-6PM,No Control,FALSE,Straight-Level,Weekday,TRUE,Daylight,Single Vehicle,TRUE,Clear,Unk,No Info.,Unk,Unk,Unk,Unk,Male,One,Unk ,Unk,Unk,Normal,Complaint,Female
12AM-6AM,No Control,FALSE,Straight-Level,Weekend,TRUE,Dark - Street Light,Rear End,FALSE,Abnormal,2001-5000,Two,Wide,15-24,Unk,Unk,Female,One,2001-2010,Unk,45-54,Unk,Moderate,Female
6AM-12PM,No Control,FALSE,Straight-Level,Weekday,FALSE,Daylight,Unk,TRUE,Abnormal,Over 10000,Four,Very Wide,35-44,Inattentive/Distracted,Not Distracted,Male,One,2011 and After,Careless Operation,15-24,Normal,No Injury,Male
12PM-6PM,No Control,FALSE,Straight-Level,Weekday,FALSE,Daylight,Rear End,FALSE,Clear,Over 10000,Four,Very Wide,45-54,Normal,Unk,Male,One,2001-2010,Careless Operation,25-34,Normal,Moderate,Male
12PM-6PM,No Control,FALSE,Straight-Level,Weekday,FALSE,Daylight,Unk,FALSE,Clear,Unk,No Info.,Unk,55-64,Inattentive/Distracted,Unk,Female,One,2001-2010,Failure To Yield,45-54,Normal,Moderate,Male
6PM-12AM,No Control,FALSE,Straight-Level,Weekend,FALSE,"Dusk, Dawn",Unk,FALSE,Clear,Unk,No Info.,Unk,45-54,Inattentive/Distracted,Unk,Female,Five or more,1991-2000,Unk,25-34,Normal,No Injury,Male
6PM-12AM,No Control,FALSE,Straight-Level,Weekend,TRUE,Dark - Street Light,Single Vehicle,TRUE,Clear,Unk,No Info.,Unk,35-44,Inattentive/Distracted,Not Distracted,Male,One,2001-2010,Careless Operation,Unk,Normal,Complaint,Female
12PM-6PM,No Control,TRUE,Straight-Level,Weekend,TRUE,Daylight,Sideswipe,TRUE,Clear,Unk,No Info.,Unk,45-54,Impaired,Not Distracted,Male,One,1990 and Before,Driver Condition,Unk,Normal,Moderate,Male
12PM-6PM,No Control,FALSE,Straight-Level,Weekday,FALSE,Daylight,Unk,FALSE,Clear,Unk,No Info.,Unk,55-64,Inattentive/Distracted,Inside Vehi.,Male,Two,1991-2000,Careless Operation,35-44,Normal,Complaint,Male
6PM-12AM,No Control,FALSE,Straight-Level,Weekend,FALSE,Dark - Street Light,Single Vehicle,TRUE,Clear,Unk,No Info.,Unk,35-44,Inattentive/Distracted,Outside Vehicle,Female,Four,2001-2010,Unk,15-24,Unk,Complaint,Female
6PM-12AM,No Control,FALSE,Straight-Level,Weekend,TRUE,Dark - Street Light,Single Vehicle,FALSE,Clear,Unk,No Info.,Unk,Unk,Unk,Unk,Unk,One,Unk ,Unk,Unk,Normal,Severe,Male
6PM-12AM,Unk,FALSE,Straight-Level,Weekday,FALSE,Dark - Street Light,Unk,TRUE,Clear,2001-5000,Two,Narrow,25-34,Normal,Not Distracted,Male,One,2001-2010,No Violations,15-24,Normal,Complaint,Female
6PM-12AM,No Control,FALSE,Straight-Level,Weekday,FALSE,Daylight,Single Vehicle,FALSE,Clear,Unk,No Info.,Unk,15-24,Inattentive/Distracted,Not Distracted,Female,One,2001-2010,Improper Backing,Unk,Normal,Complaint,Female
12PM-6PM,No Control,FALSE,Straight-Level,Weekday,FALSE,Daylight,Single Vehicle,FALSE,Clear,Over 10000,Four,Very Wide,45-54,Inattentive/Distracted,Not Distracted,Female,One,2001-2010,Failure To Yield,45-54,Normal,Complaint,Male
6PM-12AM,No Control,TRUE,Straight-Level,Weekday,FALSE,Daylight,Sideswipe,FALSE,Clear,Over 10000,Two,Wide,65-74,Impaired,Not Distracted,Male,One,2001-2010,Driver Condition,Unk,Normal,Complaint,Male
6PM-12AM,No Control,FALSE,Straight-Level,Weekend,TRUE,Dark - Street Light,Unk,FALSE,Clear,Over 10000,Six,Very Wide,Unk,Unk,Unk,Unk,One,Unk ,Unk,15-24,Unk,No Injury,Male
6PM-12AM,No Control,TRUE,Straight-Level,Weekend,FALSE,Dark - Street Light,Single Vehicle,FALSE,Clear,Unk,No Info.,Unk,45-54,Impaired,Cell Phone,Female,One,2001-2010,Careless Operation,15-24,Normal,Complaint,Male
12AM-6AM,No Control,FALSE,On Grade,Weekday,FALSE,Dark - Street Light,Single Vehicle,FALSE,Clear,Unk,No Info.,Unk,35-44,Inattentive/Distracted,Unk,Male,One,1991-2000,Exceeding Safe Speed Limit,35-44,Normal,Complaint,Female
6PM-12AM,No Control,FALSE,Straight-Level,Weekday,FALSE,Dark - No Street Lights,Rear End,TRUE,Abnormal,Unk,No Info.,Unk,Unk,Other,Unk,Unk,One,1990 and Before,Unk,25-34,Normal,Complaint,Male
12PM-6PM,No Control,FALSE,Straight-Level,Weekday,FALSE,Dark - Street Light,Right Angle,TRUE,Clear,Over 10000,Four,Very Wide,15-24,Inattentive/Distracted,Outside Vehicle,Male,One,2001-2010,Failure To Yield,15-24,Normal,No Injury,Male
6AM-12PM,No Control,FALSE,Straight-Level,Weekend,FALSE,Daylight,Right Angle,TRUE,Clear,Over 10000,Four,Very Wide,55-64,Normal,Not Distracted,Male,One,2001-2010,Failure To Yield,Unk,Normal,No Injury,Male
12PM-6PM,No Control,FALSE,Straight-Level,Weekday,FALSE,Daylight,Right Turn,TRUE,Clear,Unk,No Info.,Unk,75-Inf,Inattentive/Distracted,Not Distracted,Male,One,2001-2010,Careless Operation,15-24,Inattentive/Distracted,No Injury,Female
6AM-12PM,Unk,FALSE,On Grade,Weekday,FALSE,Daylight,Rear End,FALSE,Clear,Over 10000,Six,Very Wide,55-64,Unk,Not Distracted,Male,One,2001-2010,Unk,35-44,Unk,No Injury,Male
6PM-12AM,No Control,FALSE,Straight-Level,Weekend,FALSE,Dark - Street Light,Unk,FALSE,Clear,Unk,No Info.,Unk,55-64,Normal,Not Distracted,Female,One,2011 and After,No Violations,25-34,Normal,Complaint,Male
12AM-6AM,No Control,FALSE,Straight-Level,Weekday,FALSE,Dark - No Street Lights,Unk,TRUE,Clear,Unk,No Info.,Unk,25-34,Normal,Not Distracted,Female,Four,1991-2000,No Violations,35-44,Unk,Complaint,Female
12AM-6AM,No Control,TRUE,Straight-Level,Weekend,FALSE,Dark - Street Light,Sideswipe,FALSE,Clear,Unk,No Info.,Unk,35-44,Normal,Unk,Female,Three,2001-2010,Driver Condition,35-44,Normal,Complaint,Female
12AM-6AM,No Control,TRUE,Straight-Level,Weekend,FALSE,Dark - Street Light,Right Angle,TRUE,Clear,Unk,No Info.,Unk,25-34,Impaired,Not Distracted,Male,One,2011 and After,No Violations,15-24,Normal,Complaint,Male
12PM-6PM,No Control,TRUE,Straight-Level,Weekend,FALSE,Daylight,Single Vehicle,FALSE,Clear,Unk,No Info.,Unk,35-44,Impaired,Inside Vehi.,Male,Two,1991-2000,Careless Operation,15-24,Unk,Severe,Female
12PM-6PM,No Control,FALSE,Straight-Level,Weekday,FALSE,Daylight,Unk,TRUE,Clear,Unk,No Info.,Unk,25-34,Inattentive/Distracted,Not Distracted,Female,One,2001-2010,Careless Operation,15-24,Normal,Complaint,Female
6AM-12PM,No Control,FALSE,Straight-Level,Weekend,FALSE,Daylight,Unk,FALSE,Clear,Unk,No Info.,Unk,65-74,Inattentive/Distracted,Not Distracted,Male,One,2001-2010,Unk,Unk,Normal,Complaint,Male
12PM-6PM,No Control,FALSE,Straight-Level,Weekend,FALSE,Dark - Street Light,Unk,TRUE,Clear,Unk,No Info.,Unk,55-64,Normal,Not Distracted,Male,One,2001-2010,No Violations,15-24,Normal,Moderate,Female
6PM-12AM,No Control,TRUE,Straight-Level,Weekday,FALSE,Dark - No Street Lights,Single Vehicle,FALSE,Clear,Unk,No Info.,Unk,25-34,Normal,Not Distracted,Female,One,1990 and Before,No Violations,45-54,Impaired,Severe,Male
12PM-6PM,No Control,FALSE,Straight-Level,Weekday,FALSE,"Dusk, Dawn",Single Vehicle,FALSE,Abnormal,Unk,No Info.,Unk,65-74,Normal,Not Distracted,Female,One,2001-2010,No Violations,Unk,Inattentive/Distracted,Moderate,Female
6AM-12PM,No Control,FALSE,Straight-Level,Weekend,FALSE,Daylight,Unk,FALSE,Clear,Unk,No Info.,Unk,45-54,Unk,Unk,Male,One,2001-2010,Unk,25-34,Inattentive/Distracted,No Injury,Female
6PM-12AM,No Control,FALSE,Curve-Level,Weekend,FALSE,Dark - Street Light,Rear End,TRUE,Clear,5001-10000,Two,Wide,15-24,Inattentive/Distracted,Not Distracted,Male,One,1991-2000,Careless Operation,25-34,Normal,Complaint,Male
12PM-6PM,Full Control,TRUE,Straight-Level,Weekend,FALSE,"Dusk, Dawn",Single Vehicle,FALSE,Abnormal,Over 10000,Four,Very Wide,Unk,Other,Unk,Unk,One,1991-2000,No Violations,25-34,Impaired,No Injury,Male
6AM-12PM,No Control,FALSE,Straight-Level,Weekend,FALSE,Daylight,Single Vehicle,FALSE,Clear,Over 10000,Four,Very Wide,25-34,Normal,Not Distracted,Male,One,2001-2010,No Violations,Unk,Inattentive/Distracted,Complaint,Female
6PM-12AM,No Control,FALSE,Straight-Level,Weekday,FALSE,Dark - No Street Lights,Single Vehicle,FALSE,Clear,2001-5000,Two,Wide,55-64,Normal,Not Distracted,Male,Two,1991-2000,No Violations,15-24,Inattentive/Distracted,Moderate,Male
12AM-6AM,Full Control,FALSE,Straight-Level,Weekend,FALSE,Dark - No Street Lights,Single Vehicle,FALSE,Clear,Over 10000,Four,Very Wide,35-44,Inattentive/Distracted,Not Distracted,Male,One,2001-2010,Unk,15-24,Normal,Moderate,Male
12PM-6PM,No Control,FALSE,Straight-Level,Weekday,FALSE,Daylight,Single Vehicle,TRUE,Clear,Over 10000,Four,Very Wide,45-54,Inattentive/Distracted,Not Distracted,Female,One,2001-2010,Failure To Yield,Unk,Normal,Complaint,Male
6AM-12PM,No Control,FALSE,Straight-Level,Weekday,FALSE,Daylight,Right Angle,TRUE,Clear,Over 10000,Four,Very Wide,55-64,Inattentive/Distracted,Not Distracted,Male,One,2001-2010,Disregarded Traffic Control,55-64,Normal,Complaint,Female
6PM-12AM,No Control,FALSE,Straight-Level,Weekday,FALSE,Dark - No Street Lights,Unk,FALSE,Clear,Over 10000,Four,Very Wide,15-24,Normal,Not Distracted,Male,One,2001-2010,No Violations,15-24,Inattentive/Distracted,Moderate,Male
6PM-12AM,No Control,FALSE,Straight-Level,Weekday,FALSE,Dark - No Street Lights,Single Vehicle,FALSE,Clear,Over 10000,Four,Very Wide,35-44,Normal,Unk,Male,Two,2001-2010,No Violations,Unk,Unk,Moderate,Male
6PM-12AM,No Control,FALSE,Straight-Level,Weekend,FALSE,Dark - No Street Lights,Single Vehicle,FALSE,Clear,2001-5000,Two,Narrow,55-64,Normal,Not Distracted,Male,One,2001-2010,No Violations,45-54,Normal,Complaint,Female
12PM-6PM,Partial Control,FALSE,Straight-Level,Weekday,FALSE,Daylight,Unk,FALSE,Clear,Over 10000,Four,Very Wide,35-44,Normal,Unk,Female,One,2001-2010,No Violations,45-54,Inattentive/Distracted,Severe,Female
6AM-12PM,No Control,FALSE,Straight-Level,Weekday,FALSE,Daylight,Unk,FALSE,Clear,Unk,No Info.,Unk,55-64,Inattentive/Distracted,Not Distracted,Male,One,1991-2000,Careless Operation,15-24,Normal,Moderate,Female
12AM-6AM,No Control,TRUE,Straight-Level,Weekend,TRUE,Dark - Street Light,Unk,FALSE,Clear,Unk,No Info.,Unk,Unk,Unk,Unk,Unk,One,Unk ,Unk,15-24,Impaired,Moderate,Male
6PM-12AM,No Control,FALSE,Straight-Level,Weekday,FALSE,"Dusk, Dawn",Right Angle,TRUE,Clear,Unk,No Info.,Unk,55-64,Normal,Unk,Female,One,2001-2010,No Violations,15-24,Normal,Complaint,Male
6PM-12AM,No Control,TRUE,Straight-Level,Weekend,TRUE,Dark - Street Light,Single Vehicle,FALSE,Clear,Unk,No Info.,Unk,35-44,Impaired,Not Distracted,Male,One,1991-2000,Driving Left Of Center,75-Inf,Unk,Moderate,Female
12AM-6AM,No Control,FALSE,On Grade,Weekend,TRUE,Dark - Street Light,Single Vehicle,FALSE,Clear,Unk,No Info.,Unk,Unk,Unk,Unk,Unk,One,Unk ,Careless Operation,15-24,Impaired,No Injury,Male
12PM-6PM,No Control,FALSE,Straight-Level,Weekend,FALSE,Daylight,Single Vehicle,FALSE,Clear,Unk,No Info.,Unk,45-54,Normal,Not Distracted,Male,One,1991-2000,No Violations,55-64,Inattentive/Distracted,Moderate,Male
12PM-6PM,No Control,FALSE,Straight-Level,Weekday,FALSE,Dark - Street Light,Unk,FALSE,Clear,Over 10000,Four,Very Wide,15-24,Normal,Not Distracted,Male,Three,1991-2000,No Violations,Unk,Inattentive/Distracted,No Injury,Male
12PM-6PM,No Control,FALSE,Straight-Level,Weekday,TRUE,Daylight,Unk,FALSE,Clear,Unk,No Info.,Unk,35-44,Inattentive/Distracted,Not Distracted,Female,Two,1991-2000,Careless Operation,Unk,Normal,Moderate,Female
12AM-6AM,No Control,FALSE,Straight-Level,Weekday,TRUE,Dark - Street Light,Unk,FALSE,Clear,Unk,No Info.,Unk,15-24,Normal,Unk,Male,One,2001-2010,No Violations,15-24,Unk,Severe,Male
12PM-6PM,No Control,FALSE,Hillcrest,Weekend,FALSE,"Dusk, Dawn",Unk,FALSE,Abnormal,Unk,No Info.,Unk,35-44,Normal,Not Distracted,Male,One,1991-2000,No Violations,35-44,Normal,Complaint,Male
12PM-6PM,No Control,FALSE,Straight-Level,Weekend,FALSE,Daylight,Single Vehicle,TRUE,Clear,Unk,No Info.,Unk,25-34,Inattentive/Distracted,Outside Vehicle,Male,One,2011 and After,Careless Operation,Unk,Inattentive/Distracted,Moderate,Male
6PM-12AM,No Control,FALSE,Straight-Level,Weekend,TRUE,Dark - Street Light,Rear End,TRUE,Clear,5001-10000,Two,Wide,35-44,Unk,Unk,Male,Two,2001-2010,Unk,35-44,Unk,Fatal,Female
12PM-6PM,No Control,FALSE,Straight-Level,Weekday,TRUE,Daylight,Single Vehicle,TRUE,Clear,Unk,No Info.,Unk,Unk,Unk,Unk,Male,One,Unk ,Unk,Unk,Normal,Complaint,Female
6PM-12AM,No Control,FALSE,Straight-Level,Weekday,FALSE,Dark - Street Light,Single Vehicle,FALSE,Unk,Unk,No Info.,Unk,55-64,Unk,Unk,Female,One,2001-2010,Unk,45-54,Unk,Severe,Female
6AM-12PM,No Control,FALSE,Straight-Level,Weekday,TRUE,Daylight,Right Angle,TRUE,Clear,Over 10000,Four,Very Wide,Unk,Unk,Unk,Male,One,Unk ,Unk,15-24,Normal,No Injury,Unk
6PM-12AM,No Control,FALSE,Curve-Level,Weekend,TRUE,Dark - No Street Lights,Single Vehicle,FALSE,Abnormal,Unk,No Info.,Unk,Unk,Unk,Unk,Unk,One,2001-2010,Unk,Unk,Normal,Complaint,Unk
6AM-12PM,Full Control,FALSE,Straight-Level,Weekday,TRUE,"Dusk, Dawn",Single Vehicle,TRUE,Clear,Unk,No Info.,Unk,Unk,Unk,Unk,Female,One,Unk ,Careless Operation,Unk,Normal,Complaint,Male
12PM-6PM,No Control,FALSE,Straight-Level,Weekday,FALSE,Daylight,Unk,FALSE,Clear,Unk,No Info.,Unk,25-34,Normal,Unk,Male,One,2001-2010,No Violations,15-24,Inattentive/Distracted,Complaint,Female
6PM-12AM,No Control,TRUE,Straight-Level,Weekday,FALSE,Dark - Street Light,Right Angle,FALSE,Abnormal,Unk,No Info.,Unk,45-54,Normal,Not Distracted,Female,One,2001-2010,Unk,15-24,Normal,Complaint,Female
6PM-12AM,No Control,FALSE,Straight-Level,Weekday,FALSE,Dark - No Street Lights,Single Vehicle,FALSE,Clear,Unk,No Info.,Unk,35-44,Inattentive/Distracted,Inside Vehi.,Female,Three,1991-2000,Careless Operation,15-24,Normal,Severe,Female
6AM-12PM,No Control,FALSE,Straight-Level,Weekday,FALSE,Daylight,Sideswipe,FALSE,Clear,Unk,No Info.,Unk,55-64,Normal,Not Distracted,Male,One,2001-2010,Unk,35-44,Normal,Complaint,Male
6PM-12AM,No Control,FALSE,Straight-Level,Weekend,FALSE,Dark - Street Light,Single Vehicle,TRUE,Clear,Unk,No Info.,Unk,15-24,Normal,Not Distracted,Male,One,2001-2010,Careless Operation,35-44,Normal,Moderate,Female
6PM-12AM,No Control,FALSE,Straight-Level,Weekend,FALSE,Daylight,Unk,TRUE,Clear,Unk,No Info.,Unk,Unk,Unk,Unk,Unk,One,Unk ,Unk,Unk,Normal,Complaint,Male
6PM-12AM,No Control,FALSE,Straight-Level,Weekend,FALSE,Dark - Street Light,Unk,FALSE,Clear,Unk,No Info.,Unk,15-24,Normal,Not Distracted,Male,Three,1991-2000,Unk,25-34,Normal,Moderate,Female
6PM-12AM,No Control,FALSE,Straight-Level,Weekday,FALSE,Dark - Street Light,Sideswipe,FALSE,Clear,Unk,No Info.,Unk,45-54,Normal,Not Distracted,Unk,One,Unk ,Unk,45-54,Unk,Complaint,Female
6PM-12AM,No Control,TRUE,Curve-Level,Weekday,FALSE,Dark - Street Light,Unk,TRUE,Clear,5001-10000,Four,Very Wide,25-34,Impaired,Unk,Male,One,1991-2000,Careless Operation,Unk,Normal,Moderate,Male
6PM-12AM,No Control,TRUE,Straight-Level,Weekday,FALSE,Dark - Street Light,Unk,FALSE,Clear,Unk,No Info.,Unk,45-54,Impaired,Not Distracted,Male,One,2001-2010,Unk,Unk,Normal,Complaint,Male
6AM-12PM,No Control,FALSE,Straight-Level,Weekday,FALSE,Daylight,Single Vehicle,FALSE,Clear,Unk,No Info.,Unk,35-44,Unk,Unk,Female,One,2011 and After,Unk,35-44,Unk,Fatal,Male
12AM-6AM,No Control,FALSE,Straight-Level,Weekend,FALSE,Dark - Street Light,Single Vehicle,FALSE,Abnormal,Unk,No Info.,Unk,15-24,Normal,Unk,Male,One,2001-2010,No Violations,Unk,Unk,Complaint,Female
6PM-12AM,No Control,TRUE,Straight-Level,Weekend,TRUE,Dark - Street Light,Sideswipe,TRUE,Clear,2001-5000,Two,Wide,25-34,Impaired,Unk,Male,Two,2001-2010,Careless Operation,55-64,Impaired,Severe,Male
6AM-12PM,No Control,FALSE,Straight-Level,Weekday,FALSE,Daylight,Single Vehicle,TRUE,Clear,5001-10000,Two,Wide,25-34,Normal,Not Distracted,Female,One,2001-2010,No Violations,45-54,Normal,Complaint,Male
6PM-12AM,No Control,FALSE,Straight-Level,Weekday,FALSE,Dark - No Street Lights,Single Vehicle,FALSE,Clear,5001-10000,Two,Wide,25-34,Normal,Not Distracted,Female,One,1991-2000,No Violations,25-34,Normal,Complaint,Male
6PM-12AM,No Control,FALSE,Straight-Level,Weekday,FALSE,Dark - Street Light,Single Vehicle,FALSE,Abnormal,5001-10000,Four,Very Wide,35-44,Normal,Not Distracted,Male,One,1991-2000,No Violations,Unk,Inattentive/Distracted,Moderate,Female
12PM-6PM,No Control,FALSE,Straight-Level,Weekday,FALSE,Daylight,Single Vehicle,FALSE,Clear,5001-10000,Four,Very Wide,35-44,Normal,Not Distracted,Male,One,1991-2000,No Violations,55-64,Normal,Complaint,Male
6AM-12PM,No Control,FALSE,Straight-Level,Weekday,FALSE,Daylight,Unk,FALSE,Clear,Unk,No Info.,Unk,65-74,Inattentive/Distracted,Not Distracted,Female,One,2001-2010,Improper Backing,65-74,Unk,Moderate,Female
6AM-12PM,No Control,FALSE,Straight-Level,Weekend,TRUE,Daylight,Right Angle,FALSE,Abnormal,Unk,No Info.,Unk,Unk,Unk,Unk,Unk,One,Unk ,Unk,45-54,Unk,Complaint,Male
6AM-12PM,No Control,FALSE,Straight-Level,Weekend,FALSE,Daylight,Single Vehicle,FALSE,Clear,5001-10000,Two,Wide,25-34,Normal,Not Distracted,Female,Two,2001-2010,No Violations,25-34,Unk,Severe,Male
12PM-6PM,No Control,FALSE,Straight-Level,Weekend,FALSE,Daylight,Unk,FALSE,Clear,Unk,No Info.,Unk,15-24,Normal,Not Distracted,Male,One,1991-2000,No Violations,Unk,Inattentive/Distracted,Moderate,Male
6AM-12PM,No Control,FALSE,Straight-Level,Weekend,FALSE,Daylight,Left Turn,TRUE,Clear,Over 10000,Four,Very Wide,25-34,Inattentive/Distracted,Not Distracted,Male,One,2001-2010,Failure To Yield,65-74,Normal,Complaint,Male
12PM-6PM,No Control,FALSE,Straight-Level,Weekend,FALSE,"Dusk, Dawn",Single Vehicle,FALSE,Clear,Unk,No Info.,Unk,35-44,Normal,Not Distracted,Male,One,2001-2010,No Violations,Unk,Inattentive/Distracted,Complaint,Female
6PM-12AM,No Control,FALSE,Straight-Level,Weekend,FALSE,Dark - Street Light,Unk,FALSE,Clear,Unk,No Info.,Unk,35-44,Normal,Not Distracted,Female,One,2001-2010,No Violations,25-34,Inattentive/Distracted,Complaint,Male
12PM-6PM,No Control,FALSE,Straight-Level,Weekday,FALSE,Daylight,Unk,FALSE,Clear,Unk,No Info.,Unk,25-34,Normal,Not Distracted,Male,One,2001-2010,No Violations,Unk,Inattentive/Distracted,Severe,Male
12AM-6AM,No Control,FALSE,Straight-Level,Weekend,TRUE,Dark - Street Light,Rear End,FALSE,Abnormal,2001-5000,Two,Wide,15-24,Unk,Unk,Female,One,2001-2010,Unk,55-64,Unk,Moderate,Male