Hour,Access,Alcohol,Align,Day,Hit,Light,Collision,Interection,Weather,ADT,Num Lanes,Pav Width,Dr Age,Dr Cond.,Dr Distract,Dr Gender,Num Occ,Veh Year,Violations,Ped Age,Ped Cond.,Ped Inj.,Ped Gender
6AM-12PM,No Control,FALSE,Straight-Level,Weekday,TRUE,Daylight,Single Vehicle,FALSE,Abnormal,Over 10000,Four,Very Wide,Unk,Inattentive/Distracted,Not Distracted,Male,One,Unk ,Careless Operation,15-24,Inattentive/Distracted,Complaint,Female
12PM-6PM,No Control,FALSE,Straight-Level,Weekend,FALSE,Daylight,Single Vehicle,FALSE,Clear,2001-5000,Two,Wide,65-74,Normal,Not Distracted,Female,One,2001-2010,No Violations,Unk,Inattentive/Distracted,Fatal,Female
12AM-6AM,No Control,TRUE,Curve-Level,Weekday,FALSE,Dark - Street Light,Single Vehicle,FALSE,Clear,2001-5000,Two,Wide,65-74,Normal,Not Distracted,Male,Two,2001-2010,No Violations,25-34,Inattentive/Distracted,Complaint,Female
6PM-12AM,No Control,FALSE,Straight-Level,Weekday,FALSE,Dark - No Street Lights,Right Angle,FALSE,Abnormal,Over 10000,Two,Wide,15-24,Inattentive/Distracted,Inside Vehi.,Male,One,1991-2000,Careless Operation,55-64,Normal,Complaint,Male
6AM-12PM,No Control,FALSE,Straight-Level,Weekday,FALSE,Daylight,Single Vehicle,FALSE,Clear,Over 10000,Four,Very Wide,35-44,Normal,Not Distracted,Male,One,2001-2010,No Violations,55-64,Inattentive/Distracted,Complaint,Male
6PM-12AM,Full Control,FALSE,Straight-Level,Weekend,FALSE,Dark - No Street Lights,Single Vehicle,FALSE,Clear,Over 10000,Four,Very Wide,35-44,Inattentive/Distracted,Outside Vehicle,Female,One,2001-2010,Improper Parking,25-34,Normal,Complaint,Male
6PM-12AM,No Control,FALSE,Curve-Level,Weekday,FALSE,Dark - No Street Lights,Single Vehicle,FALSE,Clear,Over 10000,Two,Wide,35-44,Normal,Not Distracted,Male,One,1991-2000,No Violations,55-64,Inattentive/Distracted,Severe,Male
6PM-12AM,No Control,FALSE,Straight-Level,Weekend,TRUE,Dark - No Street Lights,Single Vehicle,FALSE,Clear,2001-5000,Two,Narrow,Unk,Unk,Unk,Unk,One,Unk ,Unk,45-54,Normal,Complaint,Male
12AM-6AM,No Control,TRUE,Straight-Level,Weekend,FALSE,Dark - No Street Lights,Rear End,FALSE,Clear,Over 10000,Four,Very Wide,15-24,Normal,Not Distracted,Male,One,1991-2000,No Violations,15-24,Unk,Fatal,Male
6PM-12AM,No Control,TRUE,Straight-Level,Weekend,FALSE,Daylight,Single Vehicle,FALSE,Clear,5001-10000,Two,Wide,55-64,Normal,Not Distracted,Male,One,1991-2000,No Violations,35-44,Impaired,Complaint,Male
6PM-12AM,No Control,FALSE,Curve-Level,Weekend,FALSE,Dark - Street Light,Rear End,TRUE,Clear,5001-10000,Two,Wide,15-24,Inattentive/Distracted,Not Distracted,Male,One,1991-2000,Careless Operation,25-34,Normal,Complaint,Male
12PM-6PM,Full Control,TRUE,Straight-Level,Weekend,FALSE,"Dusk, Dawn",Single Vehicle,FALSE,Abnormal,Over 10000,Four,Very Wide,Unk,Other,Unk,Unk,One,1991-2000,No Violations,25-34,Impaired,Fatal,Female
6PM-12AM,No Control,FALSE,Straight-Level,Weekday,FALSE,Daylight,Right Angle,FALSE,Clear,Over 10000,Four,Very Wide,25-34,Normal,Not Distracted,Male,Four,2001-2010,No Violations,Unk,Inattentive/Distracted,No Injury,Male
6AM-12PM,No Control,FALSE,Straight-Level,Weekend,FALSE,Daylight,Single Vehicle,FALSE,Clear,2001-5000,Two,Narrow,55-64,Normal,Not Distracted,Male,One,2001-2010,No Violations,35-44,Inattentive/Distracted,Moderate,Female
6PM-12AM,No Control,FALSE,Straight-Level,Weekend,FALSE,Dark - No Street Lights,Single Vehicle,FALSE,Clear,Unk,No Info.,Unk,25-34,Inattentive/Distracted,Not Distracted,Male,One,1991-2000,Careless Operation,25-34,Inattentive/Distracted,Moderate,Female
6PM-12AM,Full Control,FALSE,Straight-Level,Weekend,FALSE,Dark - No Street Lights,Rear End,FALSE,Abnormal,Over 10000,Four,Very Wide,45-54,Normal,Not Distracted,Male,One,1990 and Before,No Violations,35-44,Normal,No Injury,Male
12AM-6AM,Partial Control,TRUE,Straight-Level,Weekday,FALSE,Dark - No Street Lights,Single Vehicle,FALSE,Clear,Over 10000,Four,Very Wide,25-34,Normal,Not Distracted,Male,One,1991-2000,No Violations,25-34,Impaired,No Injury,Male
6PM-12AM,No Control,FALSE,Straight-Level,Weekday,FALSE,Dark - No Street Lights,Single Vehicle,FALSE,Abnormal,Over 10000,Two,Wide,45-54,Normal,Not Distracted,Male,Two,1991-2000,No Violations,25-34,Unk,Complaint,Male
6PM-12AM,No Control,FALSE,Straight-Level,Weekday,FALSE,Dark - No Street Lights,Single Vehicle,FALSE,Clear,Over 10000,Two,Wide,55-64,Normal,Not Distracted,Male,One,1990 and Before,No Violations,25-34,Inattentive/Distracted,Moderate,Male
6AM-12PM,No Control,FALSE,Straight-Level,Weekend,FALSE,Daylight,Rear End,FALSE,Clear,Over 10000,Two,Narrow,15-24,Inattentive/Distracted,Outside Vehicle,Female,One,2001-2010,Careless Operation,25-34,Normal,Moderate,Male
6PM-12AM,Full Control,FALSE,On Grade,Weekday,FALSE,Dark - No Street Lights,Single Vehicle,FALSE,Clear,Over 10000,Four,Very Wide,Unk,Unk,Unk,Unk,One,2001-2010,No Violations,65-74,Unk,Fatal,Male
12PM-6PM,No Control,FALSE,Straight-Level,Weekday,FALSE,Daylight,Single Vehicle,FALSE,Clear,2001-5000,Two,Very Wide,55-64,Normal,Not Distracted,Female,Two,2001-2010,No Violations,Unk,Inattentive/Distracted,Complaint,Male
6PM-12AM,No Control,TRUE,Straight-Level,Weekend,FALSE,Dark - Street Light,Single Vehicle,FALSE,Clear,Over 10000,Four,Very Wide,25-34,Normal,Not Distracted,Female,Three,1991-2000,No Violations,35-44,Impaired,Moderate,Male
12PM-6PM,No Control,TRUE,Hillcrest,Weekday,FALSE,Daylight,Rear End,FALSE,Abnormal,2001-5000,Two,Narrow,45-54,Impaired,Unk,Male,One,1991-2000,Driver Condition,45-54,Impaired,Moderate,Male
12AM-6AM,No Control,TRUE,Curve-Level,Weekend,FALSE,Dark - Street Light,Single Vehicle,FALSE,Clear,Over 10000,Two,Wide,55-64,Impaired,Not Distracted,Male,One,2011 and After,Driver Condition,35-44,Normal,Complaint,Male
12AM-6AM,No Control,FALSE,Straight-Level,Weekend,FALSE,Dark - No Street Lights,Single Vehicle,FALSE,Clear,2001-5000,Two,Wide,25-34,Normal,Not Distracted,Male,Two,2001-2010,No Violations,45-54,Unk,Complaint,Female
6PM-12AM,No Control,TRUE,Straight-Level,Weekday,FALSE,Dark - No Street Lights,Single Vehicle,FALSE,Clear,Over 10000,Four,Very Wide,25-34,Normal,Not Distracted,Female,One,1991-2000,No Violations,35-44,Impaired,Moderate,Male
6AM-12PM,No Control,FALSE,Straight-Level,Weekend,TRUE,Daylight,Single Vehicle,TRUE,Abnormal,Over 10000,Four,Very Wide,Unk,Unk,Unk,Unk,One,Unk ,No Violations,45-54,Inattentive/Distracted,Moderate,Male
6PM-12AM,No Control,TRUE,Straight-Level,Weekend,FALSE,Dark - No Street Lights,Single Vehicle,FALSE,Clear,2001-5000,Two,Narrow,35-44,Normal,Not Distracted,Female,Four,1991-2000,No Violations,15-24,Impaired,Complaint,Female
6PM-12AM,No Control,FALSE,Straight-Level,Weekday,FALSE,Dark - Street Light,Single Vehicle,FALSE,Clear,Over 10000,Four,Very Wide,55-64,Normal,Not Distracted,Female,Four,2011 and After,No Violations,45-54,Inattentive/Distracted,Complaint,Male
6AM-12PM,No Control,FALSE,Straight-Level,Weekday,FALSE,Daylight,Single Vehicle,FALSE,Abnormal,Over 10000,Two,Wide,35-44,Normal,Not Distracted,Female,One,1991-2000,No Violations,15-24,Inattentive/Distracted,Moderate,Male
12PM-6PM,No Control,FALSE,Straight-Level,Weekday,FALSE,Daylight,Right Angle,FALSE,Abnormal,5001-10000,Two,Wide,35-44,Normal,Not Distracted,Female,Five or more,2001-2010,Unk,35-44,Normal,No Injury,Male
12AM-6AM,Full Control,FALSE,Straight-Level,Weekend,FALSE,Dark - No Street Lights,Unk,FALSE,Clear,Over 10000,Four,Very Wide,Unk,Unk,Unk,Unk,One,Unk ,Unk,25-34,Inattentive/Distracted,Moderate,Male
12AM-6AM,No Control,FALSE,Straight-Level,Weekday,FALSE,Dark - No Street Lights,Single Vehicle,FALSE,Clear,0-1000,Two,Narrow,25-34,Normal,Not Distracted,Female,One,2001-2010,No Violations,55-64,Inattentive/Distracted,Fatal,Female
12PM-6PM,No Control,TRUE,Curve-Level,Weekend,FALSE,Daylight,Single Vehicle,FALSE,Clear,5001-10000,Two,Narrow,45-54,Normal,Not Distracted,Male,Four,2011 and After,No Violations,45-54,Unk,Fatal,Female
6PM-12AM,Full Control,FALSE,Straight-Level,Weekday,FALSE,Dark - No Street Lights,Single Vehicle,FALSE,Clear,Over 10000,Four,Very Wide,Unk,Unk,Unk,Unk,One,Unk ,No Violations,15-24,Inattentive/Distracted,Complaint,Male
6AM-12PM,No Control,TRUE,Straight-Level,Weekday,FALSE,Daylight,Single Vehicle,FALSE,Abnormal,Over 10000,Four,Very Wide,55-64,Normal,Not Distracted,Male,One,1991-2000,No Violations,25-34,Unk,Moderate,Female
6PM-12AM,No Control,FALSE,Straight-Level,Weekend,FALSE,Dark - Street Light,Single Vehicle,FALSE,Clear,Over 10000,Six,Very Wide,15-24,Normal,Not Distracted,Female,Four,2001-2010,No Violations,35-44,Inattentive/Distracted,Moderate,Male
12PM-6PM,No Control,FALSE,Straight-Level,Weekend,TRUE,Daylight,Right Angle,TRUE,Abnormal,Over 10000,Four,Very Wide,Unk,Unk,Unk,Unk,One,Unk ,Careless Operation,15-24,Normal,Complaint,Female
6PM-12AM,Full Control,FALSE,Straight-Level,Weekend,FALSE,Dark - No Street Lights,Single Vehicle,FALSE,Clear,Over 10000,Four,Very Wide,35-44,Normal,Not Distracted,Male,One,2001-2010,No Violations,25-34,Unk,Fatal,Male
6PM-12AM,No Control,FALSE,Straight-Level,Weekend,TRUE,Dark - Street Light,Single Vehicle,FALSE,Abnormal,5001-10000,Two,Wide,Unk,Unk,Unk,Unk,One,Unk ,Unk,25-34,Normal,Complaint,Female
6PM-12AM,No Control,TRUE,Straight-Level,Weekday,FALSE,Dark - No Street Lights,Single Vehicle,FALSE,Clear,5001-10000,Two,Wide,45-54,Impaired,Not Distracted,Female,One,2001-2010,Careless Operation,75-Inf,Normal,Moderate,Male
6PM-12AM,Full Control,FALSE,Straight-Level,Weekday,TRUE,Dark - No Street Lights,Single Vehicle,FALSE,Abnormal,Over 10000,Four,Very Wide,45-54,Normal,Not Distracted,Female,Two,2001-2010,No Violations,25-34,Unk,Fatal,Male
6PM-12AM,Partial Control,FALSE,Straight-Level,Weekend,FALSE,Dark - No Street Lights,Single Vehicle,FALSE,Clear,Over 10000,Four,Very Wide,35-44,Normal,Unk,Female,One,2001-2010,No Violations,45-54,Unk,Complaint,Male
6PM-12AM,No Control,TRUE,Straight-Level,Weekday,FALSE,Dark - No Street Lights,Single Vehicle,FALSE,Clear,Over 10000,Two,Wide,25-34,Normal,Not Distracted,Female,Four,1991-2000,No Violations,15-24,Impaired,Complaint,Male
6AM-12PM,No Control,FALSE,Straight-Level,Weekend,FALSE,Daylight,Single Vehicle,FALSE,Clear,5001-10000,Two,Wide,15-24,Normal,Not Distracted,Female,One,1991-2000,No Violations,Unk,Inattentive/Distracted,Fatal,Male
12AM-6AM,No Control,TRUE,Straight-Level,Weekend,FALSE,Dark - No Street Lights,Single Vehicle,FALSE,Clear,Over 10000,Two,Wide,65-74,Normal,Not Distracted,Female,Two,2001-2010,No Violations,45-54,Impaired,Complaint,Male
12PM-6PM,No Control,TRUE,Straight-Level,Weekday,FALSE,Daylight,Single Vehicle,FALSE,Clear,5001-10000,Two,Narrow,45-54,Normal,Not Distracted,Male,Two,2001-2010,No Violations,45-54,Impaired,Moderate,Male
6AM-12PM,Full Control,FALSE,Straight-Level,Weekend,FALSE,Daylight,Single Vehicle,FALSE,Clear,Over 10000,Four,Very Wide,55-64,Normal,Not Distracted,Male,One,2001-2010,No Violations,Unk,Inattentive/Distracted,Complaint,Female
12AM-6AM,No Control,FALSE,Straight-Level,Weekend,TRUE,Dark - No Street Lights,Single Vehicle,FALSE,Clear,Over 10000,Two,Narrow,Unk,Unk,Unk,Unk,One,Unk ,Unk,15-24,Inattentive/Distracted,Complaint,Male
12PM-6PM,No Control,FALSE,Straight-Level,Weekday,FALSE,Daylight,Right Angle,FALSE,Clear,5001-10000,Two,Wide,35-44,Normal,Not Distracted,Male,One,1991-2000,No Violations,Unk,Inattentive/Distracted,Severe,Male
6PM-12AM,No Control,TRUE,Straight-Level,Weekend,TRUE,Dark - No Street Lights,Single Vehicle,FALSE,Clear,5001-10000,Two,Wide,Unk,Unk,Unk,Unk,One,Unk ,Unk,35-44,Unk,Moderate,Male
6PM-12AM,No Control,TRUE,Curve-Level,Weekday,FALSE,Dark - No Street Lights,Single Vehicle,FALSE,Clear,Over 10000,Four,Very Wide,45-54,Normal,Not Distracted,Male,Two,2001-2010,No Violations,15-24,Impaired,Fatal,Male
6AM-12PM,No Control,FALSE,Straight-Level,Weekend,FALSE,Daylight,Single Vehicle,FALSE,Clear,Over 10000,Six,Very Wide,45-54,Normal,Not Distracted,Female,One,2001-2010,No Violations,55-64,Inattentive/Distracted,Complaint,Male
12AM-6AM,No Control,FALSE,Curve-Level,Weekend,FALSE,Dark - Street Light,Sideswipe,FALSE,Clear,2001-5000,Two,Narrow,25-34,"Sleep, Fatigue",Not Distracted,Male,One,2011 and After,Careless Operation,35-44,Normal,Complaint,Male
6PM-12AM,No Control,FALSE,Straight-Level,Weekend,FALSE,Dark - No Street Lights,Single Vehicle,FALSE,Clear,Over 10000,Two,Narrow,35-44,Normal,Not Distracted,Female,One,2001-2010,No Violations,25-34,Inattentive/Distracted,Fatal,Male
12PM-6PM,No Control,FALSE,Curve-Level,Weekend,FALSE,Daylight,Single Vehicle,TRUE,Clear,2001-5000,Two,Narrow,55-64,Normal,Outside Vehicle,Male,One,2001-2010,No Violations,15-24,Normal,Complaint,Male
12PM-6PM,No Control,FALSE,Straight-Level,Weekday,FALSE,Daylight,Single Vehicle,FALSE,Clear,2001-5000,Two,Narrow,55-64,Normal,Not Distracted,Male,One,2011 and After,No Violations,15-24,Inattentive/Distracted,Complaint,Male
6PM-12AM,No Control,TRUE,Straight-Level,Weekend,FALSE,Dark - Street Light,Single Vehicle,FALSE,Abnormal,5001-10000,Two,Wide,45-54,Normal,Not Distracted,Male,Two,2001-2010,No Violations,55-64,Impaired,Moderate,Male
12PM-6PM,No Control,FALSE,Straight-Level,Weekend,FALSE,Daylight,Single Vehicle,FALSE,Clear,2001-5000,Two,Wide,35-44,Normal,Not Distracted,Male,Five or more,2001-2010,No Violations,25-34,Inattentive/Distracted,Complaint,Male
12AM-6AM,No Control,FALSE,Straight-Level,Weekend,FALSE,Dark - No Street Lights,Right Angle,FALSE,Abnormal,2001-5000,Two,Wide,Unk,Unk,Unk,Unk,One,Unk ,Failure To Yield,15-24,Normal,No Injury,Male
6PM-12AM,No Control,FALSE,Straight-Level,Weekday,TRUE,Dark - Street Light,Single Vehicle,FALSE,Clear,Over 10000,Six,Very Wide,15-24,Unk,Unk,Female,One,2001-2010,No Violations,55-64,Inattentive/Distracted,Moderate,Male
12AM-6AM,Full Control,FALSE,Straight-Level,Weekday,FALSE,Dark - Street Light,Single Vehicle,TRUE,Clear,Over 10000,Four,Very Wide,55-64,Inattentive/Distracted,Not Distracted,Male,One,2001-2010,No Violations,Unk,Unk,No Injury,Male
12PM-6PM,No Control,FALSE,On Grade,Weekday,FALSE,Daylight,Single Vehicle,FALSE,Clear,2001-5000,Two,Narrow,35-44,Inattentive/Distracted,Not Distracted,Male,One,1991-2000,Careless Operation,Unk,Normal,Complaint,Female
12AM-6AM,No Control,FALSE,Straight-Level,Weekend,FALSE,Dark - Street Light,Single Vehicle,FALSE,Clear,Over 10000,Four,Very Wide,15-24,Normal,Not Distracted,Male,Two,1991-2000,No Violations,15-24,Impaired,No Injury,Male
12AM-6AM,Full Control,FALSE,Straight-Level,Weekend,TRUE,Dark - Street Light,Sideswipe,FALSE,Clear,Over 10000,Four,Very Wide,Unk,Unk,Unk,Unk,One,Unk ,Unk,15-24,Normal,No Injury,Female
12PM-6PM,Full Control,FALSE,Straight-Level,Weekend,FALSE,Daylight,Rear End,FALSE,Clear,Over 10000,Four,Very Wide,25-34,Inattentive/Distracted,Not Distracted,Female,One,2001-2010,Careless Operation,25-34,Normal,No Injury,Male
6PM-12AM,No Control,FALSE,Straight-Level,Weekday,FALSE,Dark - No Street Lights,Single Vehicle,FALSE,Clear,Over 10000,Four,Very Wide,15-24,Normal,Not Distracted,Male,One,2001-2010,No Violations,25-34,Impaired,Complaint,Female
12PM-6PM,No Control,FALSE,Straight-Level,Weekend,FALSE,Daylight,Single Vehicle,FALSE,Clear,Over 10000,Four,Very Wide,45-54,Inattentive/Distracted,Not Distracted,Female,Four,2001-2010,Careless Operation,35-44,Normal,Complaint,Female
6PM-12AM,No Control,TRUE,Straight-Level,Weekend,TRUE,Daylight,Single Vehicle,TRUE,Abnormal,2001-5000,Two,Narrow,Unk,Unk,Unk,Unk,One,Unk ,Unk,55-64,Impaired,Moderate,Male
6PM-12AM,No Control,FALSE,Straight-Level,Weekend,FALSE,Dark - No Street Lights,Single Vehicle,FALSE,Clear,2001-5000,Two,Narrow,25-34,Normal,Not Distracted,Female,One,1991-2000,No Violations,15-24,Unk,Severe,Male
6AM-12PM,No Control,FALSE,Straight-Level,Weekday,FALSE,Daylight,Single Vehicle,FALSE,Clear,Over 10000,Two,Narrow,25-34,Inattentive/Distracted,Not Distracted,Male,One,2001-2010,Careless Operation,65-74,Normal,Complaint,Female
12PM-6PM,No Control,TRUE,Straight-Level,Weekend,FALSE,Dark - No Street Lights,Single Vehicle,FALSE,Clear,2001-5000,Two,Wide,35-44,Normal,Not Distracted,Male,One,1991-2000,No Violations,35-44,Impaired,Moderate,Male
6AM-12PM,Full Control,FALSE,Straight-Level,Weekday,FALSE,Daylight,Single Vehicle,FALSE,Clear,Over 10000,Six,Very Wide,15-24,Normal,Not Distracted,Male,One,2001-2010,No Violations,35-44,Unk,Fatal,Male
6AM-12PM,No Control,FALSE,Straight-Level,Weekday,FALSE,Daylight,Single Vehicle,TRUE,Clear,2001-5000,Two,Narrow,35-44,Normal,Not Distracted,Male,One,1991-2000,Cut Corner On Left Turn,45-54,Inattentive/Distracted,Complaint,Male
12AM-6AM,No Control,TRUE,Straight-Level,Weekend,TRUE,Dark - No Street Lights,Single Vehicle,FALSE,Clear,Over 10000,Two,Narrow,Unk,Unk,Unk,Unk,One,Unk ,Unk,45-54,Unk,Fatal,Male
6AM-12PM,No Control,FALSE,Straight-Level,Weekend,FALSE,Daylight,Single Vehicle,FALSE,Clear,Over 10000,Four,Very Wide,25-34,Normal,Not Distracted,Male,One,2001-2010,No Violations,Unk,Inattentive/Distracted,Complaint,Female
6AM-12PM,Full Control,FALSE,Straight-Level,Weekday,FALSE,Daylight,Single Vehicle,FALSE,Clear,Over 10000,Four,Very Wide,65-74,Inattentive/Distracted,Not Distracted,Male,One,2011 and After,Careless Operation,25-34,Normal,Fatal,Male
6PM-12AM,No Control,FALSE,Straight-Level,Weekday,FALSE,Dark - No Street Lights,Single Vehicle,FALSE,Clear,2001-5000,Two,Wide,55-64,Normal,Not Distracted,Male,Two,1991-2000,No Violations,35-44,Inattentive/Distracted,Moderate,Male
12PM-6PM,No Control,TRUE,Straight-Level,Weekend,FALSE,Daylight,Single Vehicle,FALSE,Clear,Over 10000,Four,Very Wide,55-64,Normal,Not Distracted,Female,One,1991-2000,No Violations,45-54,Impaired,Moderate,Male
6PM-12AM,Partial Control,FALSE,Straight-Level,Weekend,TRUE,Dark - No Street Lights,Rear End,FALSE,Clear,Over 10000,Four,Very Wide,25-34,Inattentive/Distracted,Cell Phone,Male,One,2001-2010,Careless Operation,15-24,Normal,Moderate,Male
12PM-6PM,No Control,FALSE,Curve-Level,Weekend,FALSE,Daylight,Single Vehicle,FALSE,Clear,Over 10000,Two,Wide,45-54,Normal,Not Distracted,Female,One,2001-2010,No Violations,Unk,Inattentive/Distracted,Complaint,Male
12AM-6AM,Full Control,FALSE,Straight-Level,Weekend,FALSE,Dark - No Street Lights,Single Vehicle,FALSE,Clear,Over 10000,Four,Very Wide,35-44,Inattentive/Distracted,Not Distracted,Male,One,2001-2010,Unk,25-34,Normal,Fatal,Male
12AM-6AM,Full Control,FALSE,Straight-Level,Weekend,FALSE,Dark - No Street Lights,Single Vehicle,FALSE,Clear,Over 10000,Four,Very Wide,15-24,Normal,Not Distracted,Female,Two,2001-2010,No Violations,35-44,Unk,Moderate,Male
12PM-6PM,No Control,TRUE,Straight-Level,Weekend,FALSE,Daylight,Single Vehicle,TRUE,Clear,Over 10000,Six,Very Wide,65-74,Inattentive/Distracted,Outside Vehicle,Male,One,2001-2010,Careless Operation,35-44,Impaired,Complaint,Male
12PM-6PM,No Control,TRUE,Straight-Level,Weekday,FALSE,Daylight,Single Vehicle,FALSE,Clear,Over 10000,Two,Wide,25-34,Normal,Not Distracted,Male,Five or more,1991-2000,No Violations,35-44,Impaired,Complaint,Male
12PM-6PM,No Control,FALSE,Straight-Level,Weekday,TRUE,Daylight,Single Vehicle,TRUE,Clear,5001-10000,Four,Very Wide,Unk,Unk,Unk,Female,One,Unk ,Unk,Unk,Normal,Complaint,Female
12AM-6AM,No Control,FALSE,Straight-Level,Weekday,TRUE,Dark - No Street Lights,Single Vehicle,FALSE,Clear,Over 10000,Four,Very Wide,25-34,Unk,Unk,Female,One,2011 and After,Unk,35-44,Unk,Fatal,Male
12PM-6PM,No Control,FALSE,Straight-Level,Weekend,FALSE,Daylight,Single Vehicle,FALSE,Clear,2001-5000,Two,Wide,15-24,Normal,Not Distracted,Male,One,1990 and Before,Careless Operation,35-44,Normal,Moderate,Female
6PM-12AM,No Control,FALSE,Straight-Level,Weekday,FALSE,Dark - No Street Lights,Unk,FALSE,Clear,Over 10000,Four,Very Wide,55-64,Normal,Not Distracted,Female,One,2011 and After,No Violations,35-44,Unk,Complaint,Female
12PM-6PM,Partial Control,FALSE,Curve-Level,Weekday,TRUE,Daylight,Sideswipe,TRUE,Clear,Unk,No Info.,Unk,25-34,Normal,Not Distracted,Male,One,2001-2010,No Violations,35-44,Unk,Complaint,Male
6PM-12AM,No Control,TRUE,Curve-Level,Weekend,FALSE,Dark - Street Light,Single Vehicle,FALSE,Clear,Over 10000,Four,Very Wide,55-64,Normal,Not Distracted,Male,One,2011 and After,No Violations,25-34,Impaired,Fatal,Female
6AM-12PM,Full Control,FALSE,Straight-Level,Weekend,FALSE,Daylight,Rear End,FALSE,Abnormal,Over 10000,Six,Very Wide,15-24,Inattentive/Distracted,Not Distracted,Male,Five or more,2001-2010,Vehicle Condition,45-54,Normal,Moderate,Female
12PM-6PM,No Control,FALSE,Curve-Level,Weekend,FALSE,Daylight,Unk,FALSE,Clear,Over 10000,Two,Wide,15-24,Normal,Not Distracted,Male,One,1991-2000,No Violations,15-24,Inattentive/Distracted,Moderate,Male
6AM-12PM,No Control,FALSE,Straight-Level,Weekday,FALSE,"Dusk, Dawn",Head-On,FALSE,Clear,Over 10000,Four,Very Wide,55-64,Normal,Not Distracted,Male,One,2011 and After,Careless Operation,35-44,Normal,Moderate,Male
6PM-12AM,No Control,FALSE,Straight-Level,Weekend,TRUE,Dark - No Street Lights,Rear End,FALSE,Clear,5001-10000,Two,Wide,Unk,Unk,Unk,Unk,One,Unk ,Unk,15-24,Normal,Complaint,Male
6PM-12AM,No Control,TRUE,Straight-Level,Weekend,FALSE,Dark - Street Light,Single Vehicle,FALSE,Clear,Over 10000,Six,Very Wide,45-54,Normal,Not Distracted,Male,One,2001-2010,No Violations,45-54,Impaired,No Injury,Male
12AM-6AM,Full Control,TRUE,Straight-Level,Weekend,FALSE,Dark - No Street Lights,Single Vehicle,FALSE,Clear,Over 10000,Four,Very Wide,55-64,Normal,Not Distracted,Male,Five or more,2001-2010,No Violations,25-34,Impaired,Fatal,Female
6PM-12AM,No Control,TRUE,Straight-Level,Weekday,FALSE,Dark - No Street Lights,Single Vehicle,FALSE,Clear,2001-5000,Two,Wide,15-24,Normal,Not Distracted,Female,One,2001-2010,No Violations,55-64,Unk,Fatal,Male
12AM-6AM,Full Control,TRUE,Hillcrest,Weekday,FALSE,Dark - Street Light,Sideswipe,FALSE,Clear,Over 10000,Six,Very Wide,25-34,Impaired,Not Distracted,Male,One,2001-2010,Driver Condition,35-44,Normal,Moderate,Male
12AM-6AM,Full Control,FALSE,Straight-Level,Weekday,FALSE,Dark - No Street Lights,Unk,FALSE,Clear,Over 10000,Four,Very Wide,45-54,Normal,Not Distracted,Male,Two,2001-2010,No Violations,25-34,Unk,Severe,Male
12AM-6AM,No Control,FALSE,Straight-Level,Weekend,FALSE,Dark - No Street Lights,Rear End,FALSE,Clear,2001-5000,Two,Wide,25-34,Inattentive/Distracted,Outside Vehicle,Female,One,2001-2010,Careless Operation,45-54,Normal,No Injury,Male
6PM-12AM,No Control,FALSE,Straight-Level,Weekday,FALSE,Daylight,Single Vehicle,FALSE,Clear,5001-10000,Two,Wide,35-44,Normal,Not Distracted,Female,Four,1991-2000,No Violations,Unk,Inattentive/Distracted,Fatal,Male
6PM-12AM,No Control,TRUE,On Grade,Weekend,TRUE,Dark - No Street Lights,Rear End,FALSE,Clear,Over 10000,Two,Narrow,25-34,Inattentive/Distracted,Inside Vehi.,Male,One,2001-2010,Careless Operation,35-44,Impaired,Moderate,Male
12PM-6PM,Full Control,FALSE,Straight-Level,Weekend,FALSE,Daylight,Single Vehicle,FALSE,Abnormal,Over 10000,Four,Very Wide,25-34,Normal,Not Distracted,Male,One,1991-2000,No Violations,55-64,Inattentive/Distracted,Moderate,Male
6PM-12AM,No Control,FALSE,Straight-Level,Weekday,FALSE,Dark - No Street Lights,Unk,FALSE,Clear,Over 10000,Four,Very Wide,35-44,Inattentive/Distracted,Outside Vehicle,Male,Two,1991-2000,Careless Operation,25-34,Normal,Moderate,Male
6PM-12AM,No Control,FALSE,Straight-Level,Weekend,FALSE,Dark - No Street Lights,Single Vehicle,FALSE,Clear,2001-5000,Two,Wide,Unk,Unk,Unk,Unk,One,Unk ,Unk,25-34,Normal,Complaint,Male
6PM-12AM,No Control,FALSE,Straight-Level,Weekday,FALSE,Dark - No Street Lights,Single Vehicle,FALSE,Clear,Over 10000,Four,Very Wide,45-54,Normal,Not Distracted,Male,One,1991-2000,No Violations,55-64,Inattentive/Distracted,Complaint,Male