Hour,Access,Alcohol,Align,Day,Hit,Light,Collision,Interection,Weather,ADT,Num Lanes,Pav Width,Dr Age,Dr Cond.,Dr Distract,Dr Gender,Num Occ,Veh Year,Violations,Ped Age,Ped Cond.,Ped Inj.,Ped Gender
6PM-12AM,No Control,FALSE,On Grade,Weekday,FALSE,Dark - Street Light,Single Vehicle,TRUE,Clear,Over 10000,Four,Very Wide,35-44,Normal,Not Distracted,Male,One,2001-2010,Unk,45-54,Unk,Severe,Male
12PM-6PM,No Control,FALSE,Straight-Level,Weekend,FALSE,Daylight,Single Vehicle,TRUE,Clear,Over 10000,Six,Very Wide,25-34,Inattentive/Distracted,Unk,Female,One,2001-2010,Failure To Yield,75-Inf,Normal,Moderate,Female
6PM-12AM,No Control,FALSE,Straight-Level,Weekday,TRUE,Dark - Street Light,Single Vehicle,FALSE,Clear,Unk,No Info.,Unk,15-24,Unk,Unk,Male,Two,1991-2000,Careless Operation,35-44,Unk,Complaint,Male
6PM-12AM,No Control,FALSE,Straight-Level,Weekday,TRUE,Dark - Street Light,Single Vehicle,FALSE,Clear,Over 10000,Four,Very Wide,Unk,Unk,Unk,Unk,One,Unk ,Unk,55-64,Unk,Fatal,Male
6AM-12PM,No Control,FALSE,Straight-Level,Weekday,TRUE,Daylight,Right Angle,TRUE,Clear,Over 10000,Four,Very Wide,Unk,Inattentive/Distracted,Unk,Unk,One,2001-2010,Failure To Yield,25-34,Normal,Complaint,Female
6PM-12AM,No Control,FALSE,Straight-Level,Weekend,FALSE,Daylight,Single Vehicle,FALSE,Clear,Unk,No Info.,Unk,45-54,Normal,Unk,Unk,One,1991-2000,No Violations,Unk,Normal,No Injury,Unk
6AM-12PM,No Control,FALSE,Straight-Level,Weekend,FALSE,Daylight,Single Vehicle,TRUE,Abnormal,Over 10000,Four,Very Wide,45-54,Normal,Not Distracted,Female,Two,2001-2010,No Violations,15-24,Normal,Complaint,Male
6AM-12PM,No Control,FALSE,Curve-Level,Weekday,FALSE,Daylight,Left Turn,FALSE,Clear,Unk,No Info.,Unk,35-44,Normal,Not Distracted,Male,One,2011 and After,No Violations,25-34,Unk,Complaint,Male
6AM-12PM,No Control,FALSE,Straight-Level,Weekend,TRUE,Daylight,Sideswipe,FALSE,Clear,Over 10000,Two,Narrow,Unk,Unk,Unk,Male,One,1991-2000,Unk,Unk,Normal,No Injury,Unk
12PM-6PM,No Control,FALSE,Straight-Level,Weekend,FALSE,Daylight,Left Turn,TRUE,Clear,Over 10000,Four,Very Wide,15-24,Inattentive/Distracted,Unk,Female,One,2001-2010,Disregarded Traffic Control,Unk,Normal,Complaint,Female
6PM-12AM,No Control,FALSE,Straight-Level,Weekday,FALSE,Dark - Street Light,Right Turn,FALSE,Clear,Unk,No Info.,Unk,45-54,Normal,Unk,Female,One,2001-2010,Improper Backing,Unk,Normal,No Injury,Unk
12PM-6PM,No Control,FALSE,Straight-Level,Weekday,TRUE,Daylight,Unk,FALSE,Clear,Over 10000,Four,Very Wide,Unk,Unk,Unk,Unk,One,Unk ,Unk,25-34,Normal,Moderate,Male
12PM-6PM,No Control,FALSE,Straight-Level,Weekday,FALSE,Daylight,Sideswipe,FALSE,Clear,Unk,No Info.,Unk,35-44,Normal,Not Distracted,Male,One,1991-2000,No Violations,45-54,Normal,Moderate,Female
6PM-12AM,No Control,FALSE,Straight-Level,Weekend,TRUE,Daylight,Single Vehicle,FALSE,Clear,Unk,No Info.,Unk,35-44,Normal,Not Distracted,Male,One,2001-2010,Unk,45-54,Normal,Moderate,Female
6AM-12PM,No Control,FALSE,Straight-Level,Weekend,TRUE,Daylight,Unk,TRUE,Abnormal,Unk,No Info.,Unk,55-64,Normal,Not Distracted,Female,Three,2001-2010,No Violations,15-24,Normal,No Injury,Male
12AM-6AM,Partial Control,TRUE,Straight-Level,Weekend,FALSE,Dark - Street Light,Unk,FALSE,Clear,Over 10000,Six,Very Wide,55-64,Normal,Not Distracted,Male,Two,2001-2010,No Violations,25-34,Impaired,Moderate,Female
12AM-6AM,No Control,FALSE,Straight-Level,Weekend,TRUE,Dark - Street Light,Single Vehicle,FALSE,Clear,Unk,No Info.,Unk,Unk,Unk,Unk,Unk,One,Unk ,Unk,Unk,Unk,No Injury,Unk
6AM-12PM,No Control,FALSE,Straight-Level,Weekday,FALSE,Daylight,Single Vehicle,TRUE,Clear,Over 10000,Four,Very Wide,45-54,Normal,Unk,Male,One,2001-2010,No Violations,45-54,Normal,Moderate,Male
6PM-12AM,No Control,FALSE,Straight-Level,Weekend,FALSE,Dark - No Street Lights,Left Turn,FALSE,Clear,Unk,No Info.,Unk,25-34,Normal,Not Distracted,Female,One,2001-2010,No Violations,Unk,Unk,No Injury,Male
12PM-6PM,No Control,FALSE,Straight-Level,Weekend,FALSE,Daylight,Single Vehicle,FALSE,Clear,Unk,No Info.,Unk,65-74,Normal,Not Distracted,Male,Two,1991-2000,Unk,Unk,Unk,No Injury,Female
12PM-6PM,No Control,FALSE,Straight-Level,Weekend,FALSE,Daylight,Single Vehicle,FALSE,Clear,Unk,No Info.,Unk,75-Inf,Normal,Not Distracted,Female,One,2001-2010,No Violations,65-74,Inattentive/Distracted,Moderate,Male
12AM-6AM,No Control,TRUE,Straight-Level,Weekend,TRUE,Dark - Street Light,Right Angle,FALSE,Clear,2001-5000,Two,Wide,25-34,Unk,Unk,Male,One,2001-2010,No Violations,15-24,Impaired,Moderate,Female
12AM-6AM,No Control,TRUE,Straight-Level,Weekday,FALSE,Dark - Street Light,Single Vehicle,TRUE,Clear,Unk,No Info.,Unk,25-34,Impaired,Not Distracted,Female,One,2001-2010,Unk,25-34,Unk,Complaint,Female
6AM-12PM,No Control,FALSE,Straight-Level,Weekday,FALSE,Dark - Street Light,Single Vehicle,TRUE,Clear,Unk,No Info.,Unk,35-44,Normal,Unk,Male,Three,2001-2010,Careless Operation,25-34,Normal,Complaint,Female
6AM-12PM,No Control,FALSE,Straight-Level,Weekday,FALSE,Daylight,Unk,FALSE,Clear,Unk,No Info.,Unk,65-74,Normal,Unk,Female,Two,2011 and After,No Violations,25-34,Normal,Moderate,Female
6AM-12PM,No Control,FALSE,Straight-Level,Weekend,FALSE,Daylight,Single Vehicle,FALSE,Clear,Unk,No Info.,Unk,15-24,Normal,Not Distracted,Male,One,2011 and After,No Violations,Unk,Normal,No Injury,Male
6PM-12AM,No Control,TRUE,Straight-Level,Weekday,FALSE,Dark - Street Light,Single Vehicle,TRUE,Clear,Over 10000,Four,Very Wide,55-64,Normal,Not Distracted,Female,One,2001-2010,No Violations,45-54,Impaired,Fatal,Male
12PM-6PM,No Control,FALSE,Straight-Level,Weekend,TRUE,Daylight,Single Vehicle,TRUE,Clear,Unk,No Info.,Unk,Unk,Unk,Unk,Unk,One,Unk ,Careless Operation,15-24,Unk,Complaint,Female
12PM-6PM,No Control,FALSE,Straight-Level,Weekend,FALSE,Daylight,Unk,TRUE,Clear,Unk,No Info.,Unk,25-34,Normal,Inside Vehi.,Male,One,1991-2000,Careless Operation,Unk,Unk,Complaint,Female
12PM-6PM,No Control,FALSE,Straight-Level,Weekend,FALSE,Daylight,Unk,FALSE,Clear,Unk,No Info.,Unk,15-24,Normal,Not Distracted,Male,One,2001-2010,No Violations,Unk,Unk,Complaint,Male
12PM-6PM,No Control,FALSE,Straight-Level,Weekend,FALSE,Daylight,Unk,FALSE,Clear,Unk,No Info.,Unk,45-54,Normal,Not Distracted,Male,One,1991-2000,No Violations,Unk,Normal,Moderate,Female
12PM-6PM,No Control,FALSE,Straight-Level,Weekday,FALSE,Daylight,Unk,FALSE,Clear,Unk,No Info.,Unk,45-54,Normal,Not Distracted,Female,One,2001-2010,Failure To Yield,55-64,Normal,Severe,Female
12PM-6PM,Partial Control,FALSE,Straight-Level,Weekend,FALSE,Daylight,Single Vehicle,FALSE,Abnormal,Unk,No Info.,Unk,Unk,Unk,Unk,Unk,One,Unk ,No Violations,Unk,Normal,Complaint,Female
6PM-12AM,No Control,FALSE,Straight-Level,Weekend,TRUE,Dark - Street Light,Single Vehicle,FALSE,Clear,Over 10000,Six,Very Wide,25-34,Unk,Not Distracted,Male,One,2001-2010,Careless Operation,35-44,Unk,Moderate,Male
12PM-6PM,Full Control,FALSE,Straight-Level,Weekend,TRUE,Daylight,Single Vehicle,TRUE,Abnormal,Unk,No Info.,Unk,Unk,Unk,Unk,Unk,One,Unk ,Unk,45-54,Unk,Moderate,Male
12AM-6AM,No Control,TRUE,On Grade,Weekday,FALSE,Dark - No Street Lights,Sideswipe,FALSE,Clear,Over 10000,Six,Very Wide,35-44,Unk,Unk,Male,One,2001-2010,Unk,35-44,Impaired,Moderate,Male
6PM-12AM,No Control,TRUE,Straight-Level,Weekday,FALSE,Dark - Street Light,Right Angle,FALSE,Clear,Unk,No Info.,Unk,25-34,Normal,Not Distracted,Male,One,1991-2000,No Violations,25-34,Impaired,Moderate,Female
6PM-12AM,No Control,FALSE,Straight-Level,Weekend,FALSE,"Dusk, Dawn",Single Vehicle,FALSE,Clear,Unk,No Info.,Unk,25-34,Normal,Not Distracted,Male,One,2001-2010,No Violations,Unk,Unk,No Injury,Unk
12PM-6PM,No Control,FALSE,Straight-Level,Weekday,FALSE,Daylight,Unk,FALSE,Clear,Unk,No Info.,Unk,55-64,Normal,Not Distracted,Male,One,1991-2000,No Violations,Unk,Inattentive/Distracted,Moderate,Male
12PM-6PM,No Control,FALSE,Straight-Level,Weekend,FALSE,Daylight,Single Vehicle,TRUE,Clear,Unk,No Info.,Unk,45-54,Normal,Not Distracted,Female,Two,2011 and After,No Violations,25-34,Normal,Moderate,Male
6AM-12PM,No Control,FALSE,Straight-Level,Weekday,TRUE,Daylight,Single Vehicle,FALSE,Abnormal,Unk,No Info.,Unk,Unk,Unk,Unk,Unk,One,Unk ,Careless Operation,15-24,Normal,Complaint,Female
12PM-6PM,No Control,FALSE,Straight-Level,Weekend,FALSE,Dark - Street Light,Unk,FALSE,Clear,Unk,No Info.,Unk,55-64,Normal,Not Distracted,Female,One,2001-2010,No Violations,Unk,Inattentive/Distracted,Moderate,Male
12PM-6PM,Partial Control,FALSE,Straight-Level,Weekday,FALSE,Daylight,Single Vehicle,TRUE,Abnormal,Unk,No Info.,Unk,15-24,Normal,Not Distracted,Female,Two,2001-2010,Unk,45-54,Normal,Moderate,Male
6AM-12PM,No Control,FALSE,Straight-Level,Weekday,FALSE,Daylight,Right Angle,FALSE,Clear,Unk,No Info.,Unk,25-34,Normal,Unk,Female,One,2001-2010,Unk,Unk,Normal,Complaint,Male
12PM-6PM,No Control,FALSE,Straight-Level,Weekday,TRUE,Daylight,Single Vehicle,TRUE,Clear,Unk,No Info.,Unk,Unk,Unk,Unk,Male,One,Unk ,Unk,35-44,Normal,Complaint,Female
6PM-12AM,No Control,FALSE,Straight-Level,Weekend,TRUE,Dark - Street Light,Unk,TRUE,Clear,Unk,No Info.,Unk,Unk,Unk,Unk,Unk,One,Unk ,Failure To Yield,15-24,Normal,Moderate,Male
6AM-12PM,No Control,FALSE,Straight-Level,Weekday,FALSE,Daylight,Unk,TRUE,Clear,Unk,No Info.,Unk,25-34,Normal,Not Distracted,Female,One,2001-2010,No Violations,45-54,Unk,Moderate,Male
6AM-12PM,No Control,FALSE,Straight-Level,Weekday,FALSE,Daylight,Unk,FALSE,Clear,Unk,No Info.,Unk,35-44,Normal,Not Distracted,Male,One,2011 and After,Unk,35-44,Unk,Severe,Female
12AM-6AM,No Control,FALSE,Straight-Level,Weekend,TRUE,Dark - Street Light,Unk,TRUE,Clear,Over 10000,Four,Very Wide,Unk,Unk,Unk,Unk,One,Unk ,Careless Operation,25-34,Unk,Severe,Male
6PM-12AM,No Control,FALSE,Straight-Level,Weekday,FALSE,Dark - Street Light,Single Vehicle,FALSE,Unk,Unk,No Info.,Unk,55-64,Unk,Unk,Female,One,2001-2010,Unk,65-74,Unk,Severe,Male
12PM-6PM,No Control,FALSE,Straight-Level,Weekend,FALSE,Daylight,Unk,FALSE,Abnormal,Unk,No Info.,Unk,15-24,Inattentive/Distracted,Unk,Male,One,2001-2010,Driver Condition,Unk,Unk,Moderate,Male
6PM-12AM,No Control,FALSE,Straight-Level,Weekday,FALSE,Dark - No Street Lights,Unk,FALSE,Clear,Unk,No Info.,Unk,55-64,Normal,Not Distracted,Male,One,2001-2010,No Violations,Unk,Unk,Complaint,Male
6PM-12AM,Partial Control,FALSE,Straight-Level,Weekend,FALSE,Dark - No Street Lights,Rear End,FALSE,Clear,Over 10000,Four,Very Wide,25-34,Inattentive/Distracted,Unk,Male,One,1991-2000,Unk,Unk,Unk,No Injury,Unk
12PM-6PM,Partial Control,FALSE,Hillcrest,Weekday,TRUE,Daylight,Single Vehicle,TRUE,Clear,Unk,No Info.,Unk,15-24,Unk,Unk,Male,One,2001-2010,Careless Operation,Unk,Unk,No Injury,Male
12PM-6PM,Partial Control,FALSE,Straight-Level,Weekend,FALSE,Daylight,Unk,TRUE,Clear,Unk,No Info.,Unk,55-64,Inattentive/Distracted,Unk,Male,One,1991-2000,Disregarded Traffic Control,15-24,Normal,Complaint,Female
6PM-12AM,No Control,FALSE,Curve-Level,Weekday,FALSE,Dark - No Street Lights,Single Vehicle,FALSE,Abnormal,Over 10000,Four,Very Wide,25-34,Normal,Not Distracted,Female,One,2001-2010,No Violations,55-64,Normal,Severe,Male
12PM-6PM,Partial Control,FALSE,Straight-Level,Weekday,FALSE,Daylight,Unk,FALSE,Clear,Unk,No Info.,Unk,45-54,Normal,Not Distracted,Male,One,2011 and After,Improper Parking,55-64,Unk,Complaint,Female
6AM-12PM,No Control,FALSE,Straight-Level,Weekday,FALSE,Daylight,Unk,FALSE,Clear,Unk,No Info.,Unk,35-44,Normal,Not Distracted,Male,One,1991-2000,No Violations,Unk,Normal,Moderate,Male
6PM-12AM,No Control,FALSE,Straight-Level,Weekend,TRUE,Daylight,Right Angle,FALSE,Clear,Unk,No Info.,Unk,Unk,Unk,Unk,Unk,One,Unk ,Unk,Unk,Normal,Moderate,Male
6PM-12AM,No Control,FALSE,Straight-Level,Weekday,FALSE,Daylight,Single Vehicle,FALSE,Clear,Unk,No Info.,Unk,65-74,Normal,Not Distracted,Male,One,2001-2010,No Violations,Unk,Normal,Moderate,Female
12PM-6PM,No Control,FALSE,Straight-Level,Weekday,TRUE,Daylight,Sideswipe,FALSE,Clear,Unk,No Info.,Unk,Unk,Unk,Unk,Unk,One,Unk ,Unk,Unk,Normal,Moderate,Male
12PM-6PM,No Control,TRUE,Straight-Level,Weekday,TRUE,Daylight,Single Vehicle,TRUE,Abnormal,Unk,No Info.,Unk,Unk,Unk,Unk,Unk,One,Unk ,Unk,45-54,Impaired,Complaint,Male
12PM-6PM,No Control,FALSE,Straight-Level,Weekend,TRUE,Dark - Street Light,Unk,FALSE,Clear,Unk,No Info.,Unk,Unk,Unk,Unk,Unk,One,Unk ,Unk,35-44,Unk,Moderate,Male
12AM-6AM,No Control,TRUE,Straight-Level,Weekend,TRUE,Dark - Street Light,Unk,FALSE,Clear,Unk,No Info.,Unk,25-34,Impaired,Unk,Male,One,1991-2000,Driver Condition,25-34,Unk,Moderate,Male
6PM-12AM,No Control,FALSE,Straight-Level,Weekend,TRUE,Daylight,Unk,FALSE,Clear,Over 10000,Four,Very Wide,Unk,Unk,Unk,Unk,One,Unk ,Careless Operation,65-74,Normal,Moderate,Female
6PM-12AM,No Control,TRUE,Straight-Level,Weekend,FALSE,Dark - Street Light,Single Vehicle,FALSE,Clear,Unk,No Info.,Unk,15-24,Impaired,Unk,Female,One,2001-2010,Careless Operation,Unk,Unk,Complaint,Female
6AM-12PM,No Control,FALSE,Straight-Level,Weekday,FALSE,Daylight,Single Vehicle,TRUE,Clear,2001-5000,Four,Very Wide,45-54,Impaired,Unk,Female,One,2001-2010,Failure To Yield,15-24,Unk,Moderate,Female
12PM-6PM,Partial Control,FALSE,Straight-Level,Weekday,FALSE,Daylight,Unk,FALSE,Abnormal,Unk,No Info.,Unk,Unk,Unk,Unk,Unk,One,Unk ,Unk,Unk,Unk,Moderate,Male
6AM-12PM,No Control,FALSE,Straight-Level,Weekday,FALSE,Daylight,Unk,TRUE,Clear,Unk,No Info.,Unk,15-24,Normal,Not Distracted,Male,Two,2001-2010,Failure To Yield,15-24,Unk,Moderate,Male
12PM-6PM,Partial Control,FALSE,Straight-Level,Weekend,FALSE,Daylight,Single Vehicle,TRUE,Clear,Over 10000,Six,Very Wide,15-24,Normal,Not Distracted,Male,One,2001-2010,No Violations,35-44,Inattentive/Distracted,Complaint,Male
6PM-12AM,No Control,FALSE,Straight-Level,Weekend,TRUE,Dark - Street Light,Right Angle,TRUE,Clear,Unk,No Info.,Unk,Unk,Unk,Unk,Unk,One,Unk ,Unk,Unk,Unk,No Injury,Unk
12PM-6PM,Partial Control,FALSE,Straight-Level,Weekend,FALSE,Daylight,Single Vehicle,TRUE,Clear,Over 10000,Six,Very Wide,65-74,Normal,Not Distracted,Male,One,2011 and After,Failure To Yield,45-54,Unk,Complaint,Male
12PM-6PM,Partial Control,FALSE,Straight-Level,Weekday,FALSE,Daylight,Unk,TRUE,Clear,Over 10000,Four,Very Wide,75-Inf,Inattentive/Distracted,Outside Vehicle,Female,One,1991-2000,Unk,65-74,Unk,Moderate,Female
12PM-6PM,No Control,FALSE,Straight-Level,Weekday,FALSE,Daylight,Single Vehicle,TRUE,Abnormal,Unk,No Info.,Unk,25-34,Inattentive/Distracted,Not Distracted,Female,One,2001-2010,Driver Condition,75-Inf,Normal,Moderate,Male
6PM-12AM,No Control,FALSE,Straight-Level,Weekday,FALSE,Dark - Street Light,Single Vehicle,TRUE,Clear,Unk,No Info.,Unk,35-44,Unk,Unk,Female,One,1991-2000,No Violations,Unk,Unk,Moderate,Male
6PM-12AM,No Control,FALSE,Straight-Level,Weekday,FALSE,Dark - Street Light,Unk,TRUE,Unk,5001-10000,Four,Very Wide,55-64,Inattentive/Distracted,Not Distracted,Female,One,2001-2010,Driver Condition,45-54,Unk,Complaint,Male
12PM-6PM,No Control,FALSE,Straight-Level,Weekday,FALSE,Daylight,Single Vehicle,FALSE,Abnormal,Over 10000,Four,Very Wide,25-34,Normal,Not Distracted,Male,Two,1991-2000,No Violations,45-54,Normal,Complaint,Female
12PM-6PM,No Control,FALSE,Straight-Level,Weekday,FALSE,Daylight,Single Vehicle,FALSE,Clear,Unk,No Info.,Unk,45-54,Normal,Not Distracted,Male,One,1991-2000,No Violations,Unk,Inattentive/Distracted,Moderate,Female
12PM-6PM,No Control,FALSE,Straight-Level,Weekday,FALSE,Daylight,Single Vehicle,TRUE,Abnormal,Unk,No Info.,Unk,25-34,Inattentive/Distracted,Not Distracted,Female,One,2001-2010,Failure To Yield,Unk,Unk,Complaint,Female
6AM-12PM,No Control,FALSE,Straight-Level,Weekday,FALSE,Daylight,Unk,FALSE,Clear,Unk,No Info.,Unk,25-34,Normal,Not Distracted,Male,One,2001-2010,No Violations,Unk,Inattentive/Distracted,Complaint,Male
6AM-12PM,No Control,FALSE,Straight-Level,Weekend,FALSE,Daylight,Single Vehicle,TRUE,Clear,Over 10000,Four,Very Wide,25-34,Inattentive/Distracted,Not Distracted,Female,One,2011 and After,No Violations,35-44,Normal,Complaint,Female
12PM-6PM,No Control,FALSE,Straight-Level,Weekday,FALSE,Daylight,Single Vehicle,FALSE,Clear,Unk,No Info.,Unk,55-64,Normal,Not Distracted,Male,One,1991-2000,No Violations,Unk,Inattentive/Distracted,Moderate,Male
12PM-6PM,Partial Control,FALSE,Straight-Level,Weekday,TRUE,Daylight,Right Angle,TRUE,Abnormal,Unk,No Info.,Unk,Unk,Unk,Unk,Unk,One,Unk ,Unk,Unk,Normal,Complaint,Male
12AM-6AM,No Control,FALSE,Straight-Level,Weekend,FALSE,Dark - Street Light,Sideswipe,FALSE,Clear,Unk,No Info.,Unk,15-24,"Sleep, Fatigue",Unk,Male,One,1991-2000,Driver Condition,35-44,Normal,Complaint,Male
6PM-12AM,No Control,FALSE,Straight-Level,Weekday,FALSE,Dark - Street Light,Unk,FALSE,Clear,Unk,No Info.,Unk,55-64,Inattentive/Distracted,Not Distracted,Male,One,2001-2010,Careless Operation,25-34,Normal,Moderate,Female
12PM-6PM,No Control,FALSE,Straight-Level,Weekend,FALSE,Daylight,Sideswipe,FALSE,Clear,Unk,No Info.,Unk,45-54,Inattentive/Distracted,Outside Vehicle,Male,Four,1990 and Before,No Violations,Unk,Inattentive/Distracted,Complaint,Male
6PM-12AM,No Control,FALSE,Straight-Level,Weekend,TRUE,Daylight,Single Vehicle,FALSE,Clear,Over 10000,Two,Wide,Unk,Unk,Unk,Unk,One,Unk ,Unk,55-64,Normal,Complaint,Female
6PM-12AM,No Control,FALSE,Straight-Level,Weekend,FALSE,Dark - Street Light,Right Angle,FALSE,Clear,Unk,No Info.,Unk,55-64,Normal,Not Distracted,Male,Two,2001-2010,No Violations,25-34,Inattentive/Distracted,No Injury,Male
6PM-12AM,No Control,FALSE,Straight-Level,Weekend,TRUE,Dark - Street Light,Single Vehicle,FALSE,Clear,Over 10000,Four,Very Wide,Unk,Unk,Unk,Unk,One,Unk ,Careless Operation,45-54,Normal,Moderate,Male
6PM-12AM,No Control,FALSE,Straight-Level,Weekday,TRUE,Daylight,Single Vehicle,FALSE,Clear,Unk,No Info.,Unk,Unk,Other,Outside Vehicle,Male,One,Unk ,Unk,Unk,Unk,No Injury,Unk
12PM-6PM,No Control,FALSE,Straight-Level,Weekday,FALSE,Daylight,Single Vehicle,FALSE,Clear,Over 10000,Four,Very Wide,15-24,Normal,Not Distracted,Female,Two,2001-2010,No Violations,15-24,Inattentive/Distracted,Complaint,Male
12PM-6PM,Unk,FALSE,Straight-Level,Weekend,FALSE,Daylight,Single Vehicle,FALSE,Clear,Over 10000,Four,Very Wide,25-34,Normal,Unk,Male,Three,2001-2010,No Violations,15-24,Inattentive/Distracted,No Injury,Male
6PM-12AM,Partial Control,FALSE,Straight-Level,Weekday,FALSE,Dark - Street Light,Single Vehicle,TRUE,Clear,Unk,No Info.,Unk,55-64,Inattentive/Distracted,Not Distracted,Male,One,2001-2010,Driver Condition,75-Inf,Inattentive/Distracted,Moderate,Female
12PM-6PM,No Control,FALSE,Straight-Level,Weekday,FALSE,Dark - Street Light,Single Vehicle,TRUE,Clear,Over 10000,Four,Very Wide,25-34,Normal,Not Distracted,Male,One,1991-2000,No Violations,55-64,Illness,Complaint,Male
6PM-12AM,No Control,TRUE,Straight-Level,Weekday,TRUE,Dark - Street Light,Unk,TRUE,Clear,Unk,No Info.,Unk,35-44,Impaired,Unk,Male,One,1991-2000,Careless Operation,15-24,Normal,Moderate,Male
6PM-12AM,No Control,FALSE,Straight-Level,Weekday,TRUE,Dark - Street Light,Unk,TRUE,Clear,Unk,No Info.,Unk,Unk,Unk,Unk,Unk,One,Unk ,Unk,15-24,Normal,Complaint,Female
6AM-12PM,No Control,FALSE,Straight-Level,Weekend,FALSE,Daylight,Right Angle,TRUE,Clear,Over 10000,Four,Very Wide,15-24,Normal,Not Distracted,Male,One,1991-2000,No Violations,55-64,Inattentive/Distracted,Complaint,Male
12PM-6PM,No Control,FALSE,Straight-Level,Weekend,FALSE,Daylight,Unk,FALSE,Clear,2001-5000,Two,Wide,45-54,Normal,Not Distracted,Female,One,2001-2010,No Violations,Unk,Unk,Complaint,Female
12PM-6PM,No Control,FALSE,Straight-Level,Weekend,TRUE,Dark - Street Light,Single Vehicle,FALSE,Clear,Unk,No Info.,Unk,Unk,Unk,Unk,Unk,One,Unk ,Unk,Unk,Unk,Moderate,Female
6PM-12AM,No Control,FALSE,Straight-Level,Weekday,FALSE,Dark - Street Light,Single Vehicle,FALSE,Clear,Unk,No Info.,Unk,35-44,Normal,Not Distracted,Female,Four,2001-2010,Improper Backing,15-24,Normal,Severe,Female
12PM-6PM,No Control,FALSE,Straight-Level,Weekday,TRUE,Daylight,Single Vehicle,FALSE,Abnormal,Unk,No Info.,Unk,Unk,Unk,Unk,Unk,One,Unk ,Unk,Unk,Unk,Complaint,Male
12PM-6PM,No Control,FALSE,Straight-Level,Weekend,TRUE,Daylight,Unk,FALSE,Clear,Unk,No Info.,Unk,Unk,Unk,Unk,Unk,One,Unk ,Careless Operation,15-24,Normal,Moderate,Male
6PM-12AM,Partial Control,FALSE,Straight-Level,Weekday,FALSE,Dark - Street Light,Unk,TRUE,Clear,Unk,No Info.,Unk,55-64,Normal,Not Distracted,Female,One,2001-2010,No Violations,15-24,Normal,Complaint,Male
6AM-12PM,No Control,FALSE,Straight-Level,Weekday,TRUE,Daylight,Right Angle,TRUE,Clear,Over 10000,Four,Very Wide,Unk,Unk,Unk,Male,One,Unk ,Unk,15-24,Normal,Complaint,Male
6PM-12AM,No Control,FALSE,Straight-Level,Weekend,FALSE,Dark - Street Light,Unk,TRUE,Clear,Unk,No Info.,Unk,15-24,Normal,Not Distracted,Female,One,1991-2000,No Violations,Unk,Unk,No Injury,Unk
12PM-6PM,No Control,FALSE,Straight-Level,Weekday,FALSE,Daylight,Unk,TRUE,Clear,Unk,No Info.,Unk,Unk,Unk,Unk,Unk,One,2001-2010,Unk,25-34,Unk,Moderate,Male
12AM-6AM,No Control,FALSE,Straight-Level,Weekday,TRUE,Dark - Street Light,Unk,TRUE,Clear,Unk,No Info.,Unk,Unk,Unk,Unk,Unk,One,Unk ,Unk,45-54,Normal,Moderate,Male
12PM-6PM,No Control,TRUE,Straight-Level,Weekend,FALSE,Daylight,Single Vehicle,FALSE,Clear,Unk,No Info.,Unk,55-64,Normal,Not Distracted,Female,One,2001-2010,No Violations,45-54,Impaired,Complaint,Male
6PM-12AM,No Control,TRUE,Straight-Level,Weekend,FALSE,Daylight,Single Vehicle,FALSE,Clear,Unk,No Info.,Unk,15-24,Normal,Not Distracted,Male,Two,2001-2010,No Violations,35-44,Impaired,Complaint,Male
12PM-6PM,No Control,FALSE,Straight-Level,Weekend,FALSE,Daylight,Single Vehicle,FALSE,Abnormal,Unk,No Info.,Unk,35-44,Normal,Not Distracted,Male,One,2001-2010,No Violations,55-64,Inattentive/Distracted,Moderate,Female
6PM-12AM,No Control,FALSE,Curve-Level,Weekend,TRUE,Dark - No Street Lights,Single Vehicle,FALSE,Abnormal,Unk,No Info.,Unk,Unk,Unk,Unk,Unk,One,2001-2010,Unk,15-24,Normal,Moderate,Male
12PM-6PM,No Control,FALSE,Straight-Level,Weekday,FALSE,Daylight,Single Vehicle,FALSE,Clear,Unk,No Info.,Unk,35-44,Normal,Not Distracted,Female,One,2011 and After,No Violations,15-24,Unk,Complaint,Male
6AM-12PM,No Control,FALSE,Straight-Level,Weekday,FALSE,Daylight,Rear End,FALSE,Abnormal,Unk,No Info.,Unk,45-54,Normal,Not Distracted,Male,One,2001-2010,Careless Operation,55-64,Unk,Moderate,Male
6AM-12PM,No Control,FALSE,Straight-Level,Weekday,TRUE,Daylight,Right Angle,TRUE,Clear,Over 10000,Four,Very Wide,Unk,Unk,Unk,Unk,One,Unk ,Unk,Unk,Normal,No Injury,Unk
6AM-12PM,Full Control,FALSE,Straight-Level,Weekday,TRUE,"Dusk, Dawn",Single Vehicle,TRUE,Clear,Unk,No Info.,Unk,Unk,Unk,Unk,Female,One,Unk ,Careless Operation,Unk,Normal,Complaint,Male
6PM-12AM,No Control,FALSE,Unk,Weekend,TRUE,Dark - Street Light,Single Vehicle,TRUE,Clear,Unk,No Info.,Unk,Unk,Unk,Unk,Unk,One,Unk ,Failure To Yield,Unk,Normal,No Injury,Unk
12PM-6PM,No Control,FALSE,Straight-Level,Weekday,FALSE,Daylight,Right Angle,FALSE,Clear,Unk,No Info.,Unk,65-74,Normal,Not Distracted,Female,One,2001-2010,No Violations,Unk,Inattentive/Distracted,No Injury,Unk
6PM-12AM,No Control,FALSE,Straight-Level,Weekend,FALSE,Dark - Street Light,Single Vehicle,FALSE,Clear,Unk,No Info.,Unk,35-44,Normal,Not Distracted,Male,Two,2001-2010,No Violations,Unk,Unk,Moderate,Female
12PM-6PM,No Control,FALSE,Straight-Level,Weekday,TRUE,Daylight,Unk,TRUE,Clear,Unk,No Info.,Unk,Unk,Unk,Unk,Unk,One,Unk ,Unk,Unk,Normal,No Injury,Unk
12PM-6PM,Partial Control,FALSE,Straight-Level,Weekday,FALSE,Daylight,Single Vehicle,FALSE,Clear,Unk,No Info.,Unk,65-74,Normal,Not Distracted,Female,One,2001-2010,No Violations,65-74,Normal,Moderate,Female